Workbook

Sheet Relleno fresa
C1: SERVICIOS DE PASTELERIA S.A. | H1: CÓDIGO:
C2: ESPECIFICACION DE RECETA | H2: REVISIÓN:
C3: Relleno fresa nucita | H3: FECHA DE APROBACIÓN:
C4: Elaborado | D4: Juan Pablo Brenes , chef
C5: Aprobado | D5: Esteban Cartin, Gte Manufactura
A6: AREA QUE PRODUCE: | D6: DECORACIÓN | G6: AREA QUE EMPACA: | I6: DECORACIÓN
A7: # Código | B7: # Codigo Netsuite | C7: Descripción del ingrediente | D7: Marca | E7: Unidad Internacional | G7: Medida alternativa | I7: Costo - Referencia
E8: Cantidad | F8: Unidad medida | G8: Cantidad | H8: Unidad medida | I8: Colones
A9: 11400031 | B9: MP10048 | C9: Crema Prestige Grand | D9: PRESTIGE | E9: 450 | F9: g
A10: NUEVO | B10: NUEVO | C10: CUBETA NUCITA FRESA | D10: NUCITA | E10: 500 | F10: g
A11: 10400009 | B11: MP10157 | C11: Colorante Gel Super Red | D11: ASEAL | E11: 1 | F11: g
D17: Cantidad | E17: Unidad
A18: PESO TOTAL OBTENIDO | D18: 950 | E18: g | F18: Tiempo de Horneo:
A19: TIEMPO TOTAL DE PREPARACION | D19: 3 | E19: min | F19: Horno:
A20: CANTIDAD DE PORCIONES OBTENIDAS | D20: 1 | E20: ud | F20: Temperatura de Horneo:
A21: PESO DE CADA PORCIÓN | D21: 950 | E21: g | F21: Otros
A22: MERMA | D22: =SUM(E9:E11)-D18 -> 1 | E22: g
A23: PROCEDIMIENTO DE PREPARACION DE LA RECETA
A24: 1.-montar la crema prestige a punto chantilly, luego agregar el relleno de nucita fresa y el colorante super red e incoporar bien.
A30: CONTROL DE CAMBIOS

Sheet Relleno de Fresa 2
C1: SERVICIOS DE PASTELERIA S.A. | H1: CÓDIGO:
C2: ESPECIFICACION DE RECETA | H2: REVISIÓN:
C3: Relleno fresa nucita | H3: FECHA DE APROBACIÓN:
C4: Elaborado | D4: Juan Pablo Brenes , chef
C5: Aprobado | D5: Esteban Cartin, Gte Manufactura
A6: AREA QUE PRODUCE: | D6: DECORACIÓN | G6: AREA QUE EMPACA: | I6: DECORACIÓN
A7: # Código | B7: # Codigo Netsuite | C7: Descripción del ingrediente | D7: Marca | E7: Unidad Internacional | G7: Medida alternativa | I7: Costo - Referencia
E8: Cantidad | F8: Unidad medida | G8: Cantidad | H8: Unidad medida | I8: Colones
A9: 11400031 | B9: MP10048 | C9: Crema Prestige Grand | D9: PRESTIGE | E9: 450 | F9: g
A10: NUEVO | B10: NUEVO | C10: NUCITA EMPAQUE | D10: NUCITA | E10: 240 | F10: g
A11: 10400009 | B11: MP10157 | C11: Colorante Gel Super Red | D11: ASEAL | E11: 2 | F11: g
D17: Cantidad | E17: Unidad
A18: PESO TOTAL OBTENIDO | D18: 690 | E18: g | F18: Tiempo de Horneo:
A19: TIEMPO TOTAL DE PREPARACION | D19: 3 | E19: min | F19: Horno:
A20: CANTIDAD DE PORCIONES OBTENIDAS | D20: 1 | E20: ud | F20: Temperatura de Horneo:
A21: PESO DE CADA PORCIÓN | D21: 690 | E21: g | F21: Otros
A22: MERMA | D22: 2 | E22: g
A23: PROCEDIMIENTO DE PREPARACION DE LA RECETA
A24: 1.-montar la crema prestige a punto chantilly, luego agregar el relleno de nucita fresa y el colorante super red e incoporar bien.
A30: CONTROL DE CAMBIOS

Sheet Relleno de fresa 3
C1: SERVICIOS DE PASTELERIA S.A. | H1: CÓDIGO:
C2: ESPECIFICACION DE RECETA | H2: REVISIÓN:
C3: Relleno fresa nucita | H3: FECHA DE APROBACIÓN:
C4: Elaborado | D4: Juan Pablo Brenes , chef
C5: Aprobado | D5: Esteban Cartin, Gte Manufactura
A6: AREA QUE PRODUCE: | D6: DECORACIÓN | G6: AREA QUE EMPACA: | I6: DECORACIÓN
A7: # Código | B7: # Codigo Netsuite | C7: Descripción del ingrediente | D7: Marca | E7: Unidad Internacional | G7: Medida alternativa | I7: Costo - Referencia
E8: Cantidad | F8: Unidad medida | G8: Cantidad | H8: Unidad medida | I8: Colones
A9: 11400031 | B9: MP10048 | C9: Crema Prestige Grand | D9: PRESTIGE | E9: 450 | F9: g
A10: NUEVO | B10: NUEVO | C10: NUCITA EMPAQUE | D10: NUCITA | E10: 360 | F10: g
A11: 10400009 | B11: MP10157 | C11: Colorante Gel Super Red | D11: ASEAL | E11: 2 | F11: g
D17: Cantidad | E17: Unidad
A18: PESO TOTAL OBTENIDO | D18: 790 | E18: g | F18: Tiempo de Horneo:
A19: TIEMPO TOTAL DE PREPARACION | D19: 2 | E19: min | F19: Horno:
A20: CANTIDAD DE PORCIONES OBTENIDAS | D20: 1 | E20: ud | F20: Temperatura de Horneo:
A21: PESO DE CADA PORCIÓN | D21: 790 | E21: g | F21: Otros
A22: MERMA | D22: 22 | E22: g
A23: PROCEDIMIENTO DE PREPARACION DE LA RECETA
A24: 1.-montar la crema prestige a punto chantilly, luego agregar el relleno de nucita fresa y el colorante super red e incoporar bien.
A30: CONTROL DE CAMBIOS

Sheet Costo relleno de Fresa
E1: Precio Local | F1: Costo MP | G1: Costo EM | H1: Costo MO
E2: =IFERROR(O62,"") -> 4249.96 | F2: =IFERROR(H53,"") -> 3892.96 | G2: =IFERROR(H54,"") -> 0 | H2: =IFERROR(H56,"") -> 183
A5: ESTRUCTURA DE COSTOS
F6: Fecha: | H6: =TODAY() -> 45761
A7: UNIDADES | B7: DESCRIPCION MAT.PRIMA | C7: UNIDADES | D7: UND MEDIDA | E7: COSTO UNITARIO | F7: TOTAL COSTO | G7: % PREC. DEFINIDO | H7: CODIGOS | M7: =2046/350 -> 5.8457143
A8: 450 | B8: =IFERROR(VLOOKUP(H8,'[1]Consolidado MP Planta'!$A$2:$M$823,3,0),"") -> CREMA PRESTIGE GRAND (UND:4 K) * | C8: =+A8 -> 450 | D8: =IFERROR(VLOOKUP(H8,'[1]Consolidado MP Planta'!$A$2:$M$823,13,0),"") -> Gramos | E8: 2.11 | F8: =IFERROR(C8*E8,"") -> 949.5 | G8: =IFERROR(F8/$F$66,"") -> 0.22858482 | H8: 11400031
A9: 500 | B9: NUCITA EMPAQUE | C9: =+A9 -> 500 | D9: Gramos | E9: 5.85 | F9: =IFERROR(C9*E9,"") -> 2925 | G9: =IFERROR(F9/$F$66,"") -> 0.70417124 | H9: Nuevo
A10: 1 | B10: =IFERROR(VLOOKUP(H10,'[1]Consolidado MP Planta'!$A$2:$M$823,3,0),"") -> COLORANTE GEL SUPER RED | C10: =+A10 -> 1 | D10: =IFERROR(VLOOKUP(H10,'[1]Consolidado MP Planta'!$A$2:$M$823,13,0),"") -> Mililitros | E10: 18.46 | F10: =IFERROR(C10*E10,"") -> 18.46 | G10: =IFERROR(F10/$F$66,"") -> 0.0044441029 | H10: 10400009
B11: =IFERROR(VLOOKUP(H11,'[1]Consolidado MP Planta'!$A$2:$M$823,3,0),"") | C11: =+A11 -> 0 | D11: =IFERROR(VLOOKUP(H11,'[1]Consolidado MP Planta'!$A$2:$M$823,13,0),"") | E11: =IFERROR(VLOOKUP(H11,'[1]Consolidado MP Planta'!$A$2:$M$823,12,0),"") | F11: =IFERROR(C11*E11,"") | G11: =IFERROR(F11/$F$66,"")
B12: =IFERROR(VLOOKUP(H12,'[1]Consolidado MP Planta'!$A$2:$M$823,3,0),"") | C12: =+A12 -> 0 | D12: =IFERROR(VLOOKUP(H12,'[1]Consolidado MP Planta'!$A$2:$M$823,13,0),"") | E12: =IFERROR(VLOOKUP(H12,'[1]Consolidado MP Planta'!$A$2:$M$823,12,0),"") | F12: =IFERROR(C12*E12,"") | G12: =IFERROR(F12/$F$66,"")
B13: =IFERROR(VLOOKUP(H13,'[1]Consolidado MP Planta'!$A$2:$M$823,3,0),"") | C13: =+A13 -> 0 | D13: =IFERROR(VLOOKUP(H13,'[1]Consolidado MP Planta'!$A$2:$M$823,13,0),"") | E13: =IFERROR(VLOOKUP(H13,'[1]Consolidado MP Planta'!$A$2:$M$823,12,0),"") | F13: =IFERROR(C13*E13,"") | G13: =IFERROR(F13/$F$66,"")
B14: =IFERROR(VLOOKUP(H14,'[1]Consolidado MP Planta'!$A$2:$M$823,3,0),"") | C14: =+A14 -> 0 | D14: =IFERROR(VLOOKUP(H14,'[1]Consolidado MP Planta'!$A$2:$M$823,13,0),"") | E14: =IFERROR(VLOOKUP(H14,'[1]Consolidado MP Planta'!$A$2:$M$823,12,0),"") | F14: =IFERROR(C14*E14,"") | G14: =IFERROR(F14/$F$66,"")
B15: =IFERROR(VLOOKUP(H15,'[2]ARTICULOS MP PLANTA'!$A$2:$G$589,2,0),"")
A16: UNIDADES | B16: MATERIA PRIMA SEMIELABORADOS | C16: UNIDADES | D16: UND MEDIDA | E16: COSTO UNITARIO | F16: TOTAL COSTO | G16: % PREC. DEFINIDO | H16: CODIGOS
B17: =IFERROR(VLOOKUP(H17,[1]SEMIELABORADOS!$A$2:$M$6000,2,0),"") | C17: =+A17 -> 0 | D17: =IFERROR(VLOOKUP(H17,[1]SEMIELABORADOS!$A$2:$M$6000,6,0),"") | E17: =IFERROR(VLOOKUP(H17,[1]SEMIELABORADOS!$A$2:$H$65536,8,0),"") | F17: =IFERROR(E17*C17,"") | G17: =IFERROR(F17/$F$66,"")
B18: =IFERROR(VLOOKUP(H18,[1]SEMIELABORADOS!$A$2:$M$6000,2,0),"") | C18: =+A18 -> 0 | D18: =IFERROR(VLOOKUP(H18,[1]SEMIELABORADOS!$A$2:$M$6000,6,0),"") | E18: =IFERROR(VLOOKUP(H18,[1]SEMIELABORADOS!$A$2:$H$65536,8,0),"") | F18: =IFERROR(E18*C18,"") | G18: =IFERROR(F18/$F$66,"")
B19: =IFERROR(VLOOKUP(H19,[1]SEMIELABORADOS!$A$2:$M$6000,2,0),"") | C19: =+A19 -> 0 | D19: =IFERROR(VLOOKUP(H19,[1]SEMIELABORADOS!$A$2:$M$6000,6,0),"") | E19: =IFERROR(VLOOKUP(H19,[1]SEMIELABORADOS!$A$2:$H$65536,8,0),"") | F19: =IFERROR(E19*C19,"") | G19: =IFERROR(F19/$F$66,"")
B20: =IFERROR(VLOOKUP(H20,[1]SEMIELABORADOS!$A$2:$M$6000,2,0),"") | C20: =+A20 -> 0 | D20: =IFERROR(VLOOKUP(H20,[1]SEMIELABORADOS!$A$2:$M$6000,6,0),"") | E20: =IFERROR(VLOOKUP(H20,[1]SEMIELABORADOS!$A$2:$H$65536,8,0),"") | F20: =IFERROR(E20*C20,"") | G20: =IFERROR(F20/$F$66,"")
B21: =IFERROR(VLOOKUP(H21,[1]SEMIELABORADOS!$A$2:$M$6000,2,0),"") | C21: =+A21 -> 0 | D21: =IFERROR(VLOOKUP(H21,[1]SEMIELABORADOS!$A$2:$M$6000,6,0),"") | E21: =IFERROR(VLOOKUP(H21,[1]SEMIELABORADOS!$A$2:$H$65536,8,0),"") | F21: =IFERROR(E21*C21,"") | G21: =IFERROR(F21/$F$66,"")
B22: =IFERROR(VLOOKUP(H22,[1]SEMIELABORADOS!$A$2:$M$6000,2,0),"") | C22: =+A22 -> 0 | D22: =IFERROR(VLOOKUP(H22,[1]SEMIELABORADOS!$A$2:$M$6000,6,0),"") | E22: =IFERROR(VLOOKUP(H22,[1]SEMIELABORADOS!$A$2:$H$65536,8,0),"") | F22: =IFERROR(E22*C22,"") | G22: =IFERROR(F22/$F$66,"")
B23: =IFERROR(VLOOKUP(H23,[1]SEMIELABORADOS!$A$2:$M$6000,2,0),"") | C23: =+A23 -> 0 | D23: =IFERROR(VLOOKUP(H23,[1]SEMIELABORADOS!$A$2:$M$6000,6,0),"") | E23: =IFERROR(VLOOKUP(H23,[1]SEMIELABORADOS!$A$2:$H$65536,8,0),"") | F23: =IFERROR(E23*C23,"") | G23: =IFERROR(F23/$F$66,"")
B24: =IFERROR(VLOOKUP(H24,[1]SEMIELABORADOS!$A$2:$M$6000,2,0),"") | C24: =+A24 -> 0 | D24: =IFERROR(VLOOKUP(H24,[1]SEMIELABORADOS!$A$2:$M$6000,6,0),"") | E24: =IFERROR(VLOOKUP(H24,[1]SEMIELABORADOS!$A$2:$H$65536,8,0),"") | F24: =IFERROR(E24*C24,"") | G24: =IFERROR(F24/$F$66,"")
A26: UNIDADES | B26: EMPAQUE | C26: UNIDADES | D26: UND MEDIDA | E26: COSTO UNITARIO | F26: TOTAL COSTO | G26: % PREC. DEFINIDO | H26: CODIGOS
A27: 0 | B27: =IFERROR(VLOOKUP(H27,'[1]Consolidado MP Planta'!$A$2:$M$823,3,0),"") | C27: =+A27 -> 0 | D27: =IFERROR(VLOOKUP(H27,'[1]Consolidado MP Planta'!$A$2:$M$823,13,0),"") | E27: =IFERROR(VLOOKUP(H27,'[1]Consolidado MP Planta'!$A$2:$M$823,12,0),"") | F27: =IFERROR(C27*E27,"") | G27: =IFERROR(F27/$F$66,"")
B28: =IFERROR(VLOOKUP(H28,'[1]Consolidado MP Planta'!$A$2:$M$823,3,0),"") | C28: =+A28 -> 0 | D28: =IFERROR(VLOOKUP(H28,'[1]Consolidado MP Planta'!$A$2:$M$823,13,0),"") | E28: =IFERROR(VLOOKUP(H28,'[1]Consolidado MP Planta'!$A$2:$M$823,12,0),"") | F28: =IFERROR(C28*E28,"") | G28: =IFERROR(F28/$F$66,"")
B29: =IFERROR(VLOOKUP(H29,'[1]Consolidado MP Planta'!$A$2:$M$823,3,0),"") | C29: =+A29 -> 0 | D29: =IFERROR(VLOOKUP(H29,'[1]Consolidado MP Planta'!$A$2:$M$823,13,0),"") | E29: =IFERROR(VLOOKUP(H29,'[1]Consolidado MP Planta'!$A$2:$M$823,12,0),"") | F29: =IFERROR(C29*E29,"") | G29: =IFERROR(F29/$F$66,"")
B30: =IFERROR(VLOOKUP(H30,'[1]Consolidado MP Planta'!$A$2:$M$823,3,0),"") | C30: =+A30 -> 0 | D30: =IFERROR(VLOOKUP(H30,'[1]Consolidado MP Planta'!$A$2:$M$823,13,0),"") | E30: =IFERROR(VLOOKUP(H30,'[1]Consolidado MP Planta'!$A$2:$M$823,12,0),"") | F30: =IFERROR(C30*E30,"") | G30: =IFERROR(F30/$F$66,"")
B31: =IFERROR(VLOOKUP(H31,'[1]Consolidado MP Planta'!$A$2:$M$823,3,0),"") | C31: =+A31 -> 0 | D31: =IFERROR(VLOOKUP(H31,'[1]Consolidado MP Planta'!$A$2:$M$823,13,0),"") | E31: =IFERROR(VLOOKUP(H31,'[1]Consolidado MP Planta'!$A$2:$M$823,12,0),"") | F31: =IFERROR(C31*E31,"") | G31: =IFERROR(F31/$F$66,"")
B32: =IFERROR(VLOOKUP(H32,'[1]Consolidado MP Planta'!$A$2:$M$823,3,0),"") | C32: =+A32 -> 0 | D32: =IFERROR(VLOOKUP(H32,'[1]Consolidado MP Planta'!$A$2:$M$823,13,0),"") | E32: =IFERROR(VLOOKUP(H32,'[1]Consolidado MP Planta'!$A$2:$M$823,12,0),"") | F32: =IFERROR(C32*E32,"") | G32: =IFERROR(F32/$F$66,"")
A34: UNIDADES | B34: EMPAQUE SEMIELABORADOS | C34: UNIDADES | D34: UND MEDIDA | E34: COSTO UNITARIO | F34: TOTAL COSTO | G34: % PREC. DEFINIDO | H34: CODIGOS
A35: =+A17 -> 0 | B35: =IFERROR(VLOOKUP(H35,[1]SEMIELABORADOS!$A$2:$M$6000,2,0),"") | C35: =+A35 -> 0 | D35: =IFERROR(VLOOKUP(H35,[1]SEMIELABORADOS!$A$2:$M$6000,6,0),"") | E35: =IFERROR(VLOOKUP(H35,[1]SEMIELABORADOS!$A$2:$M$65536,10,0),"") | F35: =IFERROR(E35*C35,"") | G35: =IFERROR(F35/$F$66,"")
A36: =+A18 -> 0 | B36: =IFERROR(VLOOKUP(H36,[1]SEMIELABORADOS!$A$2:$M$6000,2,0),"") | C36: =+A36 -> 0 | D36: =IFERROR(VLOOKUP(H36,[1]SEMIELABORADOS!$A$2:$M$6000,6,0),"") | E36: =IFERROR(VLOOKUP(H36,[1]SEMIELABORADOS!$A$2:$M$65536,10,0),"") | F36: =IFERROR(E36*C36,"") | G36: =IFERROR(F36/$F$66,"")
A37: =+A19 -> 0 | B37: =IFERROR(VLOOKUP(H37,[1]SEMIELABORADOS!$A$2:$M$6000,2,0),"") | C37: =+A37 -> 0 | D37: =IFERROR(VLOOKUP(H37,[1]SEMIELABORADOS!$A$2:$M$6000,6,0),"") | E37: =IFERROR(VLOOKUP(H37,[1]SEMIELABORADOS!$A$2:$M$65536,10,0),"") | F37: =IFERROR(E37*C37,"") | G37: =IFERROR(F37/$F$66,"")
A38: =+A20 -> 0 | B38: =IFERROR(VLOOKUP(H38,[1]SEMIELABORADOS!$A$2:$M$6000,2,0),"") | C38: =+A38 -> 0 | D38: =IFERROR(VLOOKUP(H38,[1]SEMIELABORADOS!$A$2:$M$6000,6,0),"") | E38: =IFERROR(VLOOKUP(H38,[1]SEMIELABORADOS!$A$2:$M$65536,10,0),"") | F38: =IFERROR(E38*C38,"") | G38: =IFERROR(F38/$F$66,"")
A39: =+A21 -> 0 | B39: =IFERROR(VLOOKUP(H39,[1]SEMIELABORADOS!$A$2:$M$6000,2,0),"") | C39: =+A39 -> 0 | D39: =IFERROR(VLOOKUP(H39,[1]SEMIELABORADOS!$A$2:$M$6000,6,0),"") | E39: =IFERROR(VLOOKUP(H39,[1]SEMIELABORADOS!$A$2:$M$65536,10,0),"") | F39: =IFERROR(E39*C39,"") | G39: =IFERROR(F39/$F$66,"")
A40: =+A22 -> 0 | B40: =IFERROR(VLOOKUP(H40,[1]SEMIELABORADOS!$A$2:$M$6000,2,0),"") | C40: =+A40 -> 0 | D40: =IFERROR(VLOOKUP(H40,[1]SEMIELABORADOS!$A$2:$M$6000,6,0),"") | E40: =IFERROR(VLOOKUP(H40,[1]SEMIELABORADOS!$A$2:$M$65536,10,0),"") | F40: =IFERROR(E40*C40,"") | G40: =IFERROR(F40/$F$66,"")
A41: =+A23 -> 0 | B41: =IFERROR(VLOOKUP(H41,[1]SEMIELABORADOS!$A$2:$M$6000,2,0),"") | C41: =+A41 -> 0 | D41: =IFERROR(VLOOKUP(H41,[1]SEMIELABORADOS!$A$2:$M$6000,6,0),"") | E41: =IFERROR(VLOOKUP(H41,[1]SEMIELABORADOS!$A$2:$M$65536,10,0),"") | F41: =IFERROR(E41*C41,"") | G41: =IFERROR(F41/$F$66,"")
A43: UNIDADES | B43: MODI | C43: UNIDADES | D43: UND MEDIDA | E43: COSTO UNITARIO | F43: TOTAL COSTO | G43: % PREC. DEFINIDO | H43: CODIGOS
A44: =+A35 -> 0 | B44: =IFERROR(VLOOKUP(H44,[1]SEMIELABORADOS!$A$2:$M$6000,2,0),"") | C44: =+A44 -> 0 | D44: =IFERROR(VLOOKUP(H44,[1]SEMIELABORADOS!$A$2:$M$6000,6,0),"") | E44: =IFERROR(VLOOKUP(H44,[1]SEMIELABORADOS!$A$2:$M$65536,12,0),"") | F44: =IFERROR(E44*C44,"") | G44: =IFERROR(F44/$F$66,"")
A45: =+A36 -> 0 | B45: =IFERROR(VLOOKUP(H45,[1]SEMIELABORADOS!$A$2:$M$6000,2,0),"") | C45: =+A45 -> 0 | D45: =IFERROR(VLOOKUP(H45,[1]SEMIELABORADOS!$A$2:$M$6000,6,0),"") | E45: =IFERROR(VLOOKUP(H45,[1]SEMIELABORADOS!$A$2:$M$65536,12,0),"") | F45: =IFERROR(E45*C45,"") | G45: =IFERROR(F45/$F$66,"")
A46: =+A37 -> 0 | B46: =IFERROR(VLOOKUP(H46,[1]SEMIELABORADOS!$A$2:$M$6000,2,0),"") | C46: =+A46 -> 0 | D46: =IFERROR(VLOOKUP(H46,[1]SEMIELABORADOS!$A$2:$M$6000,6,0),"") | E46: =IFERROR(VLOOKUP(H46,[1]SEMIELABORADOS!$A$2:$M$65536,12,0),"") | F46: =IFERROR(E46*C46,"") | G46: =IFERROR(F46/$F$66,"")
A47: =+A38 -> 0 | B47: =IFERROR(VLOOKUP(H47,[1]SEMIELABORADOS!$A$2:$M$6000,2,0),"") | C47: =+A47 -> 0 | D47: =IFERROR(VLOOKUP(H47,[1]SEMIELABORADOS!$A$2:$M$6000,6,0),"") | E47: =IFERROR(VLOOKUP(H47,[1]SEMIELABORADOS!$A$2:$M$65536,12,0),"") | F47: =IFERROR(E47*C47,"") | G47: =IFERROR(F47/$F$66,"")
A48: =+A39 -> 0 | B48: =IFERROR(VLOOKUP(H48,[1]SEMIELABORADOS!$A$2:$M$6000,2,0),"") | C48: =+A48 -> 0 | D48: =IFERROR(VLOOKUP(H48,[1]SEMIELABORADOS!$A$2:$M$6000,6,0),"") | E48: =IFERROR(VLOOKUP(H48,[1]SEMIELABORADOS!$A$2:$M$65536,12,0),"") | F48: =IFERROR(E48*C48,"") | G48: =IFERROR(F48/$F$66,"")
A49: =+A40 -> 0 | B49: =IFERROR(VLOOKUP(H49,[1]SEMIELABORADOS!$A$2:$M$6000,2,0),"") | C49: =+A49 -> 0 | D49: =IFERROR(VLOOKUP(H49,[1]SEMIELABORADOS!$A$2:$M$6000,6,0),"") | E49: =IFERROR(VLOOKUP(H49,[1]SEMIELABORADOS!$A$2:$M$65536,12,0),"") | F49: =IFERROR(E49*C49,"") | G49: =IFERROR(F49/$F$66,"")
A50: =+A41 -> 0 | B50: =IFERROR(VLOOKUP(H50,[1]SEMIELABORADOS!$A$2:$M$6000,2,0),"") | C50: =+A50 -> 0 | D50: =IFERROR(VLOOKUP(H50,[1]SEMIELABORADOS!$A$2:$M$6000,6,0),"") | E50: =IFERROR(VLOOKUP(H50,[1]SEMIELABORADOS!$A$2:$M$65536,12,0),"") | F50: =IFERROR(E50*C50,"") | G50: =IFERROR(F50/$F$66,"")
A51: 1 | B51: MODI PREPARACION | C51: =+A51 -> 1 | D51: N/A | E51: =+F65 -> 183 | F51: =IFERROR(C51*E51,"") -> 183 | G51: =IFERROR(F51/$F$66,"") -> 0.044055841
B53: TOTAL MATERIA PRIMA | F53: =SUM(F8:F14,F17:F24) -> 3892.96 | G53: =+F53/$F$66 -> 0.93720016 | H53: =+F53/$D$60 -> 3892.96
B54: TOTAL EMPAQUE | F54: =SUM(F27:F32,F35:F41) -> 0 | G54: =+F54/$F$66 -> 0 | H54: =+F54/$D$60 -> 0 | K54: TOTAL MATERIA PRIMA + EMPAQUE | O54: =+F55 -> 3892.96
B55: TOTAL MATERIAS P. + EMPAQUES | F55: =+F53+F54 -> 3892.96 | G55: =+F55/$F$66 -> 0.93720016 | H55: =+F55/$D$60 -> 3892.96 | M55: MODI PLANTA | O55: =+H56 -> 183
C56: TOTAL MODI | F56: =SUM(F44:F51) -> 183 | G56: =+F56/$F$66 -> 0.044055841 | H56: =+F56/$D$60 -> 183 | M56: DESECHO | O56: =O54*N56 -> 0
M57: COSTO PLANTA | O57: =SUM(O54:O56) -> 4075.96
B58: GRAMOS | D58: 930 | H58: =+H56/61 -> 3 | M58: % GIF | O58: =+H59 -> 174
B59: PESO POR UNIDAD | D59: 930 | H59: =+H58*58 -> 174 | M59: COSTO PLANTA | O59: =SUM(O57:O58) -> 4249.96
B60: UNIDADES TOTALES | D60: =+D58/D59 -> 1 | O60: =+O59*N60 -> 0
B61: UNIDAD MEDIDA | K61: PRECIO DE VENTA PLANTA A LOCAL | O61: =SUM(O59:O60) -> 4249.96 | P61: GR
E62: S/ COSTO | F62: TOTAL | L62: UNIDAD | O62: =+O61/D60 -> 4249.96 | P62: =+O62/D59 -> 4.5698495
B63: TOTAL MATERIAS P. + EMPAQUES | E63: =+F63/F63 -> 1 | F63: =SUM(F55) -> 3892.96 | G63: =+F63/$F$66 -> 0.93720016
B64: DESECHOS Y PERDIDAS | E64: 0.02 | F64: =+F53*E64 -> 77.8592 | G64: =+F64/$F$66 -> 0.018744003
B65: MANO OBRA DIRECTA | D65: 3 | E65: 61 | F65: =+E65*D65 -> 183 | G65: =+F65/$F$66 -> 0.044055841
B66: TOTAL COSTO PLANTA | F66: =SUM(F63:F65) -> 4153.8192 | G66: =+F66/$F$66 -> 1 | M66: MODI 61 COLONES X MIN
M67: Gf 58 colones min
B68: COSTO POR GRAMO | M68: ,
B69: TOTAL COSTO MATERIA PRIMA | C69: =+F53 -> 3892.96 | D69: =+D58 -> 930 | E69: =+C69/D69 -> 4.1859785
B71: TOTAL COSTO UNIDAD MP+DESECHO+EMPAQUE | C71: =SUM(F63:F64) -> 3970.8192 | D71: =+D58 -> 930 | E71: =+C71/D71 -> 4.2696981
B73: TOTAL MODI PREPARACION POR GRAMO | C73: =+F65 -> 183 | D73: =+D58 -> 930 | E73: =+C73/D73 -> 0.19677419
B74: TOTAL MODI POR GRAMO | C74: =+F56 -> 183 | D74: =+D73 -> 930 | E74: =+C74/D74 -> 0.19677419
B76: TOTAL EMPAQUE POR GRAMO | C76: =+F54 -> 0 | D76: =+D74 -> 930 | E76: =+C76/D76 -> 0
B78: TOTAL GRAMO MP+MODI | E78: =+E69+E74 -> 4.3827527
B80: COSTO POR UNIDAD
B81: TOTAL COSTO MATERIA PRIMA | C81: =+C69 -> 3892.96 | D81: =+D60 -> 1 | E81: =+C81/D81 -> 3892.96
B83: TOTAL COSTO UNIDAD MP+DESECHO+EMPAQUE | C83: =+C71 -> 3970.8192 | D83: =+D60 -> 1 | E83: =+C83/D83 -> 3970.8192
B85: TOTAL MODI POR GRAMO | C85: =+C73 -> 183 | D85: =+D60 -> 1 | E85: =+C85/D85 -> 183
B86: TOTAL MODI POR GRAMO | C86: =+C74 -> 183 | D86: =+D85 -> 1 | E86: =+C86/D86 -> 183

Sheet Relleno chocolate
C1: SERVICIOS DE PASTELERIA S.A. | H1: CÓDIGO:
C2: ESPECIFICACION DE RECETA | H2: REVISIÓN:
C3: Relleno nucita chocolate | H3: FECHA DE APROBACIÓN:
C4: Elaborado | D4: Juan Pablo Brenes , chef
C5: Aprobado | D5: Esteban Cartin, Gte Manufactura
A6: AREA QUE PRODUCE: | D6: DECORACIÓN | G6: AREA QUE EMPACA: | I6: DECORACIÓN
A7: # Código | B7: # Codigo Netsuite | C7: Descripción del ingrediente | D7: Marca | E7: Unidad Internacional | G7: Medida alternativa | I7: Costo - Referencia
E8: Cantidad | F8: Unidad medida | G8: Cantidad | H8: Unidad medida | I8: Colones
A9: 11400031 | B9: MP10048 | C9: Crema Prestige Grand | D9: PRESTIGE | E9: 400 | F9: g
A10: NUEVO | B10: NUEVO | C10: CUBETA NUCITA CHOCOLATE | D10: NUCITA | E10: 1000 | F10: g
D14: Cantidad | E14: Unidad
A15: PESO TOTAL OBTENIDO | D15: 1350 | E15: g | F15: Tiempo de Horneo:
A16: TIEMPO TOTAL DE PREPARACION | D16: 3 | E16: min | F16: Horno:
A17: CANTIDAD DE PORCIONES OBTENIDAS | D17: 1 | E17: ud | F17: Temperatura de Horneo:
A18: PESO DE CADA PORCIÓN | D18: 1350 | E18: g | F18: Otros
A19: MERMA | D19: =SUM(E9:E10)-D15 -> 50 | E19: g
A20: PROCEDIMIENTO DE PREPARACION DE LA RECETA
A21: 1.- Montar la crema prestige hasta punto chantilly y luego agregar el relleno nucita chocolate e incoporar bien.
A27: CONTROL DE CAMBIOS

Sheet Relleno de chocolate 2
C1: SERVICIOS DE PASTELERIA S.A. | H1: CÓDIGO:
C2: ESPECIFICACION DE RECETA | H2: REVISIÓN:
C3: Relleno nucita chocolate | H3: FECHA DE APROBACIÓN:
C4: Elaborado | D4: Juan Pablo Brenes , chef
C5: Aprobado | D5: Esteban Cartin, Gte Manufactura
A6: AREA QUE PRODUCE: | D6: DECORACIÓN | G6: AREA QUE EMPACA: | I6: DECORACIÓN
A7: # Código | B7: # Codigo Netsuite | C7: Descripción del ingrediente | D7: Marca | E7: Unidad Internacional | G7: Medida alternativa | I7: Costo - Referencia
E8: Cantidad | F8: Unidad medida | G8: Cantidad | H8: Unidad medida | I8: Colones
A9: 11400031 | B9: MP10048 | C9: Crema Prestige Grand | D9: PRESTIGE | E9: 500 | F9: g
A10: NUEVO | B10: NUEVO | C10: NUCITA EMPAQUE | D10: NUCITA | E10: 400 | F10: g
A11: 0512255 | B11: MP10146 | C11: Cocoa Dutch Process | E11: 60 | F11: g
D14: Cantidad | E14: Unidad
A15: PESO TOTAL OBTENIDO | D15: 960 | E15: g | F15: Tiempo de Horneo:
A16: TIEMPO TOTAL DE PREPARACION | D16: 3 | E16: min | F16: Horno:
A17: CANTIDAD DE PORCIONES OBTENIDAS | D17: 1 | E17: ud | F17: Temperatura de Horneo:
A18: PESO DE CADA PORCIÓN | D18: 960 | E18: g | F18: Otros
A19: MERMA | D19: 0 | E19: g
A20: PROCEDIMIENTO DE PREPARACION DE LA RECETA
A21: 1.- Montar la crema prestige hasta punto chantilly y luego agregar el relleno nucita chocolat, cocoa e e incoporar bien.
A27: CONTROL DE CAMBIOS

Sheet Relleno de Chocolate 3
C1: SERVICIOS DE PASTELERIA S.A. | H1: CÓDIGO:
C2: ESPECIFICACION DE RECETA | H2: REVISIÓN:
C3: Relleno nucita chocolate | H3: FECHA DE APROBACIÓN:
C4: Elaborado | D4: Juan Pablo Brenes , chef
C5: Aprobado | D5: Esteban Cartin, Gte Manufactura
A6: AREA QUE PRODUCE: | D6: DECORACIÓN | G6: AREA QUE EMPACA: | I6: DECORACIÓN
A7: # Código | B7: # Codigo Netsuite | C7: Descripción del ingrediente | D7: Marca | E7: Unidad Internacional | G7: Medida alternativa | I7: Costo - Referencia
E8: Cantidad | F8: Unidad medida | G8: Cantidad | H8: Unidad medida | I8: Colones
A9: 11400031 | B9: MP10048 | C9: Crema Prestige Grand | D9: PRESTIGE | E9: 500 | F9: g
A10: NUEVO | B10: NUEVO | C10: NUCITA EMPAQUE | D10: NUCITA | E10: 600 | F10: g
A11: 0512255 | B11: MP10146 | C11: Cocoa Dutch Process | E11: 80 | F11: g
D14: Cantidad | E14: Unidad
A15: PESO TOTAL OBTENIDO | D15: 1120 | E15: g | F15: Tiempo de Horneo:
A16: TIEMPO TOTAL DE PREPARACION | D16: 2 | E16: min | F16: Horno:
A17: CANTIDAD DE PORCIONES OBTENIDAS | D17: 1 | E17: ud | F17: Temperatura de Horneo:
A18: PESO DE CADA PORCIÓN | D18: 1120 | E18: g | F18: Otros
A19: MERMA | D19: 60 | E19: g
A20: PROCEDIMIENTO DE PREPARACION DE LA RECETA
A21: 1.- Montar la crema prestige hasta punto chantilly y luego agregar el relleno nucita chocolat, cocoa e e incoporar bien.
A27: CONTROL DE CAMBIOS

Sheet Costo Relleno Chocolate 
E1: Precio Local | F1: Costo MP | G1: Costo EM | H1: Costo MO
E2: =IFERROR(O62,"") -> 7051 | F2: =IFERROR(H53,"") -> 6694 | G2: =IFERROR(H54,"") -> 0 | H2: =IFERROR(H56,"") -> 183
A5: ESTRUCTURA DE COSTOS
F6: Fecha: | H6: =TODAY() -> 45761
A7: UNIDADES | B7: DESCRIPCION MAT.PRIMA | C7: UNIDADES | D7: UND MEDIDA | E7: COSTO UNITARIO | F7: TOTAL COSTO | G7: % PREC. DEFINIDO | H7: CODIGOS
A8: 400 | B8: =IFERROR(VLOOKUP(H8,'[1]Consolidado MP Planta'!$A$2:$M$823,3,0),"") -> CREMA PRESTIGE GRAND (UND:4 K) * | C8: =+A8 -> 400 | D8: =IFERROR(VLOOKUP(H8,'[1]Consolidado MP Planta'!$A$2:$M$823,13,0),"") -> Gramos | E8: 2.11 | F8: =IFERROR(C8*E8,"") -> 844 | G8: =IFERROR(F8/$F$66,"") -> 0.12038432 | H8: 11400031
A9: 1000 | B9: NUCITA EMPAQUE | C9: =+A9 -> 1000 | D9: Gramos | E9: 5.85 | F9: =IFERROR(C9*E9,"") -> 5850 | G9: =IFERROR(F9/$F$66,"") -> 0.83441736
A10: 0 | B10: =IFERROR(VLOOKUP(H10,'[1]Consolidado MP Planta'!$A$2:$M$823,3,0),"") -> COCOA DUTCH PROCESS (SACO:25 KG) | C10: =+A10 -> 0 | D10: =IFERROR(VLOOKUP(H10,'[1]Consolidado MP Planta'!$A$2:$M$823,13,0),"") -> Gramos | E10: 3.82 | F10: =IFERROR(C10*E10,"") -> 0 | G10: =IFERROR(F10/$F$66,"") -> 0 | H10: 0512255
B11: =IFERROR(VLOOKUP(H11,'[1]Consolidado MP Planta'!$A$2:$M$823,3,0),"") | C11: =+A11 -> 0 | D11: =IFERROR(VLOOKUP(H11,'[1]Consolidado MP Planta'!$A$2:$M$823,13,0),"") | E11: =IFERROR(VLOOKUP(H11,'[1]Consolidado MP Planta'!$A$2:$M$823,12,0),"") | F11: =IFERROR(C11*E11,"") | G11: =IFERROR(F11/$F$66,"")
B12: =IFERROR(VLOOKUP(H12,'[1]Consolidado MP Planta'!$A$2:$M$823,3,0),"") | C12: =+A12 -> 0 | D12: =IFERROR(VLOOKUP(H12,'[1]Consolidado MP Planta'!$A$2:$M$823,13,0),"") | E12: =IFERROR(VLOOKUP(H12,'[1]Consolidado MP Planta'!$A$2:$M$823,12,0),"") | F12: =IFERROR(C12*E12,"") | G12: =IFERROR(F12/$F$66,"")
B13: =IFERROR(VLOOKUP(H13,'[1]Consolidado MP Planta'!$A$2:$M$823,3,0),"") | C13: =+A13 -> 0 | D13: =IFERROR(VLOOKUP(H13,'[1]Consolidado MP Planta'!$A$2:$M$823,13,0),"") | E13: =IFERROR(VLOOKUP(H13,'[1]Consolidado MP Planta'!$A$2:$M$823,12,0),"") | F13: =IFERROR(C13*E13,"") | G13: =IFERROR(F13/$F$66,"")
B14: =IFERROR(VLOOKUP(H14,'[1]Consolidado MP Planta'!$A$2:$M$823,3,0),"") | C14: =+A14 -> 0 | D14: =IFERROR(VLOOKUP(H14,'[1]Consolidado MP Planta'!$A$2:$M$823,13,0),"") | E14: =IFERROR(VLOOKUP(H14,'[1]Consolidado MP Planta'!$A$2:$M$823,12,0),"") | F14: =IFERROR(C14*E14,"") | G14: =IFERROR(F14/$F$66,"")
B15: =IFERROR(VLOOKUP(H15,'[2]ARTICULOS MP PLANTA'!$A$2:$G$589,2,0),"")
A16: UNIDADES | B16: MATERIA PRIMA SEMIELABORADOS | C16: UNIDADES | D16: UND MEDIDA | E16: COSTO UNITARIO | F16: TOTAL COSTO | G16: % PREC. DEFINIDO | H16: CODIGOS
B17: =IFERROR(VLOOKUP(H17,[1]SEMIELABORADOS!$A$2:$M$6000,2,0),"") | C17: =+A17 -> 0 | D17: =IFERROR(VLOOKUP(H17,[1]SEMIELABORADOS!$A$2:$M$6000,6,0),"") | E17: =IFERROR(VLOOKUP(H17,[1]SEMIELABORADOS!$A$2:$H$65536,8,0),"") | F17: =IFERROR(E17*C17,"") | G17: =IFERROR(F17/$F$66,"")
B18: =IFERROR(VLOOKUP(H18,[1]SEMIELABORADOS!$A$2:$M$6000,2,0),"") | C18: =+A18 -> 0 | D18: =IFERROR(VLOOKUP(H18,[1]SEMIELABORADOS!$A$2:$M$6000,6,0),"") | E18: =IFERROR(VLOOKUP(H18,[1]SEMIELABORADOS!$A$2:$H$65536,8,0),"") | F18: =IFERROR(E18*C18,"") | G18: =IFERROR(F18/$F$66,"")
B19: =IFERROR(VLOOKUP(H19,[1]SEMIELABORADOS!$A$2:$M$6000,2,0),"") | C19: =+A19 -> 0 | D19: =IFERROR(VLOOKUP(H19,[1]SEMIELABORADOS!$A$2:$M$6000,6,0),"") | E19: =IFERROR(VLOOKUP(H19,[1]SEMIELABORADOS!$A$2:$H$65536,8,0),"") | F19: =IFERROR(E19*C19,"") | G19: =IFERROR(F19/$F$66,"")
B20: =IFERROR(VLOOKUP(H20,[1]SEMIELABORADOS!$A$2:$M$6000,2,0),"") | C20: =+A20 -> 0 | D20: =IFERROR(VLOOKUP(H20,[1]SEMIELABORADOS!$A$2:$M$6000,6,0),"") | E20: =IFERROR(VLOOKUP(H20,[1]SEMIELABORADOS!$A$2:$H$65536,8,0),"") | F20: =IFERROR(E20*C20,"") | G20: =IFERROR(F20/$F$66,"")
B21: =IFERROR(VLOOKUP(H21,[1]SEMIELABORADOS!$A$2:$M$6000,2,0),"") | C21: =+A21 -> 0 | D21: =IFERROR(VLOOKUP(H21,[1]SEMIELABORADOS!$A$2:$M$6000,6,0),"") | E21: =IFERROR(VLOOKUP(H21,[1]SEMIELABORADOS!$A$2:$H$65536,8,0),"") | F21: =IFERROR(E21*C21,"") | G21: =IFERROR(F21/$F$66,"")
B22: =IFERROR(VLOOKUP(H22,[1]SEMIELABORADOS!$A$2:$M$6000,2,0),"") | C22: =+A22 -> 0 | D22: =IFERROR(VLOOKUP(H22,[1]SEMIELABORADOS!$A$2:$M$6000,6,0),"") | E22: =IFERROR(VLOOKUP(H22,[1]SEMIELABORADOS!$A$2:$H$65536,8,0),"") | F22: =IFERROR(E22*C22,"") | G22: =IFERROR(F22/$F$66,"")
B23: =IFERROR(VLOOKUP(H23,[1]SEMIELABORADOS!$A$2:$M$6000,2,0),"") | C23: =+A23 -> 0 | D23: =IFERROR(VLOOKUP(H23,[1]SEMIELABORADOS!$A$2:$M$6000,6,0),"") | E23: =IFERROR(VLOOKUP(H23,[1]SEMIELABORADOS!$A$2:$H$65536,8,0),"") | F23: =IFERROR(E23*C23,"") | G23: =IFERROR(F23/$F$66,"")
B24: =IFERROR(VLOOKUP(H24,[1]SEMIELABORADOS!$A$2:$M$6000,2,0),"") | C24: =+A24 -> 0 | D24: =IFERROR(VLOOKUP(H24,[1]SEMIELABORADOS!$A$2:$M$6000,6,0),"") | E24: =IFERROR(VLOOKUP(H24,[1]SEMIELABORADOS!$A$2:$H$65536,8,0),"") | F24: =IFERROR(E24*C24,"") | G24: =IFERROR(F24/$F$66,"")
A26: UNIDADES | B26: EMPAQUE | C26: UNIDADES | D26: UND MEDIDA | E26: COSTO UNITARIO | F26: TOTAL COSTO | G26: % PREC. DEFINIDO | H26: CODIGOS
A27: 0 | B27: =IFERROR(VLOOKUP(H27,'[1]Consolidado MP Planta'!$A$2:$M$823,3,0),"") | C27: =+A27 -> 0 | D27: =IFERROR(VLOOKUP(H27,'[1]Consolidado MP Planta'!$A$2:$M$823,13,0),"") | E27: =IFERROR(VLOOKUP(H27,'[1]Consolidado MP Planta'!$A$2:$M$823,12,0),"") | F27: =IFERROR(C27*E27,"") | G27: =IFERROR(F27/$F$66,"")
B28: =IFERROR(VLOOKUP(H28,'[1]Consolidado MP Planta'!$A$2:$M$823,3,0),"") | C28: =+A28 -> 0 | D28: =IFERROR(VLOOKUP(H28,'[1]Consolidado MP Planta'!$A$2:$M$823,13,0),"") | E28: =IFERROR(VLOOKUP(H28,'[1]Consolidado MP Planta'!$A$2:$M$823,12,0),"") | F28: =IFERROR(C28*E28,"") | G28: =IFERROR(F28/$F$66,"")
B29: =IFERROR(VLOOKUP(H29,'[1]Consolidado MP Planta'!$A$2:$M$823,3,0),"") | C29: =+A29 -> 0 | D29: =IFERROR(VLOOKUP(H29,'[1]Consolidado MP Planta'!$A$2:$M$823,13,0),"") | E29: =IFERROR(VLOOKUP(H29,'[1]Consolidado MP Planta'!$A$2:$M$823,12,0),"") | F29: =IFERROR(C29*E29,"") | G29: =IFERROR(F29/$F$66,"")
B30: =IFERROR(VLOOKUP(H30,'[1]Consolidado MP Planta'!$A$2:$M$823,3,0),"") | C30: =+A30 -> 0 | D30: =IFERROR(VLOOKUP(H30,'[1]Consolidado MP Planta'!$A$2:$M$823,13,0),"") | E30: =IFERROR(VLOOKUP(H30,'[1]Consolidado MP Planta'!$A$2:$M$823,12,0),"") | F30: =IFERROR(C30*E30,"") | G30: =IFERROR(F30/$F$66,"")
B31: =IFERROR(VLOOKUP(H31,'[1]Consolidado MP Planta'!$A$2:$M$823,3,0),"") | C31: =+A31 -> 0 | D31: =IFERROR(VLOOKUP(H31,'[1]Consolidado MP Planta'!$A$2:$M$823,13,0),"") | E31: =IFERROR(VLOOKUP(H31,'[1]Consolidado MP Planta'!$A$2:$M$823,12,0),"") | F31: =IFERROR(C31*E31,"") | G31: =IFERROR(F31/$F$66,"")
B32: =IFERROR(VLOOKUP(H32,'[1]Consolidado MP Planta'!$A$2:$M$823,3,0),"") | C32: =+A32 -> 0 | D32: =IFERROR(VLOOKUP(H32,'[1]Consolidado MP Planta'!$A$2:$M$823,13,0),"") | E32: =IFERROR(VLOOKUP(H32,'[1]Consolidado MP Planta'!$A$2:$M$823,12,0),"") | F32: =IFERROR(C32*E32,"") | G32: =IFERROR(F32/$F$66,"")
A34: UNIDADES | B34: EMPAQUE SEMIELABORADOS | C34: UNIDADES | D34: UND MEDIDA | E34: COSTO UNITARIO | F34: TOTAL COSTO | G34: % PREC. DEFINIDO | H34: CODIGOS
A35: =+A17 -> 0 | B35: =IFERROR(VLOOKUP(H35,[1]SEMIELABORADOS!$A$2:$M$6000,2,0),"") | C35: =+A35 -> 0 | D35: =IFERROR(VLOOKUP(H35,[1]SEMIELABORADOS!$A$2:$M$6000,6,0),"") | E35: =IFERROR(VLOOKUP(H35,[1]SEMIELABORADOS!$A$2:$M$65536,10,0),"") | F35: =IFERROR(E35*C35,"") | G35: =IFERROR(F35/$F$66,"")
A36: =+A18 -> 0 | B36: =IFERROR(VLOOKUP(H36,[1]SEMIELABORADOS!$A$2:$M$6000,2,0),"") | C36: =+A36 -> 0 | D36: =IFERROR(VLOOKUP(H36,[1]SEMIELABORADOS!$A$2:$M$6000,6,0),"") | E36: =IFERROR(VLOOKUP(H36,[1]SEMIELABORADOS!$A$2:$M$65536,10,0),"") | F36: =IFERROR(E36*C36,"") | G36: =IFERROR(F36/$F$66,"")
A37: =+A19 -> 0 | B37: =IFERROR(VLOOKUP(H37,[1]SEMIELABORADOS!$A$2:$M$6000,2,0),"") | C37: =+A37 -> 0 | D37: =IFERROR(VLOOKUP(H37,[1]SEMIELABORADOS!$A$2:$M$6000,6,0),"") | E37: =IFERROR(VLOOKUP(H37,[1]SEMIELABORADOS!$A$2:$M$65536,10,0),"") | F37: =IFERROR(E37*C37,"") | G37: =IFERROR(F37/$F$66,"")
A38: =+A20 -> 0 | B38: =IFERROR(VLOOKUP(H38,[1]SEMIELABORADOS!$A$2:$M$6000,2,0),"") | C38: =+A38 -> 0 | D38: =IFERROR(VLOOKUP(H38,[1]SEMIELABORADOS!$A$2:$M$6000,6,0),"") | E38: =IFERROR(VLOOKUP(H38,[1]SEMIELABORADOS!$A$2:$M$65536,10,0),"") | F38: =IFERROR(E38*C38,"") | G38: =IFERROR(F38/$F$66,"")
A39: =+A21 -> 0 | B39: =IFERROR(VLOOKUP(H39,[1]SEMIELABORADOS!$A$2:$M$6000,2,0),"") | C39: =+A39 -> 0 | D39: =IFERROR(VLOOKUP(H39,[1]SEMIELABORADOS!$A$2:$M$6000,6,0),"") | E39: =IFERROR(VLOOKUP(H39,[1]SEMIELABORADOS!$A$2:$M$65536,10,0),"") | F39: =IFERROR(E39*C39,"") | G39: =IFERROR(F39/$F$66,"")
A40: =+A22 -> 0 | B40: =IFERROR(VLOOKUP(H40,[1]SEMIELABORADOS!$A$2:$M$6000,2,0),"") | C40: =+A40 -> 0 | D40: =IFERROR(VLOOKUP(H40,[1]SEMIELABORADOS!$A$2:$M$6000,6,0),"") | E40: =IFERROR(VLOOKUP(H40,[1]SEMIELABORADOS!$A$2:$M$65536,10,0),"") | F40: =IFERROR(E40*C40,"") | G40: =IFERROR(F40/$F$66,"")
A41: =+A23 -> 0 | B41: =IFERROR(VLOOKUP(H41,[1]SEMIELABORADOS!$A$2:$M$6000,2,0),"") | C41: =+A41 -> 0 | D41: =IFERROR(VLOOKUP(H41,[1]SEMIELABORADOS!$A$2:$M$6000,6,0),"") | E41: =IFERROR(VLOOKUP(H41,[1]SEMIELABORADOS!$A$2:$M$65536,10,0),"") | F41: =IFERROR(E41*C41,"") | G41: =IFERROR(F41/$F$66,"")
A43: UNIDADES | B43: MODI | C43: UNIDADES | D43: UND MEDIDA | E43: COSTO UNITARIO | F43: TOTAL COSTO | G43: % PREC. DEFINIDO | H43: CODIGOS
A44: =+A35 -> 0 | B44: =IFERROR(VLOOKUP(H44,[1]SEMIELABORADOS!$A$2:$M$6000,2,0),"") | C44: =+A44 -> 0 | D44: =IFERROR(VLOOKUP(H44,[1]SEMIELABORADOS!$A$2:$M$6000,6,0),"") | E44: =IFERROR(VLOOKUP(H44,[1]SEMIELABORADOS!$A$2:$M$65536,12,0),"") | F44: =IFERROR(E44*C44,"") | G44: =IFERROR(F44/$F$66,"")
A45: =+A36 -> 0 | B45: =IFERROR(VLOOKUP(H45,[1]SEMIELABORADOS!$A$2:$M$6000,2,0),"") | C45: =+A45 -> 0 | D45: =IFERROR(VLOOKUP(H45,[1]SEMIELABORADOS!$A$2:$M$6000,6,0),"") | E45: =IFERROR(VLOOKUP(H45,[1]SEMIELABORADOS!$A$2:$M$65536,12,0),"") | F45: =IFERROR(E45*C45,"") | G45: =IFERROR(F45/$F$66,"")
A46: =+A37 -> 0 | B46: =IFERROR(VLOOKUP(H46,[1]SEMIELABORADOS!$A$2:$M$6000,2,0),"") | C46: =+A46 -> 0 | D46: =IFERROR(VLOOKUP(H46,[1]SEMIELABORADOS!$A$2:$M$6000,6,0),"") | E46: =IFERROR(VLOOKUP(H46,[1]SEMIELABORADOS!$A$2:$M$65536,12,0),"") | F46: =IFERROR(E46*C46,"") | G46: =IFERROR(F46/$F$66,"")
A47: =+A38 -> 0 | B47: =IFERROR(VLOOKUP(H47,[1]SEMIELABORADOS!$A$2:$M$6000,2,0),"") | C47: =+A47 -> 0 | D47: =IFERROR(VLOOKUP(H47,[1]SEMIELABORADOS!$A$2:$M$6000,6,0),"") | E47: =IFERROR(VLOOKUP(H47,[1]SEMIELABORADOS!$A$2:$M$65536,12,0),"") | F47: =IFERROR(E47*C47,"") | G47: =IFERROR(F47/$F$66,"")
A48: =+A39 -> 0 | B48: =IFERROR(VLOOKUP(H48,[1]SEMIELABORADOS!$A$2:$M$6000,2,0),"") | C48: =+A48 -> 0 | D48: =IFERROR(VLOOKUP(H48,[1]SEMIELABORADOS!$A$2:$M$6000,6,0),"") | E48: =IFERROR(VLOOKUP(H48,[1]SEMIELABORADOS!$A$2:$M$65536,12,0),"") | F48: =IFERROR(E48*C48,"") | G48: =IFERROR(F48/$F$66,"")
A49: =+A40 -> 0 | B49: =IFERROR(VLOOKUP(H49,[1]SEMIELABORADOS!$A$2:$M$6000,2,0),"") | C49: =+A49 -> 0 | D49: =IFERROR(VLOOKUP(H49,[1]SEMIELABORADOS!$A$2:$M$6000,6,0),"") | E49: =IFERROR(VLOOKUP(H49,[1]SEMIELABORADOS!$A$2:$M$65536,12,0),"") | F49: =IFERROR(E49*C49,"") | G49: =IFERROR(F49/$F$66,"")
A50: =+A41 -> 0 | B50: =IFERROR(VLOOKUP(H50,[1]SEMIELABORADOS!$A$2:$M$6000,2,0),"") | C50: =+A50 -> 0 | D50: =IFERROR(VLOOKUP(H50,[1]SEMIELABORADOS!$A$2:$M$6000,6,0),"") | E50: =IFERROR(VLOOKUP(H50,[1]SEMIELABORADOS!$A$2:$M$65536,12,0),"") | F50: =IFERROR(E50*C50,"") | G50: =IFERROR(F50/$F$66,"")
A51: 1 | B51: MODI PREPARACION | C51: =+A51 -> 1 | D51: N/A | E51: =+F65 -> 183 | F51: =IFERROR(C51*E51,"") -> 183 | G51: =IFERROR(F51/$F$66,"") -> 0.026102287
B53: TOTAL MATERIA PRIMA | F53: =SUM(F8:F14,F17:F24) -> 6694 | G53: =+F53/$F$66 -> 0.95480168 | H53: =+F53/$D$60 -> 6694
B54: TOTAL EMPAQUE | F54: =SUM(F27:F32,F35:F41) -> 0 | G54: =+F54/$F$66 -> 0 | H54: =+F54/$D$60 -> 0 | K54: TOTAL MATERIA PRIMA + EMPAQUE | O54: =+F55 -> 6694
B55: TOTAL MATERIAS P. + EMPAQUES | F55: =+F53+F54 -> 6694 | G55: =+F55/$F$66 -> 0.95480168 | H55: =+F55/$D$60 -> 6694 | M55: MODI PLANTA | O55: =+H56 -> 183
C56: TOTAL MODI | F56: =SUM(F44:F51) -> 183 | G56: =+F56/$F$66 -> 0.026102287 | H56: =+F56/$D$60 -> 183 | M56: DESECHO | O56: =O54*N56 -> 0
M57: COSTO PLANTA | O57: =SUM(O54:O56) -> 6877
B58: GRAMOS | D58: 1350 | H58: =+H56/61 -> 3 | M58: % GIF | O58: =+H59 -> 174
B59: PESO POR UNIDAD | D59: 1350 | H59: =+H58*58 -> 174 | M59: COSTO PLANTA | O59: =SUM(O57:O58) -> 7051
B60: UNIDADES TOTALES | D60: =+D58/D59 -> 1 | O60: =+O59*N60 -> 0
B61: UNIDAD MEDIDA | K61: PRECIO DE VENTA PLANTA A LOCAL | O61: =SUM(O59:O60) -> 7051 | P61: GR
E62: S/ COSTO | F62: TOTAL | L62: UNIDAD | O62: =+O61/D60 -> 7051 | P62: =+O62/D59 -> 5.222963
B63: TOTAL MATERIAS P. + EMPAQUES | E63: =+F63/F63 -> 1 | F63: =SUM(F55) -> 6694 | G63: =+F63/$F$66 -> 0.95480168
B64: DESECHOS Y PERDIDAS | E64: 0.02 | F64: =+F53*E64 -> 133.88 | G64: =+F64/$F$66 -> 0.019096034
B65: MANO OBRA DIRECTA | D65: 3 | E65: 61 | F65: =+E65*D65 -> 183 | G65: =+F65/$F$66 -> 0.026102287
B66: TOTAL COSTO PLANTA | F66: =SUM(F63:F65) -> 7010.88 | G66: =+F66/$F$66 -> 1 | M66: MODI 61 COLONES X MIN
M67: Gf 58 colones min
B68: COSTO POR GRAMO | M68: ,
B69: TOTAL COSTO MATERIA PRIMA | C69: =+F53 -> 6694 | D69: =+D58 -> 1350 | E69: =+C69/D69 -> 4.9585185
B71: TOTAL COSTO UNIDAD MP+DESECHO+EMPAQUE | C71: =SUM(F63:F64) -> 6827.88 | D71: =+D58 -> 1350 | E71: =+C71/D71 -> 5.0576889
B73: TOTAL MODI PREPARACION POR GRAMO | C73: =+F65 -> 183 | D73: =+D58 -> 1350 | E73: =+C73/D73 -> 0.13555556
B74: TOTAL MODI POR GRAMO | C74: =+F56 -> 183 | D74: =+D73 -> 1350 | E74: =+C74/D74 -> 0.13555556
B76: TOTAL EMPAQUE POR GRAMO | C76: =+F54 -> 0 | D76: =+D74 -> 1350 | E76: =+C76/D76 -> 0
B78: TOTAL GRAMO MP+MODI | E78: =+E69+E74 -> 5.0940741
B80: COSTO POR UNIDAD
B81: TOTAL COSTO MATERIA PRIMA | C81: =+C69 -> 6694 | D81: =+D60 -> 1 | E81: =+C81/D81 -> 6694
B83: TOTAL COSTO UNIDAD MP+DESECHO+EMPAQUE | C83: =+C71 -> 6827.88 | D83: =+D60 -> 1 | E83: =+C83/D83 -> 6827.88
B85: TOTAL MODI POR GRAMO | C85: =+C73 -> 183 | D85: =+D60 -> 1 | E85: =+C85/D85 -> 183
B86: TOTAL MODI POR GRAMO | C86: =+C74 -> 183 | D86: =+D85 -> 1 | E86: =+C86/D86 -> 183

Sheet Crema Blanca Bucca 1
C1: SERVICIOS DE PASTELERIA S.A. | H1: CÓDIGO:
C2: ESPECIFICACION DE RECETA | H2: REVISIÓN:
C3: SE00634 Crema blanca Bucca | H3: FECHA DE APROBACIÓN:
C4: Elaborado | D4: Juan Pablo Brenes, Chef
C5: Aprobado | D5: Esteban Cartin, Gte Manufactura
A6: # Código | B6: # Código | C6: Descripción del ingrediente | D6: Marca | E6: Unidad Internacional | G6: Medida alternativa | I6: Costo - Referencia
E7: Cantidad | F7: Unidad medida | G7: Cantidad | H7: Unidad medida | I7: Colones
A8: ICG
A9: 310148 | B9: 310148 | C9: BETTERCREME SUPREMO (UND:4 K) | D9: Richs | E9: 8000 | F9: g | G9: 2 galones
A10: 11400031 | B10: 11400031 | C10: CREMA PRESTIGE GRAND (UND:4 K) | D10: Richs | E10: 12000 | F10: g | G10: 3 galones
A11: 10415 | B11: 10415 | C11: AGUA POTABLE (PLANTA) | D11: AyA | E11: 1000 | F11: g
A12: 1212410 | B12: 1212410 | C12: PRESERVANTE 1047S (PAQ=5 KILO) | D12: Aseal | E12: 15 | F12: g
A13: 702069 | B13: 702123 | C13: ETIQUETA BLANCA 2 5/8X1 15/16 (UND) | D13: Etiplas | E13: 1 | F13: ud
D16: Cantidad | E16: Unidad
B17: PESO TOTAL OBTENIDO | D17: 20000 | E17: g | F17: Tiempo de Horneo:
B18: TIEMPO TOTAL DE PREPARACION | D18: 10 | E18: min | F18: Horno:
B19: CANTIDAD DE PORCIONES OBTENIDAS | D19: 1 | E19: Tanda | F19: Temperatura de Horneo:
B20: PESO DE CADA PORCIÓN | D20: =D17 -> 20000 | E20: g | F20: Otros
B21: MERMA | D21: =SUM(E9:E13)-D17 -> 1016 | E21: g
B22: PROCEDIMIENTO DE PREPARACION DE LA RECETA
B23: 1.- Abrir los galones de crema y verter dentro de la top cream.
B24: 2.- Disolver el preservante en el agua. Agregar a la top cream.
B25: 3.- Batir por 12 a 15 minutos. Colocar en una tina plastica, tapar.
B26: 4.- Etiquetar con nombre y fecha de vencimiento.
B27: 5.- Mantener en refrigeración.
B28: Control de Cambios

Sheet Costo Crema Fresa
E1: Precio Local | F1: Costo MP | G1: Costo EM | H1: Costo MO
E2: =IFERROR(O62,"") -> 47239.628 | F2: =IFERROR(H53,"") -> 46047.5 | G2: =IFERROR(H54,"") -> 2.128 | H2: =IFERROR(H56,"") -> 610
A5: ESTRUCTURA DE COSTOS
F6: Fecha: | H6: =TODAY() -> 45761
A7: UNIDADES | B7: DESCRIPCION MAT.PRIMA | C7: UNIDADES | D7: UND MEDIDA | E7: COSTO UNITARIO | F7: TOTAL COSTO | G7: % PREC. DEFINIDO | H7: CODIGOS
A8: 8000 | B8: =IFERROR(VLOOKUP(H8,'[1]Consolidado MP Planta'!$A$2:$M$823,3,0),"") -> BETTERCREME SUPREMO (UND:4 K) | C8: =+A8 -> 8000 | D8: =IFERROR(VLOOKUP(H8,'[1]Consolidado MP Planta'!$A$2:$M$823,13,0),"") -> Gramos | E8: =IFERROR(VLOOKUP(H8,'[1]Consolidado MP Planta'!$A$2:$M$823,12,0),"") -> 2.426 | F8: =IFERROR(C8*E8,"") -> 19408 | G8: =IFERROR(F8/$F$66,"") -> 0.40789752 | H8: 310148
A9: 12000 | B9: =IFERROR(VLOOKUP(H9,'[1]Consolidado MP Planta'!$A$2:$M$823,3,0),"") -> CREMA PRESTIGE GRAND (UND:4 K) * | C9: =+A9 -> 12000 | D9: =IFERROR(VLOOKUP(H9,'[1]Consolidado MP Planta'!$A$2:$M$823,13,0),"") -> Gramos | E9: 2.11 | F9: =IFERROR(C9*E9,"") -> 25320 | G9: =IFERROR(F9/$F$66,"") -> 0.5321499 | H9: 11400031
A10: 1000 | B10: =IFERROR(VLOOKUP(H10,'[1]Consolidado MP Planta'!$A$2:$M$823,3,0),"") -> AGUA PLANTA | C10: =+A10 -> 1000 | D10: =IFERROR(VLOOKUP(H10,'[1]Consolidado MP Planta'!$A$2:$M$823,13,0),"") -> Mililitros | E10: =IFERROR(VLOOKUP(H10,'[1]Consolidado MP Planta'!$A$2:$M$823,12,0),"") -> 0.1 | F10: =IFERROR(C10*E10,"") -> 100 | G10: =IFERROR(F10/$F$66,"") -> 0.0021016979 | H10: 10415
A11: 60 | B11: =IFERROR(VLOOKUP(H11,'[1]Consolidado MP Planta'!$A$2:$M$823,3,0),"") -> COLORANTE GEL SUPER RED | C11: =+A11 -> 60 | D11: =IFERROR(VLOOKUP(H11,'[1]Consolidado MP Planta'!$A$2:$M$823,13,0),"") -> Mililitros | E11: 18.46 | F11: =IFERROR(C11*E11,"") -> 1107.6 | G11: =IFERROR(F11/$F$66,"") -> 0.023278406 | H11: 10400009
A12: 15 | B12: =IFERROR(VLOOKUP(H12,'[1]Consolidado MP Planta'!$A$2:$M$823,3,0),"") -> PRESERVANTE 1047S (PAQ=5 KILO) | C12: =+A12 -> 15 | D12: =IFERROR(VLOOKUP(H12,'[1]Consolidado MP Planta'!$A$2:$M$823,13,0),"") -> Gramos | E12: 7.46 | F12: =IFERROR(C12*E12,"") -> 111.9 | G12: =IFERROR(F12/$F$66,"") -> 0.0023517999 | H12: 1212410
B13: =IFERROR(VLOOKUP(H13,'[1]Consolidado MP Planta'!$A$2:$M$823,3,0),"") | C13: =+A13 -> 0 | D13: =IFERROR(VLOOKUP(H13,'[1]Consolidado MP Planta'!$A$2:$M$823,13,0),"") | E13: =IFERROR(VLOOKUP(H13,'[1]Consolidado MP Planta'!$A$2:$M$823,12,0),"") | F13: =IFERROR(C13*E13,"") | G13: =IFERROR(F13/$F$66,"")
B14: =IFERROR(VLOOKUP(H14,'[1]Consolidado MP Planta'!$A$2:$M$823,3,0),"") | C14: =+A14 -> 0 | D14: =IFERROR(VLOOKUP(H14,'[1]Consolidado MP Planta'!$A$2:$M$823,13,0),"") | E14: =IFERROR(VLOOKUP(H14,'[1]Consolidado MP Planta'!$A$2:$M$823,12,0),"") | F14: =IFERROR(C14*E14,"") | G14: =IFERROR(F14/$F$66,"")
B15: =IFERROR(VLOOKUP(H15,'[2]ARTICULOS MP PLANTA'!$A$2:$G$589,2,0),"")
A16: UNIDADES | B16: MATERIA PRIMA SEMIELABORADOS | C16: UNIDADES | D16: UND MEDIDA | E16: COSTO UNITARIO | F16: TOTAL COSTO | G16: % PREC. DEFINIDO | H16: CODIGOS
B17: =IFERROR(VLOOKUP(H17,[1]SEMIELABORADOS!$A$2:$M$6000,2,0),"") | C17: =+A17 -> 0 | D17: =IFERROR(VLOOKUP(H17,[1]SEMIELABORADOS!$A$2:$M$6000,6,0),"") | E17: =IFERROR(VLOOKUP(H17,[1]SEMIELABORADOS!$A$2:$H$65536,8,0),"") | F17: =IFERROR(E17*C17,"") | G17: =IFERROR(F17/$F$66,"")
B18: =IFERROR(VLOOKUP(H18,[1]SEMIELABORADOS!$A$2:$M$6000,2,0),"") | C18: =+A18 -> 0 | D18: =IFERROR(VLOOKUP(H18,[1]SEMIELABORADOS!$A$2:$M$6000,6,0),"") | E18: =IFERROR(VLOOKUP(H18,[1]SEMIELABORADOS!$A$2:$H$65536,8,0),"") | F18: =IFERROR(E18*C18,"") | G18: =IFERROR(F18/$F$66,"")
B19: =IFERROR(VLOOKUP(H19,[1]SEMIELABORADOS!$A$2:$M$6000,2,0),"") | C19: =+A19 -> 0 | D19: =IFERROR(VLOOKUP(H19,[1]SEMIELABORADOS!$A$2:$M$6000,6,0),"") | E19: =IFERROR(VLOOKUP(H19,[1]SEMIELABORADOS!$A$2:$H$65536,8,0),"") | F19: =IFERROR(E19*C19,"") | G19: =IFERROR(F19/$F$66,"")
B20: =IFERROR(VLOOKUP(H20,[1]SEMIELABORADOS!$A$2:$M$6000,2,0),"") | C20: =+A20 -> 0 | D20: =IFERROR(VLOOKUP(H20,[1]SEMIELABORADOS!$A$2:$M$6000,6,0),"") | E20: =IFERROR(VLOOKUP(H20,[1]SEMIELABORADOS!$A$2:$H$65536,8,0),"") | F20: =IFERROR(E20*C20,"") | G20: =IFERROR(F20/$F$66,"")
B21: =IFERROR(VLOOKUP(H21,[1]SEMIELABORADOS!$A$2:$M$6000,2,0),"") | C21: =+A21 -> 0 | D21: =IFERROR(VLOOKUP(H21,[1]SEMIELABORADOS!$A$2:$M$6000,6,0),"") | E21: =IFERROR(VLOOKUP(H21,[1]SEMIELABORADOS!$A$2:$H$65536,8,0),"") | F21: =IFERROR(E21*C21,"") | G21: =IFERROR(F21/$F$66,"")
B22: =IFERROR(VLOOKUP(H22,[1]SEMIELABORADOS!$A$2:$M$6000,2,0),"") | C22: =+A22 -> 0 | D22: =IFERROR(VLOOKUP(H22,[1]SEMIELABORADOS!$A$2:$M$6000,6,0),"") | E22: =IFERROR(VLOOKUP(H22,[1]SEMIELABORADOS!$A$2:$H$65536,8,0),"") | F22: =IFERROR(E22*C22,"") | G22: =IFERROR(F22/$F$66,"")
B23: =IFERROR(VLOOKUP(H23,[1]SEMIELABORADOS!$A$2:$M$6000,2,0),"") | C23: =+A23 -> 0 | D23: =IFERROR(VLOOKUP(H23,[1]SEMIELABORADOS!$A$2:$M$6000,6,0),"") | E23: =IFERROR(VLOOKUP(H23,[1]SEMIELABORADOS!$A$2:$H$65536,8,0),"") | F23: =IFERROR(E23*C23,"") | G23: =IFERROR(F23/$F$66,"")
B24: =IFERROR(VLOOKUP(H24,[1]SEMIELABORADOS!$A$2:$M$6000,2,0),"") | C24: =+A24 -> 0 | D24: =IFERROR(VLOOKUP(H24,[1]SEMIELABORADOS!$A$2:$M$6000,6,0),"") | E24: =IFERROR(VLOOKUP(H24,[1]SEMIELABORADOS!$A$2:$H$65536,8,0),"") | F24: =IFERROR(E24*C24,"") | G24: =IFERROR(F24/$F$66,"")
A26: UNIDADES | B26: EMPAQUE | C26: UNIDADES | D26: UND MEDIDA | E26: COSTO UNITARIO | F26: TOTAL COSTO | G26: % PREC. DEFINIDO | H26: CODIGOS
A27: 1 | B27: =IFERROR(VLOOKUP(H27,'[1]Consolidado MP Planta'!$A$2:$M$823,3,0),"") -> ETIQUETA BLANCA 2 5/8X1 15/16 (UND) | C27: =+A27 -> 1 | D27: =IFERROR(VLOOKUP(H27,'[1]Consolidado MP Planta'!$A$2:$M$823,13,0),"") -> Und | E27: =IFERROR(VLOOKUP(H27,'[1]Consolidado MP Planta'!$A$2:$M$823,12,0),"") -> 2.128 | F27: =IFERROR(C27*E27,"") -> 2.128 | G27: =IFERROR(F27/$F$66,"") -> 4.4724131e-05 | H27: 0702123
B28: =IFERROR(VLOOKUP(H28,'[1]Consolidado MP Planta'!$A$2:$M$823,3,0),"") | C28: =+A28 -> 0 | D28: =IFERROR(VLOOKUP(H28,'[1]Consolidado MP Planta'!$A$2:$M$823,13,0),"") | E28: =IFERROR(VLOOKUP(H28,'[1]Consolidado MP Planta'!$A$2:$M$823,12,0),"") | F28: =IFERROR(C28*E28,"") | G28: =IFERROR(F28/$F$66,"")
B29: =IFERROR(VLOOKUP(H29,'[1]Consolidado MP Planta'!$A$2:$M$823,3,0),"") | C29: =+A29 -> 0 | D29: =IFERROR(VLOOKUP(H29,'[1]Consolidado MP Planta'!$A$2:$M$823,13,0),"") | E29: =IFERROR(VLOOKUP(H29,'[1]Consolidado MP Planta'!$A$2:$M$823,12,0),"") | F29: =IFERROR(C29*E29,"") | G29: =IFERROR(F29/$F$66,"")
B30: =IFERROR(VLOOKUP(H30,'[1]Consolidado MP Planta'!$A$2:$M$823,3,0),"") | C30: =+A30 -> 0 | D30: =IFERROR(VLOOKUP(H30,'[1]Consolidado MP Planta'!$A$2:$M$823,13,0),"") | E30: =IFERROR(VLOOKUP(H30,'[1]Consolidado MP Planta'!$A$2:$M$823,12,0),"") | F30: =IFERROR(C30*E30,"") | G30: =IFERROR(F30/$F$66,"")
B31: =IFERROR(VLOOKUP(H31,'[1]Consolidado MP Planta'!$A$2:$M$823,3,0),"") | C31: =+A31 -> 0 | D31: =IFERROR(VLOOKUP(H31,'[1]Consolidado MP Planta'!$A$2:$M$823,13,0),"") | E31: =IFERROR(VLOOKUP(H31,'[1]Consolidado MP Planta'!$A$2:$M$823,12,0),"") | F31: =IFERROR(C31*E31,"") | G31: =IFERROR(F31/$F$66,"")
B32: =IFERROR(VLOOKUP(H32,'[1]Consolidado MP Planta'!$A$2:$M$823,3,0),"") | C32: =+A32 -> 0 | D32: =IFERROR(VLOOKUP(H32,'[1]Consolidado MP Planta'!$A$2:$M$823,13,0),"") | E32: =IFERROR(VLOOKUP(H32,'[1]Consolidado MP Planta'!$A$2:$M$823,12,0),"") | F32: =IFERROR(C32*E32,"") | G32: =IFERROR(F32/$F$66,"")
A34: UNIDADES | B34: EMPAQUE SEMIELABORADOS | C34: UNIDADES | D34: UND MEDIDA | E34: COSTO UNITARIO | F34: TOTAL COSTO | G34: % PREC. DEFINIDO | H34: CODIGOS
A35: =+A17 -> 0 | B35: =IFERROR(VLOOKUP(H35,[1]SEMIELABORADOS!$A$2:$M$6000,2,0),"") | C35: =+A35 -> 0 | D35: =IFERROR(VLOOKUP(H35,[1]SEMIELABORADOS!$A$2:$M$6000,6,0),"") | E35: =IFERROR(VLOOKUP(H35,[1]SEMIELABORADOS!$A$2:$M$65536,10,0),"") | F35: =IFERROR(E35*C35,"") | G35: =IFERROR(F35/$F$66,"")
A36: =+A18 -> 0 | B36: =IFERROR(VLOOKUP(H36,[1]SEMIELABORADOS!$A$2:$M$6000,2,0),"") | C36: =+A36 -> 0 | D36: =IFERROR(VLOOKUP(H36,[1]SEMIELABORADOS!$A$2:$M$6000,6,0),"") | E36: =IFERROR(VLOOKUP(H36,[1]SEMIELABORADOS!$A$2:$M$65536,10,0),"") | F36: =IFERROR(E36*C36,"") | G36: =IFERROR(F36/$F$66,"")
A37: =+A19 -> 0 | B37: =IFERROR(VLOOKUP(H37,[1]SEMIELABORADOS!$A$2:$M$6000,2,0),"") | C37: =+A37 -> 0 | D37: =IFERROR(VLOOKUP(H37,[1]SEMIELABORADOS!$A$2:$M$6000,6,0),"") | E37: =IFERROR(VLOOKUP(H37,[1]SEMIELABORADOS!$A$2:$M$65536,10,0),"") | F37: =IFERROR(E37*C37,"") | G37: =IFERROR(F37/$F$66,"")
A38: =+A20 -> 0 | B38: =IFERROR(VLOOKUP(H38,[1]SEMIELABORADOS!$A$2:$M$6000,2,0),"") | C38: =+A38 -> 0 | D38: =IFERROR(VLOOKUP(H38,[1]SEMIELABORADOS!$A$2:$M$6000,6,0),"") | E38: =IFERROR(VLOOKUP(H38,[1]SEMIELABORADOS!$A$2:$M$65536,10,0),"") | F38: =IFERROR(E38*C38,"") | G38: =IFERROR(F38/$F$66,"")
A39: =+A21 -> 0 | B39: =IFERROR(VLOOKUP(H39,[1]SEMIELABORADOS!$A$2:$M$6000,2,0),"") | C39: =+A39 -> 0 | D39: =IFERROR(VLOOKUP(H39,[1]SEMIELABORADOS!$A$2:$M$6000,6,0),"") | E39: =IFERROR(VLOOKUP(H39,[1]SEMIELABORADOS!$A$2:$M$65536,10,0),"") | F39: =IFERROR(E39*C39,"") | G39: =IFERROR(F39/$F$66,"")
A40: =+A22 -> 0 | B40: =IFERROR(VLOOKUP(H40,[1]SEMIELABORADOS!$A$2:$M$6000,2,0),"") | C40: =+A40 -> 0 | D40: =IFERROR(VLOOKUP(H40,[1]SEMIELABORADOS!$A$2:$M$6000,6,0),"") | E40: =IFERROR(VLOOKUP(H40,[1]SEMIELABORADOS!$A$2:$M$65536,10,0),"") | F40: =IFERROR(E40*C40,"") | G40: =IFERROR(F40/$F$66,"")
A41: =+A23 -> 0 | B41: =IFERROR(VLOOKUP(H41,[1]SEMIELABORADOS!$A$2:$M$6000,2,0),"") | C41: =+A41 -> 0 | D41: =IFERROR(VLOOKUP(H41,[1]SEMIELABORADOS!$A$2:$M$6000,6,0),"") | E41: =IFERROR(VLOOKUP(H41,[1]SEMIELABORADOS!$A$2:$M$65536,10,0),"") | F41: =IFERROR(E41*C41,"") | G41: =IFERROR(F41/$F$66,"")
A43: UNIDADES | B43: MODI | C43: UNIDADES | D43: UND MEDIDA | E43: COSTO UNITARIO | F43: TOTAL COSTO | G43: % PREC. DEFINIDO | H43: CODIGOS
A44: =+A35 -> 0 | B44: =IFERROR(VLOOKUP(H44,[1]SEMIELABORADOS!$A$2:$M$6000,2,0),"") | C44: =+A44 -> 0 | D44: =IFERROR(VLOOKUP(H44,[1]SEMIELABORADOS!$A$2:$M$6000,6,0),"") | E44: =IFERROR(VLOOKUP(H44,[1]SEMIELABORADOS!$A$2:$M$65536,12,0),"") | F44: =IFERROR(E44*C44,"") | G44: =IFERROR(F44/$F$66,"")
A45: =+A36 -> 0 | B45: =IFERROR(VLOOKUP(H45,[1]SEMIELABORADOS!$A$2:$M$6000,2,0),"") | C45: =+A45 -> 0 | D45: =IFERROR(VLOOKUP(H45,[1]SEMIELABORADOS!$A$2:$M$6000,6,0),"") | E45: =IFERROR(VLOOKUP(H45,[1]SEMIELABORADOS!$A$2:$M$65536,12,0),"") | F45: =IFERROR(E45*C45,"") | G45: =IFERROR(F45/$F$66,"")
A46: =+A37 -> 0 | B46: =IFERROR(VLOOKUP(H46,[1]SEMIELABORADOS!$A$2:$M$6000,2,0),"") | C46: =+A46 -> 0 | D46: =IFERROR(VLOOKUP(H46,[1]SEMIELABORADOS!$A$2:$M$6000,6,0),"") | E46: =IFERROR(VLOOKUP(H46,[1]SEMIELABORADOS!$A$2:$M$65536,12,0),"") | F46: =IFERROR(E46*C46,"") | G46: =IFERROR(F46/$F$66,"")
A47: =+A38 -> 0 | B47: =IFERROR(VLOOKUP(H47,[1]SEMIELABORADOS!$A$2:$M$6000,2,0),"") | C47: =+A47 -> 0 | D47: =IFERROR(VLOOKUP(H47,[1]SEMIELABORADOS!$A$2:$M$6000,6,0),"") | E47: =IFERROR(VLOOKUP(H47,[1]SEMIELABORADOS!$A$2:$M$65536,12,0),"") | F47: =IFERROR(E47*C47,"") | G47: =IFERROR(F47/$F$66,"")
A48: =+A39 -> 0 | B48: =IFERROR(VLOOKUP(H48,[1]SEMIELABORADOS!$A$2:$M$6000,2,0),"") | C48: =+A48 -> 0 | D48: =IFERROR(VLOOKUP(H48,[1]SEMIELABORADOS!$A$2:$M$6000,6,0),"") | E48: =IFERROR(VLOOKUP(H48,[1]SEMIELABORADOS!$A$2:$M$65536,12,0),"") | F48: =IFERROR(E48*C48,"") | G48: =IFERROR(F48/$F$66,"")
A49: =+A40 -> 0 | B49: =IFERROR(VLOOKUP(H49,[1]SEMIELABORADOS!$A$2:$M$6000,2,0),"") | C49: =+A49 -> 0 | D49: =IFERROR(VLOOKUP(H49,[1]SEMIELABORADOS!$A$2:$M$6000,6,0),"") | E49: =IFERROR(VLOOKUP(H49,[1]SEMIELABORADOS!$A$2:$M$65536,12,0),"") | F49: =IFERROR(E49*C49,"") | G49: =IFERROR(F49/$F$66,"")
A50: =+A41 -> 0 | B50: =IFERROR(VLOOKUP(H50,[1]SEMIELABORADOS!$A$2:$M$6000,2,0),"") | C50: =+A50 -> 0 | D50: =IFERROR(VLOOKUP(H50,[1]SEMIELABORADOS!$A$2:$M$6000,6,0),"") | E50: =IFERROR(VLOOKUP(H50,[1]SEMIELABORADOS!$A$2:$M$65536,12,0),"") | F50: =IFERROR(E50*C50,"") | G50: =IFERROR(F50/$F$66,"")
A51: 1 | B51: MODI PREPARACION | C51: =+A51 -> 1 | D51: N/A | E51: =+F65 -> 610 | F51: =IFERROR(C51*E51,"") -> 610 | G51: =IFERROR(F51/$F$66,"") -> 0.012820357
B53: TOTAL MATERIA PRIMA | F53: =SUM(F8:F14,F17:F24) -> 46047.5 | G53: =+F53/$F$66 -> 0.96777933 | H53: =+F53/$D$60 -> 46047.5
B54: TOTAL EMPAQUE | F54: =SUM(F27:F32,F35:F41) -> 2.128 | G54: =+F54/$F$66 -> 4.4724131e-05 | H54: =+F54/$D$60 -> 2.128 | K54: TOTAL MATERIA PRIMA + EMPAQUE | O54: =+F55 -> 46049.628
B55: TOTAL MATERIAS P. + EMPAQUES | F55: =+F53+F54 -> 46049.628 | G55: =+F55/$F$66 -> 0.96782406 | H55: =+F55/$D$60 -> 46049.628 | M55: MODI PLANTA | O55: =+H56 -> 610
C56: TOTAL MODI | F56: =SUM(F44:F51) -> 610 | G56: =+F56/$F$66 -> 0.012820357 | H56: =+F56/$D$60 -> 610 | M56: DESECHO | O56: =O54*N56 -> 0
M57: COSTO PLANTA | O57: =SUM(O54:O56) -> 46659.628
B58: GRAMOS | D58: 20000 | H58: =+H56/61 -> 10 | M58: % GIF | O58: =+H59 -> 580
B59: PESO POR UNIDAD | D59: 20000 | H59: =+H58*58 -> 580 | M59: COSTO PLANTA | O59: =SUM(O57:O58) -> 47239.628
B60: UNIDADES TOTALES | D60: =+D58/D59 -> 1 | O60: =+O59*N60 -> 0
B61: UNIDAD MEDIDA | K61: PRECIO DE VENTA PLANTA A LOCAL | O61: =SUM(O59:O60) -> 47239.628 | P61: GR
E62: S/ COSTO | F62: TOTAL | L62: UNIDAD | O62: =+O61/D60 -> 47239.628 | P62: =+O62/D59 -> 2.3619814
B63: TOTAL MATERIAS P. + EMPAQUES | E63: =+F63/F63 -> 1 | F63: =SUM(F55) -> 46049.628 | G63: =+F63/$F$66 -> 0.96782406
B64: DESECHOS Y PERDIDAS | E64: 0.02 | F64: =+F53*E64 -> 920.95 | G64: =+F64/$F$66 -> 0.019355587
B65: MANO OBRA DIRECTA | D65: 10 | E65: 61 | F65: =+E65*D65 -> 610 | G65: =+F65/$F$66 -> 0.012820357
B66: TOTAL COSTO PLANTA | F66: =SUM(F63:F65) -> 47580.578 | G66: =+F66/$F$66 -> 1 | M66: MODI 61 COLONES X MIN
M67: Gf 58 colones min
B68: COSTO POR GRAMO | M68: ,
B69: TOTAL COSTO MATERIA PRIMA | C69: =+F53 -> 46047.5 | D69: =+D58 -> 20000 | E69: =+C69/D69 -> 2.302375
B71: TOTAL COSTO UNIDAD MP+DESECHO+EMPAQUE | C71: =SUM(F63:F64) -> 46970.578 | D71: =+D58 -> 20000 | E71: =+C71/D71 -> 2.3485289
B73: TOTAL MODI PREPARACION POR GRAMO | C73: =+F65 -> 610 | D73: =+D58 -> 20000 | E73: =+C73/D73 -> 0.0305
B74: TOTAL MODI POR GRAMO | C74: =+F56 -> 610 | D74: =+D73 -> 20000 | E74: =+C74/D74 -> 0.0305
B76: TOTAL EMPAQUE POR GRAMO | C76: =+F54 -> 2.128 | D76: =+D74 -> 20000 | E76: =+C76/D76 -> 0.0001064
B78: TOTAL GRAMO MP+MODI | E78: =+E69+E74 -> 2.332875
B80: COSTO POR UNIDAD
B81: TOTAL COSTO MATERIA PRIMA | C81: =+C69 -> 46047.5 | D81: =+D60 -> 1 | E81: =+C81/D81 -> 46047.5
B83: TOTAL COSTO UNIDAD MP+DESECHO+EMPAQUE | C83: =+C71 -> 46970.578 | D83: =+D60 -> 1 | E83: =+C83/D83 -> 46970.578
B85: TOTAL MODI POR GRAMO | C85: =+C73 -> 610 | D85: =+D60 -> 1 | E85: =+C85/D85 -> 610
B86: TOTAL MODI POR GRAMO | C86: =+C74 -> 610 | D86: =+D85 -> 1 | E86: =+C86/D86 -> 610

Sheet Hoja1
C1: SERVICIOS DE PASTELERIA S.A. | H1: CÓDIGO: | I1: ESP-RE-DEF-020
C2: ESPECIFICACION DE RECETA | H2: REVISIÓN: | I2: 02
C3: SE00633 Sirope rojo bucca | H3: FECHA DE APROBACIÓN: | I3: 45612
C4: Elaborado | D4: Javier Tong, Chef
C5: Aprobado | D5: Esteban Cartin, Gte Manufactura
A6: AREA QUE PRODUCE: | D6: Decoración | G6: AREA QUE EMPACA: | I6: Decoracion
A7: # Código | B7: # Código Netsuite | C7: Descripción del ingrediente | D7: Marca | E7: Unidad Internacional | G7: Medida alternativa | I7: Costo - Referencia
E8: Cantidad | F8: Unidad medida | G8: Cantidad | H8: Unidad medida | I8: Colones
C9: Ensamble
A10: 11400031 | B10: MP10048 | C10: CREMA PRESTIGE GRAND | D10: PRESTIGE | E10: 100 | F10: g
A11: 10400009 | B11: MP10157 | C11: COLORANTE GEL SUPER RED | D11: ASEAL | E11: 0.2 | F11: g
C17: Decoración
C26: Empaque
H34: =UPPER(D34)
D37: Cantidad | E37: Unidad
A38: PESO TOTAL OBTENIDO | D38: 100 | E38: g | F38: Tiempo de Horneo:
A39: TIEMPO TOTAL DE PREPARACION | D39: 1 | E39: min | F39: Horno:
A40: CANTIDAD DE PORCIONES OBTENIDAS | D40: 1 | E40: ud | F40: Temperatura de Horneo:
A41: PESO DE CADA PORCIÓN | D41: 100 | E41: g | F41: Otros
A42: MERMA | D42: =SUM(E10:E11)-D38 -> 0 | E42: g
A43: PROCEDIMIENTO DE PREPARACION DE LA RECETA
A44: 1.-Mezclar la crema prestige con el colorante rojo y colocar en bolsas para marmolear.
A53: CONTROL DE CAMBIOS
A54: 2, Se actualiza cantidad colorante.

Sheet Costo sirope rojo
E1: Precio Local | F1: Costo MP | G1: Costo EM | H1: Costo MO
E2: =IFERROR(O62,"") -> 348.46 | F2: =IFERROR(H53,"") -> 229.46 | G2: =IFERROR(H54,"") -> 0 | H2: =IFERROR(H56,"") -> 61
A5: ESTRUCTURA DE COSTOS
F6: Fecha: | H6: =TODAY() -> 45761
A7: UNIDADES | B7: DESCRIPCION MAT.PRIMA | C7: UNIDADES | D7: UND MEDIDA | E7: COSTO UNITARIO | F7: TOTAL COSTO | G7: % PREC. DEFINIDO | H7: CODIGOS
A8: 100 | B8: =IFERROR(VLOOKUP(H8,'[1]Consolidado MP Planta'!$A$2:$M$823,3,0),"") -> CREMA PRESTIGE GRAND (UND:4 K) * | C8: =+A8 -> 100 | D8: =IFERROR(VLOOKUP(H8,'[1]Consolidado MP Planta'!$A$2:$M$823,13,0),"") -> Gramos | E8: 2.11 | F8: =IFERROR(C8*E8,"") -> 211 | G8: =IFERROR(F8/$F$66,"") -> 0.71513497 | H8: 11400031
A9: 1 | B9: =IFERROR(VLOOKUP(H9,'[1]Consolidado MP Planta'!$A$2:$M$823,3,0),"") -> COLORANTE GEL SUPER RED | C9: =+A9 -> 1 | D9: =IFERROR(VLOOKUP(H9,'[1]Consolidado MP Planta'!$A$2:$M$823,13,0),"") -> Mililitros | E9: 18.46 | F9: =IFERROR(C9*E9,"") -> 18.46 | G9: =IFERROR(F9/$F$66,"") -> 0.062565836 | H9: 10400009
B10: =IFERROR(VLOOKUP(H10,'[1]Consolidado MP Planta'!$A$2:$M$823,3,0),"") | C10: =+A10 -> 0 | D10: =IFERROR(VLOOKUP(H10,'[1]Consolidado MP Planta'!$A$2:$M$823,13,0),"") | E10: =IFERROR(VLOOKUP(H10,'[1]Consolidado MP Planta'!$A$2:$M$823,12,0),"") | F10: =IFERROR(C10*E10,"") | G10: =IFERROR(F10/$F$66,"")
B11: =IFERROR(VLOOKUP(H11,'[1]Consolidado MP Planta'!$A$2:$M$823,3,0),"") | C11: =+A11 -> 0 | D11: =IFERROR(VLOOKUP(H11,'[1]Consolidado MP Planta'!$A$2:$M$823,13,0),"") | E11: =IFERROR(VLOOKUP(H11,'[1]Consolidado MP Planta'!$A$2:$M$823,12,0),"") | F11: =IFERROR(C11*E11,"") | G11: =IFERROR(F11/$F$66,"")
B12: =IFERROR(VLOOKUP(H12,'[1]Consolidado MP Planta'!$A$2:$M$823,3,0),"") | C12: =+A12 -> 0 | D12: =IFERROR(VLOOKUP(H12,'[1]Consolidado MP Planta'!$A$2:$M$823,13,0),"") | E12: =IFERROR(VLOOKUP(H12,'[1]Consolidado MP Planta'!$A$2:$M$823,12,0),"") | F12: =IFERROR(C12*E12,"") | G12: =IFERROR(F12/$F$66,"")
B13: =IFERROR(VLOOKUP(H13,'[1]Consolidado MP Planta'!$A$2:$M$823,3,0),"") | C13: =+A13 -> 0 | D13: =IFERROR(VLOOKUP(H13,'[1]Consolidado MP Planta'!$A$2:$M$823,13,0),"") | E13: =IFERROR(VLOOKUP(H13,'[1]Consolidado MP Planta'!$A$2:$M$823,12,0),"") | F13: =IFERROR(C13*E13,"") | G13: =IFERROR(F13/$F$66,"")
B14: =IFERROR(VLOOKUP(H14,'[1]Consolidado MP Planta'!$A$2:$M$823,3,0),"") | C14: =+A14 -> 0 | D14: =IFERROR(VLOOKUP(H14,'[1]Consolidado MP Planta'!$A$2:$M$823,13,0),"") | E14: =IFERROR(VLOOKUP(H14,'[1]Consolidado MP Planta'!$A$2:$M$823,12,0),"") | F14: =IFERROR(C14*E14,"") | G14: =IFERROR(F14/$F$66,"")
B15: =IFERROR(VLOOKUP(H15,'[2]ARTICULOS MP PLANTA'!$A$2:$G$589,2,0),"")
A16: UNIDADES | B16: MATERIA PRIMA SEMIELABORADOS | C16: UNIDADES | D16: UND MEDIDA | E16: COSTO UNITARIO | F16: TOTAL COSTO | G16: % PREC. DEFINIDO | H16: CODIGOS
B17: =IFERROR(VLOOKUP(H17,[1]SEMIELABORADOS!$A$2:$M$6000,2,0),"") | C17: =+A17 -> 0 | D17: =IFERROR(VLOOKUP(H17,[1]SEMIELABORADOS!$A$2:$M$6000,6,0),"") | E17: =IFERROR(VLOOKUP(H17,[1]SEMIELABORADOS!$A$2:$H$65536,8,0),"") | F17: =IFERROR(E17*C17,"") | G17: =IFERROR(F17/$F$66,"")
B18: =IFERROR(VLOOKUP(H18,[1]SEMIELABORADOS!$A$2:$M$6000,2,0),"") | C18: =+A18 -> 0 | D18: =IFERROR(VLOOKUP(H18,[1]SEMIELABORADOS!$A$2:$M$6000,6,0),"") | E18: =IFERROR(VLOOKUP(H18,[1]SEMIELABORADOS!$A$2:$H$65536,8,0),"") | F18: =IFERROR(E18*C18,"") | G18: =IFERROR(F18/$F$66,"")
B19: =IFERROR(VLOOKUP(H19,[1]SEMIELABORADOS!$A$2:$M$6000,2,0),"") | C19: =+A19 -> 0 | D19: =IFERROR(VLOOKUP(H19,[1]SEMIELABORADOS!$A$2:$M$6000,6,0),"") | E19: =IFERROR(VLOOKUP(H19,[1]SEMIELABORADOS!$A$2:$H$65536,8,0),"") | F19: =IFERROR(E19*C19,"") | G19: =IFERROR(F19/$F$66,"")
B20: =IFERROR(VLOOKUP(H20,[1]SEMIELABORADOS!$A$2:$M$6000,2,0),"") | C20: =+A20 -> 0 | D20: =IFERROR(VLOOKUP(H20,[1]SEMIELABORADOS!$A$2:$M$6000,6,0),"") | E20: =IFERROR(VLOOKUP(H20,[1]SEMIELABORADOS!$A$2:$H$65536,8,0),"") | F20: =IFERROR(E20*C20,"") | G20: =IFERROR(F20/$F$66,"")
B21: =IFERROR(VLOOKUP(H21,[1]SEMIELABORADOS!$A$2:$M$6000,2,0),"") | C21: =+A21 -> 0 | D21: =IFERROR(VLOOKUP(H21,[1]SEMIELABORADOS!$A$2:$M$6000,6,0),"") | E21: =IFERROR(VLOOKUP(H21,[1]SEMIELABORADOS!$A$2:$H$65536,8,0),"") | F21: =IFERROR(E21*C21,"") | G21: =IFERROR(F21/$F$66,"")
B22: =IFERROR(VLOOKUP(H22,[1]SEMIELABORADOS!$A$2:$M$6000,2,0),"") | C22: =+A22 -> 0 | D22: =IFERROR(VLOOKUP(H22,[1]SEMIELABORADOS!$A$2:$M$6000,6,0),"") | E22: =IFERROR(VLOOKUP(H22,[1]SEMIELABORADOS!$A$2:$H$65536,8,0),"") | F22: =IFERROR(E22*C22,"") | G22: =IFERROR(F22/$F$66,"")
B23: =IFERROR(VLOOKUP(H23,[1]SEMIELABORADOS!$A$2:$M$6000,2,0),"") | C23: =+A23 -> 0 | D23: =IFERROR(VLOOKUP(H23,[1]SEMIELABORADOS!$A$2:$M$6000,6,0),"") | E23: =IFERROR(VLOOKUP(H23,[1]SEMIELABORADOS!$A$2:$H$65536,8,0),"") | F23: =IFERROR(E23*C23,"") | G23: =IFERROR(F23/$F$66,"")
B24: =IFERROR(VLOOKUP(H24,[1]SEMIELABORADOS!$A$2:$M$6000,2,0),"") | C24: =+A24 -> 0 | D24: =IFERROR(VLOOKUP(H24,[1]SEMIELABORADOS!$A$2:$M$6000,6,0),"") | E24: =IFERROR(VLOOKUP(H24,[1]SEMIELABORADOS!$A$2:$H$65536,8,0),"") | F24: =IFERROR(E24*C24,"") | G24: =IFERROR(F24/$F$66,"")
A26: UNIDADES | B26: EMPAQUE | C26: UNIDADES | D26: UND MEDIDA | E26: COSTO UNITARIO | F26: TOTAL COSTO | G26: % PREC. DEFINIDO | H26: CODIGOS
A27: 0 | B27: =IFERROR(VLOOKUP(H27,'[1]Consolidado MP Planta'!$A$2:$M$823,3,0),"") | C27: =+A27 -> 0 | D27: =IFERROR(VLOOKUP(H27,'[1]Consolidado MP Planta'!$A$2:$M$823,13,0),"") | E27: =IFERROR(VLOOKUP(H27,'[1]Consolidado MP Planta'!$A$2:$M$823,12,0),"") | F27: =IFERROR(C27*E27,"") | G27: =IFERROR(F27/$F$66,"")
B28: =IFERROR(VLOOKUP(H28,'[1]Consolidado MP Planta'!$A$2:$M$823,3,0),"") | C28: =+A28 -> 0 | D28: =IFERROR(VLOOKUP(H28,'[1]Consolidado MP Planta'!$A$2:$M$823,13,0),"") | E28: =IFERROR(VLOOKUP(H28,'[1]Consolidado MP Planta'!$A$2:$M$823,12,0),"") | F28: =IFERROR(C28*E28,"") | G28: =IFERROR(F28/$F$66,"")
B29: =IFERROR(VLOOKUP(H29,'[1]Consolidado MP Planta'!$A$2:$M$823,3,0),"") | C29: =+A29 -> 0 | D29: =IFERROR(VLOOKUP(H29,'[1]Consolidado MP Planta'!$A$2:$M$823,13,0),"") | E29: =IFERROR(VLOOKUP(H29,'[1]Consolidado MP Planta'!$A$2:$M$823,12,0),"") | F29: =IFERROR(C29*E29,"") | G29: =IFERROR(F29/$F$66,"")
B30: =IFERROR(VLOOKUP(H30,'[1]Consolidado MP Planta'!$A$2:$M$823,3,0),"") | C30: =+A30 -> 0 | D30: =IFERROR(VLOOKUP(H30,'[1]Consolidado MP Planta'!$A$2:$M$823,13,0),"") | E30: =IFERROR(VLOOKUP(H30,'[1]Consolidado MP Planta'!$A$2:$M$823,12,0),"") | F30: =IFERROR(C30*E30,"") | G30: =IFERROR(F30/$F$66,"")
B31: =IFERROR(VLOOKUP(H31,'[1]Consolidado MP Planta'!$A$2:$M$823,3,0),"") | C31: =+A31 -> 0 | D31: =IFERROR(VLOOKUP(H31,'[1]Consolidado MP Planta'!$A$2:$M$823,13,0),"") | E31: =IFERROR(VLOOKUP(H31,'[1]Consolidado MP Planta'!$A$2:$M$823,12,0),"") | F31: =IFERROR(C31*E31,"") | G31: =IFERROR(F31/$F$66,"")
B32: =IFERROR(VLOOKUP(H32,'[1]Consolidado MP Planta'!$A$2:$M$823,3,0),"") | C32: =+A32 -> 0 | D32: =IFERROR(VLOOKUP(H32,'[1]Consolidado MP Planta'!$A$2:$M$823,13,0),"") | E32: =IFERROR(VLOOKUP(H32,'[1]Consolidado MP Planta'!$A$2:$M$823,12,0),"") | F32: =IFERROR(C32*E32,"") | G32: =IFERROR(F32/$F$66,"")
A34: UNIDADES | B34: EMPAQUE SEMIELABORADOS | C34: UNIDADES | D34: UND MEDIDA | E34: COSTO UNITARIO | F34: TOTAL COSTO | G34: % PREC. DEFINIDO | H34: CODIGOS
A35: =+A17 -> 0 | B35: =IFERROR(VLOOKUP(H35,[1]SEMIELABORADOS!$A$2:$M$6000,2,0),"") | C35: =+A35 -> 0 | D35: =IFERROR(VLOOKUP(H35,[1]SEMIELABORADOS!$A$2:$M$6000,6,0),"") | E35: =IFERROR(VLOOKUP(H35,[1]SEMIELABORADOS!$A$2:$M$65536,10,0),"") | F35: =IFERROR(E35*C35,"") | G35: =IFERROR(F35/$F$66,"")
A36: =+A18 -> 0 | B36: =IFERROR(VLOOKUP(H36,[1]SEMIELABORADOS!$A$2:$M$6000,2,0),"") | C36: =+A36 -> 0 | D36: =IFERROR(VLOOKUP(H36,[1]SEMIELABORADOS!$A$2:$M$6000,6,0),"") | E36: =IFERROR(VLOOKUP(H36,[1]SEMIELABORADOS!$A$2:$M$65536,10,0),"") | F36: =IFERROR(E36*C36,"") | G36: =IFERROR(F36/$F$66,"")
A37: =+A19 -> 0 | B37: =IFERROR(VLOOKUP(H37,[1]SEMIELABORADOS!$A$2:$M$6000,2,0),"") | C37: =+A37 -> 0 | D37: =IFERROR(VLOOKUP(H37,[1]SEMIELABORADOS!$A$2:$M$6000,6,0),"") | E37: =IFERROR(VLOOKUP(H37,[1]SEMIELABORADOS!$A$2:$M$65536,10,0),"") | F37: =IFERROR(E37*C37,"") | G37: =IFERROR(F37/$F$66,"")
A38: =+A20 -> 0 | B38: =IFERROR(VLOOKUP(H38,[1]SEMIELABORADOS!$A$2:$M$6000,2,0),"") | C38: =+A38 -> 0 | D38: =IFERROR(VLOOKUP(H38,[1]SEMIELABORADOS!$A$2:$M$6000,6,0),"") | E38: =IFERROR(VLOOKUP(H38,[1]SEMIELABORADOS!$A$2:$M$65536,10,0),"") | F38: =IFERROR(E38*C38,"") | G38: =IFERROR(F38/$F$66,"")
A39: =+A21 -> 0 | B39: =IFERROR(VLOOKUP(H39,[1]SEMIELABORADOS!$A$2:$M$6000,2,0),"") | C39: =+A39 -> 0 | D39: =IFERROR(VLOOKUP(H39,[1]SEMIELABORADOS!$A$2:$M$6000,6,0),"") | E39: =IFERROR(VLOOKUP(H39,[1]SEMIELABORADOS!$A$2:$M$65536,10,0),"") | F39: =IFERROR(E39*C39,"") | G39: =IFERROR(F39/$F$66,"")
A40: =+A22 -> 0 | B40: =IFERROR(VLOOKUP(H40,[1]SEMIELABORADOS!$A$2:$M$6000,2,0),"") | C40: =+A40 -> 0 | D40: =IFERROR(VLOOKUP(H40,[1]SEMIELABORADOS!$A$2:$M$6000,6,0),"") | E40: =IFERROR(VLOOKUP(H40,[1]SEMIELABORADOS!$A$2:$M$65536,10,0),"") | F40: =IFERROR(E40*C40,"") | G40: =IFERROR(F40/$F$66,"")
A41: =+A23 -> 0 | B41: =IFERROR(VLOOKUP(H41,[1]SEMIELABORADOS!$A$2:$M$6000,2,0),"") | C41: =+A41 -> 0 | D41: =IFERROR(VLOOKUP(H41,[1]SEMIELABORADOS!$A$2:$M$6000,6,0),"") | E41: =IFERROR(VLOOKUP(H41,[1]SEMIELABORADOS!$A$2:$M$65536,10,0),"") | F41: =IFERROR(E41*C41,"") | G41: =IFERROR(F41/$F$66,"")
A43: UNIDADES | B43: MODI | C43: UNIDADES | D43: UND MEDIDA | E43: COSTO UNITARIO | F43: TOTAL COSTO | G43: % PREC. DEFINIDO | H43: CODIGOS
A44: =+A35 -> 0 | B44: =IFERROR(VLOOKUP(H44,[1]SEMIELABORADOS!$A$2:$M$6000,2,0),"") | C44: =+A44 -> 0 | D44: =IFERROR(VLOOKUP(H44,[1]SEMIELABORADOS!$A$2:$M$6000,6,0),"") | E44: =IFERROR(VLOOKUP(H44,[1]SEMIELABORADOS!$A$2:$M$65536,12,0),"") | F44: =IFERROR(E44*C44,"") | G44: =IFERROR(F44/$F$66,"")
A45: =+A36 -> 0 | B45: =IFERROR(VLOOKUP(H45,[1]SEMIELABORADOS!$A$2:$M$6000,2,0),"") | C45: =+A45 -> 0 | D45: =IFERROR(VLOOKUP(H45,[1]SEMIELABORADOS!$A$2:$M$6000,6,0),"") | E45: =IFERROR(VLOOKUP(H45,[1]SEMIELABORADOS!$A$2:$M$65536,12,0),"") | F45: =IFERROR(E45*C45,"") | G45: =IFERROR(F45/$F$66,"")
A46: =+A37 -> 0 | B46: =IFERROR(VLOOKUP(H46,[1]SEMIELABORADOS!$A$2:$M$6000,2,0),"") | C46: =+A46 -> 0 | D46: =IFERROR(VLOOKUP(H46,[1]SEMIELABORADOS!$A$2:$M$6000,6,0),"") | E46: =IFERROR(VLOOKUP(H46,[1]SEMIELABORADOS!$A$2:$M$65536,12,0),"") | F46: =IFERROR(E46*C46,"") | G46: =IFERROR(F46/$F$66,"")
A47: =+A38 -> 0 | B47: =IFERROR(VLOOKUP(H47,[1]SEMIELABORADOS!$A$2:$M$6000,2,0),"") | C47: =+A47 -> 0 | D47: =IFERROR(VLOOKUP(H47,[1]SEMIELABORADOS!$A$2:$M$6000,6,0),"") | E47: =IFERROR(VLOOKUP(H47,[1]SEMIELABORADOS!$A$2:$M$65536,12,0),"") | F47: =IFERROR(E47*C47,"") | G47: =IFERROR(F47/$F$66,"")
A48: =+A39 -> 0 | B48: =IFERROR(VLOOKUP(H48,[1]SEMIELABORADOS!$A$2:$M$6000,2,0),"") | C48: =+A48 -> 0 | D48: =IFERROR(VLOOKUP(H48,[1]SEMIELABORADOS!$A$2:$M$6000,6,0),"") | E48: =IFERROR(VLOOKUP(H48,[1]SEMIELABORADOS!$A$2:$M$65536,12,0),"") | F48: =IFERROR(E48*C48,"") | G48: =IFERROR(F48/$F$66,"")
A49: =+A40 -> 0 | B49: =IFERROR(VLOOKUP(H49,[1]SEMIELABORADOS!$A$2:$M$6000,2,0),"") | C49: =+A49 -> 0 | D49: =IFERROR(VLOOKUP(H49,[1]SEMIELABORADOS!$A$2:$M$6000,6,0),"") | E49: =IFERROR(VLOOKUP(H49,[1]SEMIELABORADOS!$A$2:$M$65536,12,0),"") | F49: =IFERROR(E49*C49,"") | G49: =IFERROR(F49/$F$66,"")
A50: =+A41 -> 0 | B50: =IFERROR(VLOOKUP(H50,[1]SEMIELABORADOS!$A$2:$M$6000,2,0),"") | C50: =+A50 -> 0 | D50: =IFERROR(VLOOKUP(H50,[1]SEMIELABORADOS!$A$2:$M$6000,6,0),"") | E50: =IFERROR(VLOOKUP(H50,[1]SEMIELABORADOS!$A$2:$M$65536,12,0),"") | F50: =IFERROR(E50*C50,"") | G50: =IFERROR(F50/$F$66,"")
A51: 1 | B51: MODI PREPARACION | C51: =+A51 -> 1 | D51: N/A | E51: =+F65 -> 61 | F51: =IFERROR(C51*E51,"") -> 61 | G51: =IFERROR(F51/$F$66,"") -> 0.20674518
B53: TOTAL MATERIA PRIMA | F53: =SUM(F8:F14,F17:F24) -> 229.46 | G53: =+F53/$F$66 -> 0.7777008 | H53: =+F53/$D$60 -> 229.46
B54: TOTAL EMPAQUE | F54: =SUM(F27:F32,F35:F41) -> 0 | G54: =+F54/$F$66 -> 0 | H54: =+F54/$D$60 -> 0 | K54: TOTAL MATERIA PRIMA + EMPAQUE | O54: =+F55 -> 229.46
B55: TOTAL MATERIAS P. + EMPAQUES | F55: =+F53+F54 -> 229.46 | G55: =+F55/$F$66 -> 0.7777008 | H55: =+F55/$D$60 -> 229.46 | M55: MODI PLANTA | O55: =+H56 -> 61
C56: TOTAL MODI | F56: =SUM(F44:F51) -> 61 | G56: =+F56/$F$66 -> 0.20674518 | H56: =+F56/$D$60 -> 61 | M56: DESECHO | O56: =O54*N56 -> 0
M57: COSTO PLANTA | O57: =SUM(O54:O56) -> 290.46
B58: GRAMOS | D58: 100 | H58: =+H56/61 -> 1 | M58: % GIF | O58: =+H59 -> 58
B59: PESO POR UNIDAD | D59: 100 | H59: =+H58*58 -> 58 | M59: COSTO PLANTA | O59: =SUM(O57:O58) -> 348.46
B60: UNIDADES TOTALES | D60: =+D58/D59 -> 1 | O60: =+O59*N60 -> 0
B61: UNIDAD MEDIDA | K61: PRECIO DE VENTA PLANTA A LOCAL | O61: =SUM(O59:O60) -> 348.46 | P61: GR
E62: S/ COSTO | F62: TOTAL | L62: UNIDAD | O62: =+O61/D60 -> 348.46 | P62: =+O62/D59 -> 3.4846
B63: TOTAL MATERIAS P. + EMPAQUES | E63: =+F63/F63 -> 1 | F63: =SUM(F55) -> 229.46 | G63: =+F63/$F$66 -> 0.7777008
B64: DESECHOS Y PERDIDAS | E64: 0.02 | F64: =+F53*E64 -> 4.5892 | G64: =+F64/$F$66 -> 0.015554016
B65: MANO OBRA DIRECTA | D65: 1 | E65: 61 | F65: =+E65*D65 -> 61 | G65: =+F65/$F$66 -> 0.20674518
B66: TOTAL COSTO PLANTA | F66: =SUM(F63:F65) -> 295.0492 | G66: =+F66/$F$66 -> 1 | M66: MODI 61 COLONES X MIN
M67: Gf 58 colones min
B68: COSTO POR GRAMO | M68: ,
B69: TOTAL COSTO MATERIA PRIMA | C69: =+F53 -> 229.46 | D69: =+D58 -> 100 | E69: =+C69/D69 -> 2.2946
B71: TOTAL COSTO UNIDAD MP+DESECHO+EMPAQUE | C71: =SUM(F63:F64) -> 234.0492 | D71: =+D58 -> 100 | E71: =+C71/D71 -> 2.340492
B73: TOTAL MODI PREPARACION POR GRAMO | C73: =+F65 -> 61 | D73: =+D58 -> 100 | E73: =+C73/D73 -> 0.61
B74: TOTAL MODI POR GRAMO | C74: =+F56 -> 61 | D74: =+D73 -> 100 | E74: =+C74/D74 -> 0.61
B76: TOTAL EMPAQUE POR GRAMO | C76: =+F54 -> 0 | D76: =+D74 -> 100 | E76: =+C76/D76 -> 0
B78: TOTAL GRAMO MP+MODI | E78: =+E69+E74 -> 2.9046
B80: COSTO POR UNIDAD
B81: TOTAL COSTO MATERIA PRIMA | C81: =+C69 -> 229.46 | D81: =+D60 -> 1 | E81: =+C81/D81 -> 229.46
B83: TOTAL COSTO UNIDAD MP+DESECHO+EMPAQUE | C83: =+C71 -> 234.0492 | D83: =+D60 -> 1 | E83: =+C83/D83 -> 234.0492
B85: TOTAL MODI POR GRAMO | C85: =+C73 -> 61 | D85: =+D60 -> 1 | E85: =+C85/D85 -> 61
B86: TOTAL MODI POR GRAMO | C86: =+C74 -> 61 | D86: =+D85 -> 1 | E86: =+C86/D86 -> 61

Sheet Ensamble torta nucita
C1: SERVICIOS DE PASTELERIA S.A. | H1: CÓDIGO:
C2: ESPECIFICACION DE RECETA | H2: REVISIÓN:
C3: Torta Nucita FAS | H3: FECHA DE APROBACIÓN:
C4: Elaborado | D4: Juan Pablo Brenes , chef
C5: Aprobado | D5: Esteban Cartin, Gte Manufactura
A6: AREA QUE PRODUCE: | D6: DECORACIÓN | G6: AREA QUE EMPACA: | I6: DECORACIÓN
A7: # Código | B7: # Codigo Netsuite | C7: Descripción del ingrediente | D7: Marca | E7: Unidad Internacional | G7: Medida alternativa | I7: Costo - Referencia
E8: Cantidad | F8: Unidad medida | G8: Cantidad | H8: Unidad medida | I8: Colones
A9: 907000309 | B9: SE00450 | C9: Rosquete Vainilla Dawn 300g | D9: FAS | E9: 375 | F9: g | G9: 1 1/2 ud
A10: NUEVO | B10: NUEVO | C10: RELLENO FRESA NUCITA | D10: FAS | E10: 140 | F10: g | G10: 3/4 TAZA
A11: NUEVO | B11: NUEVO | C11: RELLENO NUCITA CHOCOLATE | D11: FAS | E11: 180 | F11: g | G11: 3/4 TAZA
C13: DECORACION
A14: NUEVO | B14: NUEVO | C14: CREMA BLANCA BUCCA | D14: FAS | E14: 120 | F14: g
A15: 11400027 | B15: MP10006 | C15: Crema Bettercream Doble Chocolate | D15: FAS | E15: 10 | F15: g
A16: NUEVO | B16: NUEVO | C16: SIROPE ROJO BUCCA | D16: FAS | E16: 10 | F16: g
A17: NUEVO | B17: NUEVO | C17: CREMA CHANTILLY FRESA BUCCA | D17: FAS | E17: 50 | F17: g | G17: 2cs
A18: 95718 | B18: SE00024 | C18: CREMA CHANTILLY CHOCO (SPOON-IND)(24875g | D18: FAS | E18: 40 | F18: g | G18: 2CS
A19: 908000045 | B19: SE00051 | C19: Ganache Chocolate Blanco | D19: FAS | E19: 50 | F19: g
C21: EMPAQUE
A22: 121603 | B22: EM10009 | C22: Quequera Red Base/Domo 10 | D22: Export pmt | E22: 1 | F22: ud
A23: 1952875 | B23: EM10084 | C23: Orla # 10 Bucca | E23: 1 | F23: 1952875
A24: 2172411 | B24: EM10112 | C24: ET. TORTA BUCCA GENERICA | D24: Litografia CR | E24: 1 | F24: ud
A25: 702012 | B25: EM10005 | C25: ETIQ.FECHA VENCIMIENTO | D25: Etiplast | E25: 1 | F25: ud
A26: 702069 | B26: EM10002 | C26: ETIQ.BLANCA 1 1/4 * 3/4 | D26: Cemusa | E26: 1 | F26: ud
A27: 702123 | B27: EM10011 | C27: ETIQUETA BLANCA 2 5/8X1 15/16 PRE BLANCA | D27: Etiplast | E27: 1 | F27: ud
A28: 703020 | B28: EM10248 | C28: CINTA ADHESIVA TRANSPARENTE 2*100 | D28: Mayca | E28: 60 | F28: cm
D32: Cantidad | E32: Unidad
A33: PESO TOTAL OBTENIDO | D33: 950 | E33: g | F33: Tiempo de Horneo:
A34: TIEMPO TOTAL DE PREPARACION | D34: 7 | E34: min | F34: Horno:
A35: CANTIDAD DE PORCIONES OBTENIDAS | D35: 1 | E35: ud | F35: Temperatura de Horneo:
A36: PESO DE CADA PORCIÓN | D36: 900 | E36: g | F36: Otros
A37: MERMA | D37: =SUM(E9:E19)-D33 -> 25 | E37: g
A38: PROCEDIMIENTO DE PREPARACION DE LA RECETA
A39: 1.- Cortar los rosquete por la mitad y rellenar la primer capa con el relleno de fresa nucita y la segunda con el de chocolate. Colocar en la orla
A40: 2.- Encremar con la crema blanca bucca y marmolear abajo con doble chocolate y arriba con sirope rojo, debe quedar lisa.
A41: 3.- Con la boquilla 2CS hacer colochos rosados en el borde y de chocolate adentro, en el centro colocar el ganache blanco.
A42: 4.- Tapar y etiquetar.
A45: CONTROL DE CAMBIOS

Sheet Ensamble 2
C1: SERVICIOS DE PASTELERIA S.A. | H1: CÓDIGO:
C2: ESPECIFICACION DE RECETA | H2: REVISIÓN:
C3: Torta Nucita FAS | H3: FECHA DE APROBACIÓN:
C4: Elaborado | D4: Juan Pablo Brenes , chef
C5: Aprobado | D5: Esteban Cartin, Gte Manufactura
A6: AREA QUE PRODUCE: | D6: DECORACIÓN | G6: AREA QUE EMPACA: | I6: DECORACIÓN
A7: # Código | B7: # Codigo Netsuite | C7: Descripción del ingrediente | D7: Marca | E7: Unidad Internacional | G7: Medida alternativa | I7: Costo - Referencia
E8: Cantidad | F8: Unidad medida | G8: Cantidad | H8: Unidad medida | I8: Colones
A9: 907000309 | B9: SE00450 | C9: Rosquete Vainilla Dawn 300g | D9: FAS | E9: 375 | F9: g | G9: 1 1/2 ud
A10: NUEVO | B10: NUEVO | C10: RELLENO FRESA NUCITA | D10: FAS | E10: 70 | F10: g | G10: 2/3 taza
A11: NUEVO | B11: NUEVO | C11: RELLENO NUCITA CHOCOLATE | D11: FAS | E11: 80 | F11: g | G11: 2/3 taza
C13: DECORACION
A14: NUEVO | B14: NUEVO | C14: CREMA BLANCA BUCCA | D14: FAS | E14: 120 | F14: g
A15: 11400027 | B15: MP10006 | C15: Crema Bettercream Doble Chocolate | D15: FAS | E15: 10 | F15: g
A16: NUEVO | B16: NUEVO | C16: SIROPE ROJO BUCCA | D16: FAS | E16: 10 | F16: g
A17: NUEVO | B17: NUEVO | C17: CREMA CHANTILLY FRESA BUCCA | D17: FAS | E17: 50 | F17: g | G17: 2cs
A18: 95718 | B18: SE00024 | C18: CREMA CHANTILLY CHOCO (SPOON-IND)(24875g | D18: FAS | E18: 40 | F18: g | G18: 2CS
A19: NUEVO | B19: NUEVO | C19: CREMA BLANCA BUCCA | D19: FAS | E19: 30 | F19: g | G19: 2CS
C21: EMPAQUE
A22: 121603 | B22: EM10009 | C22: Quequera Red Base/Domo 10 | D22: Export pmt | E22: 1 | F22: ud
A23: 1952875 | B23: EM10084 | C23: Orla # 10 Bucca | E23: 1 | F23: 1952875
A24: 2172411 | B24: EM10112 | C24: ET. TORTA BUCCA GENERICA | D24: Litografia CR | E24: 1 | F24: ud
A25: 702012 | B25: EM10005 | C25: ETIQ.FECHA VENCIMIENTO | D25: Etiplast | E25: 1 | F25: ud
A26: 702069 | B26: EM10002 | C26: ETIQ.BLANCA 1 1/4 * 3/4 | D26: Cemusa | E26: 1 | F26: ud
A27: 702123 | B27: EM10011 | C27: ETIQUETA BLANCA 2 5/8X1 15/16 PRE BLANCA | D27: Etiplast | E27: 1 | F27: ud
A28: 703020 | B28: EM10248 | C28: CINTA ADHESIVA TRANSPARENTE 2*100 | D28: Mayca | E28: 60 | F28: cm
D32: Cantidad | E32: Unidad
A33: PESO TOTAL OBTENIDO | D33: 785 | E33: g | F33: Tiempo de Horneo:
A34: TIEMPO TOTAL DE PREPARACION | D34: 7 | E34: min | F34: Horno:
A35: CANTIDAD DE PORCIONES OBTENIDAS | D35: 1 | E35: ud | F35: Temperatura de Horneo:
A36: PESO DE CADA PORCIÓN | D36: 785 | E36: g | F36: Otros
A37: MERMA | D37: 0 | E37: g
A38: PROCEDIMIENTO DE PREPARACION DE LA RECETA
A39: 1.- Cortar los rosquete por la mitad y rellenar la primer capa con el relleno de fresa nucita y la segunda con el de chocolate. Colocar en la orla
A40: 2.- Encremar con la crema blanca bucca y marmolear abajo con doble chocolate y arriba con sirope rojo, debe quedar lisa.
A41: 3.- Con la boquilla 2CS hacer colochos rosados en el borde y de chocolate adentro, y al centro con crema chantilly blanco.
A42: 4.- Tapar y etiquetar.
A45: CONTROL DE CAMBIOS

Sheet Almibar 
D1: SERVICIOS DE PASTELERIA S.A. | I1: CÓDIGO: | J1: ESP-RE-COCS-034
D2: ESPECIFICACION DE RECETA | I2: REVISIÓN: | J2: 10
D3: 908000021(SE00005) - ALMIBAR | I3: FECHA DE APROBACIÓN: | J3: 44091
D4: Elaborado | E4: Javier Tong, Chef
D5: Aprobado | E5: Jeffry Rodriguez, gerente de manufactura
B6: # Código | C6: # Codigo Netsuite | D6: Descripción del ingrediente | E6: Marca | F6: Unidad Internacional | H6: Medida alternativa | J6: Costo - Referencia
F7: Cantidad | G7: Unidad medida | H7: Cantidad | I7: Unidad medida | J7: Colones
B9: 10415 | D9: AGUA POTABLE (PLANTA) | E9: FAS | F9: 21400 | G9: g
B10: 90100131 | C10: SE00016 | D10: AZUCAR BLANCO INDUSTRIAL KILO | E10: FAS | F10: 8000 | G10: g
B11: 10100311 | C11: MP10095 | D11: Canela En Astilla | E11: PRIMA | F11: 5 | G11: g
B12: 0810288 | C12: MP10598 | D12: Jugo de Naranja TB | E12: DOS PINOS | F12: 2000 | G12: g
B13: 1212410 | C13: MP10008 | D13: PRESERVANTE 1047S (PAQ=5 KILO) | E13: ASEAL | F13: 66 | G13: g
B15: 512000002 | C15: EM10259 | D15: PLASTICO AUTOAD (UND: 18 * 2000 M) | F15: 400 | G15: cm
B16: 0702123 | C16: EM10011 | D16: ETIQUETA BLANCA 2 5/8X1 15/16 (UND) | F16: 2 | G16: ud
B28: PESO TOTAL OBTENIDO | E28: 31300 | F28: g | G28: Tiempo de Horneo:
B29: TIEMPO TOTAL DE PREPARACION | E29: 15 | F29: min | G29: Horno:
B30: CANTIDAD DE PORCIONES OBTENIDAS | E30: =+E28/E31 -> 1 | F30: Porciones | G30: Temperatura de Horneo:
B31: PESO DE CADA PORCIÓN | E31: 31300 | F31: g | G31: Otros
B32: MERMA | E32: =(SUM(F9:F13))-E28 -> 171 | F32: g
B33: PROCEDIMIENTO DE PREPARACION DE LA RECETA
B34: 1 Colocar en una olla el agua, jugo de naranja, azúcar y mezclar bien. Añadir luego el preservante y disolverlo por completo.
B35: 2 Llevar a fuego alto hasta obtener el herbor, dejar herbir unos 5 minutos.sacar la astilla de canela
B36: 3 Despues de la cocción, retirar del fuego y colocar en un bote cubrir con plastico adhesivo y dejar enfirar. Guardar en Camaras de Refrige.
B38: Control de cambios
B39: 09: Cambio código
B40: 10: Actualizacion de codigos

Sheet Crema Chantilly Choco
C1: SERVICIOS DE PASTELERIA S.A. | H1: CÓDIGO: | I1: ESP-RE-DES-037
C2: ESPECIFICACION DE RECETA | H2: REVISIÓN: | I2: 11
C3: Crema Chocolate Spoon(23875g) 95718(SE00024) | H3: FECHA DE APROBACIÓN: | I3: 44096
C4: Elaborado | D4: Javier Tong, Chef
C5: Aprobado | D5: Jeffry Rodriguez, Gerente de Manufactura
A6: # Código | B6: # Codigo Netsuite | C6: Descripción del ingrediente | D6: Marca | E6: Unidad Internacional | G6: Medida alternativa | I6: Costo - Referencia
E7: Cantidad | F7: Unidad medida | G7: Cantidad | H7: Unidad medida | I7: Colones
A8: 11400031 | B8: MP10048 | C8: CREMA PRESTIGE GRAND (UND:4 K) | D8: Rich's | E8: 4000 | F8: g | G8: 1 | H8: Galones
A9: 310148 | B9: MP10047 | C9: BETTERCREME SUPREMO (UND:4 K) | D9: Richs | E9: 4000 | F9: g | G9: 1 | H9: Galones
A10: 10415 | C10: AGUA POTABLE (PLANTA) | D10: FAS | E10: 100 | F10: g
A11: 11400027 | B11: MP10006 | C11: CREMA BETTERCREAM DOBLE CHOCO (UND:4 K) | D11: Rich's | E11: 16000 | F11: g | G11: 4 | H11: Galones
A12: 1212410 | B12: MP10008 | C12: PRESERVANTE 1047S (PAQ=5 KILO) | D12: Aseal | E12: 15 | F12: g
A13: 702123 | B13: EM10011 | C13: ETIQUETA BLANCA 2 5/8X1 15/16 (UND) | D13: Etiplast | E13: 1 | F13: ud
D27: Cantidad | E27: Unidad
A28: PESO TOTAL OBTENIDO | D28: 23875 | E28: g | F28: Tiempo de Horneo:
A29: TIEMPO TOTAL DE PREPARACION | D29: 6 | E29: Minutos | F29: Horno:
A30: CANTIDAD DE PORCIONES OBTENIDAS | D30: 1 | E30: Top Cream | F30: Temperatura de Horneo:
A31: PESO DE CADA PORCIÓN | D31: =D28 -> 23875 | E31: g | F31: Otros
A32: MERMA | D32: =SUM(E8:E12)-D28 -> 240 | E32: g
A33: PROCEDIMIENTO DE PREPARACION DE LA RECETA
A34: 1.- Abrir los galones de crema y verter dentro de la maquina.
A35: 2.- Dosilver el preservante en el agua
A36: 3.- Agregar el agua debidamente pesada.
A37: 4.- Batir por 16 minutos. Mantener en refigeración 5°C y 7°C.
A38: 5.- Guardar en tuppers sanitizados con tapa y etiquetados .
A39: 6.- En caso de sobrantes guardar, etiquetar, no más de 24 horas.
A40: Control de cambios
A41: 11, Actualizacion de codigos

Sheet Premezcla Vainilla Dawn
C1: SERVICIOS DE PASTELERIA S.A. | H1: CÓDIGO: | I1: ESP-RE-PRES-132
C2: ESPECIFICACION DE RECETA | H2: REVISIÓN: | I2: 02
C3: 906000138(SE00443) Premezcla Batido Nucleo Vainilla Dawn | H3: FECHA DE APROBACIÓN: | I3: 45187
C4: Elaborado | D4: Javier Tong, chef
C5: Aprobado | D5: Esteban Cartin, Gte Manufactura
A7: AREA QUE PRODUCE: | D7: Premezcla | G7: AREA QUE EMPACA: | I7: Premezcla
A8: # Código | B8: # Codigo Netsuite | C8: Descripción del ingrediente | D8: Marca | E8: Unidad Internacional | G8: Medida alternativa | I8: Costo - Referencia
E9: Cantidad | F9: Unidad medida | G9: Cantidad | H9: Unidad medida | I9: Colones
A10: 510301 | B10: MP10074 | C10: AZUCAR BLANCO INDUSTRIAL (SACO:50 K) | D10: LAICA | E10: 5820 | F10: g | G10: =E10/13.547 -> 429.61541
A11: 11200072 | B11: MP10478 | C11: HARINA SILVER CAKE | D11: FAHACASA | E11: 3622 | F11: g | G11: =E11/13.547 -> 267.36547
A12: 11200087 | B12: MP10493 | C12: COCENTRADO VAINILLA DAWN | D12: DAWN | E12: 3492 | F12: g | G12: =E12/13.547 -> 257.76925
A13: 1160001 | B13: MP10481 | C13: GOMA XANTANA | D13: MABAKER & CHEF | E13: 60 | F13: g | G13: =E13/13.547 -> 4.4290249
A14: 1212410 | B14: MP10008 | C14: PRESERVANTE 1047S (PAQ=5 KILO) | D14: ASEAL | E14: 38 | F14: g | G14: =E14/13.547 -> 2.8050491
A15: 10100337 | B15: MP10494 | C15: CMC | D15: UNIVERSAL DE ALIMENTOS | E15: 30 | F15: g | G15: =E15/13.547 -> 2.2145124
A16: 310145 | B16: MP10234 | C16: LECHE POLVO INDUSTRIAL (SACO:25 KG) | D16: DOS PINOS | E16: 518 | F16: g | G16: =E16/13.547 -> 38.237248
A17: 503000036 | B17: MP10085 | C17: BICARBONATO DE SODIO (PAQ:2.5 K) | E17: 65 | F17: g | G17: =E17/13.547 -> 4.7981103
G18: =E18/13.547 -> 0
A19: 1950708 | B19: EM10013 | C19: BOLSA 17x25 TRANSP KILO | E19: 2 | F19: ud | G19: =E19/13.547 -> 0.14763416
A20: 60100010 | B20: EM10133 | C20: ETIQUETA ROJA LETRA ALERJENO (UND) | E20: 2 | F20: ud | G20: =E20/13.547 -> 0.14763416
A21: 702123 | B21: EM10011 | C21: ETIQUETA BLANCA 2 5/8X1 15/16 (UND) | E21: 2 | F21: ud | G21: =E21/13.547 -> 0.14763416
A22: 1950705 | B22: EM10037 | C22: BOLSA 8x12 TRANSPARENTE KILO | E22: 1 | F22: ud | G22: =E22/13.547 -> 0.073817081
G25: 24000 | H25: =+E12/G25 -> 0.1455
D27: Cantidad | E27: Unidad
A28: PESO TOTAL OBTENIDO | D28: =SUM(E10:E16) -> 13580 | E28: g
A29: TIEMPO TOTAL DE PREPARACION | D29: 3 | E29: min
A30: CANTIDAD DE PORCIONES OBTENIDAS | D30: 1 | E30: ud
A31: PESO DE CADA PORCIÓN | D31: =+D28 -> 13580 | E31: g
A32: MERMA | D32: 0 | E32: g
A33: PROCEDIMIENTO DE PREPARACION DE LA RECETA
A34: 1, En una bolsa 17x25 empacar el azucar. Etiquetar
A35: 2, En una bolsa 17x25 empacar las harinas, concentrado,cmc, leche en polvo y la goma. Etiquetar
A36: 3, En una bolsa 8*12 pesar el preservante y el bicarbonato (se debe pesar justo antes de su uso)
A43: Control de cambios
A44: Revision #2: Ajuste en la cantidad de goma xantana y cmc

Sheet Batido Nucleo Vainilla Dawn
C1: SERVICIOS DE PASTELERIA S.A. | H1: CÓDIGO: | I1: ESP-RE-BAS-169
C2: ESPECIFICACION DE RECETA | H2: REVISIÓN: | I2: 02
C3: 907000306(SE00444) Batido Nucleo vainilla Dawn | H3: FECHA DE APROBACIÓN: | I3: 27/01/2023
C4: Elaborado | D4: Javier Tong, chef
C5: Aprobado | D5: Esteban Cartin, Gte Manufactura
A7: AREA QUE PRODUCE: | D7: Batidos | G7: AREA QUE EMPACA: | I7: Batidos
A8: # Código | B8: # Codigo Netsuite | C8: Descripción del ingrediente | D8: Marca | E8: Unidad Internacional | G8: Medida alternativa | I8: Costo - Referencia
E9: Cantidad | F9: Unidad medida | H9: Unidad medida | I9: Colones
A10: 906000138 | B10: SE00443 | C10: PREMEZCLA BATIDO NUCLEO VAINILLA DAWN | D10: FAS | E10: 13547 | F10: g | G10: =E10/24 -> 564.45833 | H10: =E10/24 -> 564.45833
A11: 1210482 | B11: MP10005 | C11: HUEVO ENTERO PASTERI INNOVO ( CAJA: 10 K) | D11: INNOVO | E11: 9055 | F11: g | G11: =E11/24 -> 377.29167 | H11: =E11/24 -> 377.29167
A12: 10415 | C12: AGUA POTABLE (PLANTA) | D12: FAS | E12: 1940 | F12: g | G12: =E12/24 -> 80.833333 | H12: =E12/24 -> 80.833333
A13: 1212437 | B13: MP10315 | C13: PRESERVANTE MIXTO (UND:17 K) | D13: PURATOS | E13: 855 | F13: g | G13: =E13/24 -> 35.625 | H13: =E13/24 -> 35.625
G14: =E14/24 -> 0 | H14: =E14/24 -> 0
D25: Cantidad | E25: Unidad
A26: PESO TOTAL OBTENIDO | D26: 24000 | E26: g
A27: TIEMPO TOTAL DE PREPARACION | D27: 10 | E27: min
A28: CANTIDAD DE PORCIONES OBTENIDAS | D28: 1 | E28: Tanda
A29: PESO DE CADA PORCIÓN | D29: =+D26 -> 24000 | E29: g
A30: MERMA | D30: =SUM(E10:E13)-D26 -> 1397 | E30: g
A31: PROCEDIMIENTO DE PREPARACION DE LA RECETA
A32: 1, Disolver el preservante y el polvo de hornear con el agua y ayuda de un batidor de mano.
A33: 2, Colocar los liquidos en la batidora, posterior agregar los ingredientes secos
A34: 3, Batir por 1 min en velocidad 1. Con paleta
A35: 4, Batir 7 min en velocidad 3. con globo
A41: Control de cambios
A42: 2, Se reduce la cantidad de Mixo.

Sheet Rosquete Vainilla Dawn 300 g
C1: SERVICIOS DE PASTELERIA S.A. | H1: CÓDIGO: | I1: ESP-RE-BAS-179
C2: ESPECIFICACION DE RECETA | H2: REVISIÓN: | I2: 02
C3: 907000309(SE00450) Rosquete nucleo vainilla Dawn Redondo 300g | H3: FECHA DE APROBACIÓN: | I3: 23/03/2023
C4: Elaborado | D4: Javier Tong, Chef
C5: Aprobado | D5: Esteban Cartín. Gte de Manufactura
A6: # Código | B6: # Codigo Netsuite | C6: Descripción del ingrediente | D6: Marca | E6: Unidad Internacional | G6: Medida alternativa | I6: Costo - Referencia
E7: Cantidad | F7: Unidad medida | G7: Cantidad | H7: Unidad medida | I7: Colones
A8: 907000306 | B8: SE00444 | C8: BATIDO NUCLEO VAINILLA DAWN | D8: FAS | E8: 24000 | F8: g
C10: EMPAQUE
A11: 902000019 | C11: MEZCLA P/ENGRASE MOLDES KILO | D11: FAS | E11: =10*D21 -> 780 | F11: g
A12: 1950928 | B12: AS00028 | C12: BOLSA TRANSPARENTE 56X96X1.80 KILO | D12: Plasticos P | E12: 7 | F12: ud
A13: 0702007 | B13: EM10004 | C13: ETIQ.FECHA VENCIMIENTO BLANCO (ROLLO) | D13: Etiplast | E13: 7 | F13: ud
A14: 0702069 | B14: EM10002 | C14: ETIQ.BLANCA 1 1/4 * 3/4 (UND) | D14: Cemusa | E14: 7 | F14: ud
D18: Cantidad | E18: Unidad
A19: PESO TOTAL OBTENIDO | D19: =78*300 -> 23400 | E19: g | F19: Tiempo de Horneo:
A20: TIEMPO TOTAL DE PREPARACION | D20: 25 | E20: Min | F20: Horno:
A21: CANTIDAD DE PORCIONES OBTENIDAS | D21: =+D19/D22 -> 78 | E21: ud | F21: Temperatura de Horneo:
A22: PESO DE CADA PORCIÓN | D22: 300 | E22: g | F22: Otros
A23: MERMA | D23: =+E8-D19 -> 600 | E23: g
A24: PROCEDIMIENTO DE PREPARACION DE LA RECETA
A25: 1.- Pesar 300g de mezcla en los moldes previamente engrasados.
A26: 2.- Hornear por Dicte 1 o 2 a 175°C por 50 min.
A27: 3.- Enfriar, desmoldar, colocar 12 rosquetes por lata, etiquetar con nombre y fecha de producción.
A29: Control de cambios
A30: 2, Cambio de horneo

Sheet Ensamble 3
C1: SERVICIOS DE PASTELERIA S.A. | H1: CÓDIGO:
C2: ESPECIFICACION DE RECETA | H2: REVISIÓN:
C3: Torta Nucita FAS | H3: FECHA DE APROBACIÓN:
C4: Elaborado | D4: Juan Pablo Brenes , chef
C5: Aprobado | D5: Esteban Cartin, Gte Manufactura
A6: AREA QUE PRODUCE: | D6: DECORACIÓN | G6: AREA QUE EMPACA: | I6: DECORACIÓN
A7: # Código | B7: # Codigo Netsuite | C7: Descripción del ingrediente | D7: Marca | E7: Unidad Internacional | G7: Medida alternativa | I7: Costo - Referencia
E8: Cantidad | F8: Unidad medida | G8: Cantidad | H8: Unidad medida | I8: Colones
A9: 907000309 | B9: SE00450 | C9: Rosquete Vainilla Dawn 300g | D9: FAS | E9: 375 | F9: g | G9: 1 1/2 ud
A10: 908000021 | B10: SE00005 | C10: Almibar | D10: FAS | E10: 150 | F10: g | G10: 50G C/U
A11: NUEVO | B11: NUEVO | C11: RELLENO FRESA NUCITA | D11: FAS | E11: 70 | F11: g | G11: 2/3 taza
A12: NUEVO | B12: NUEVO | C12: RELLENO NUCITA CHOCOLATE | D12: FAS | E12: 80 | F12: g | G12: 2/3 taza
C14: DECORACION
A15: NUEVO | B15: NUEVO | C15: CREMA BLANCA BUCCA | D15: FAS | E15: 120 | F15: g
A16: 11400027 | B16: MP10006 | C16: Crema Bettercream Doble Chocolate | D16: FAS | E16: 10 | F16: g
A17: NUEVO | B17: NUEVO | C17: SIROPE ROJO BUCCA | D17: FAS | E17: 10 | F17: g
A18: NUEVO | B18: NUEVO | C18: CREMA CHANTILLY FRESA BUCCA | D18: FAS | E18: 50 | F18: g | G18: 2cs
A19: 95718 | B19: SE00024 | C19: CREMA CHANTILLY CHOCO (SPOON-IND)(24875g | D19: FAS | E19: 40 | F19: g | G19: 2CS
A20: NUEVO | B20: NUEVO | C20: CREMA BLANCA BUCCA | D20: FAS | E20: 30 | F20: g | G20: 2CS
C22: EMPAQUE
A23: 121603 | B23: EM10009 | C23: Quequera Red Base/Domo 10 | D23: Export pmt | E23: 1 | F23: ud
A24: 1952875 | B24: EM10084 | C24: Orla # 10 Bucca | E24: 1 | F24: 1952875
A25: 2172411 | B25: EM10112 | C25: ET. TORTA BUCCA GENERICA | D25: Litografia CR | E25: 1 | F25: ud
A26: 702012 | B26: EM10005 | C26: ETIQ.FECHA VENCIMIENTO | D26: Etiplast | E26: 1 | F26: ud
A27: 702069 | B27: EM10002 | C27: ETIQ.BLANCA 1 1/4 * 3/4 | D27: Cemusa | E27: 1 | F27: ud
A28: 702123 | B28: EM10011 | C28: ETIQUETA BLANCA 2 5/8X1 15/16 PRE BLANCA | D28: Etiplast | E28: 1 | F28: ud
A29: 703020 | B29: EM10248 | C29: CINTA ADHESIVA TRANSPARENTE 2*100 | D29: Mayca | E29: 60 | F29: cm
D33: Cantidad | E33: Unidad
A34: PESO TOTAL OBTENIDO | D34: 930 | E34: g | F34: Tiempo de Horneo:
A35: TIEMPO TOTAL DE PREPARACION | D35: 6 | E35: min | F35: Horno:
A36: CANTIDAD DE PORCIONES OBTENIDAS | D36: 1 | E36: ud | F36: Temperatura de Horneo:
A37: PESO DE CADA PORCIÓN | D37: 930 | E37: g | F37: Otros
A38: MERMA | D38: 5 | E38: g
A39: PROCEDIMIENTO DE PREPARACION DE LA RECETA
A40: 1.- Cortar los rosquete por la mitad y rellenar la primer capa con el relleno de fresa nucita y la segunda con el de chocolate. Colocar en la orla
A41: 2.- Encremar con la crema blanca bucca y marmolear abajo con doble chocolate y arriba con sirope rojo, debe quedar lisa.
A42: 3.- Con la boquilla 2CS hacer colochos rosados en el borde y de chocolate adentro, y al centro con crema chantilly blanco.
A43: 4.- Tapar y etiquetar.
A46: CONTROL DE CAMBIOS

Sheet costo Ensamble 
E1: Precio Local | F1: Costo MP | G1: Costo EM | H1: Costo MO
E2: =IFERROR(O68,"") -> 4126.8329 | F2: =IFERROR(H59,"") -> 2467.1123 | G2: =IFERROR(H60,"") -> 607.62968 | H2: =IFERROR(H62,"") -> 539.30712
A5: ESTRUCTURA DE COSTOS
F6: Fecha: | H6: =TODAY() -> 45761
A7: UNIDADES | B7: DESCRIPCION MAT.PRIMA | C7: UNIDADES | D7: UND MEDIDA | E7: COSTO UNITARIO | F7: TOTAL COSTO | G7: % PREC. DEFINIDO | H7: CODIGOS
A8: 10 | B8: =IFERROR(VLOOKUP(H8,'[1]Consolidado MP Planta'!$A$2:$M$823,3,0),"") -> CREMA BETTERCREAM DOBLE CHOCO (UND:4 K) | C8: =+A8 -> 10 | D8: =IFERROR(VLOOKUP(H8,'[1]Consolidado MP Planta'!$A$2:$M$823,13,0),"") -> Gramos | E8: 2.63 | F8: =IFERROR(C8*E8,"") -> 26.3 | G8: =IFERROR(F8/$F$72,"") -> 0.0074061887 | H8: 11400027
B9: =IFERROR(VLOOKUP(H9,'[1]Consolidado MP Planta'!$A$2:$M$823,3,0),"") | C9: =+A9 -> 0 | D9: =IFERROR(VLOOKUP(H9,'[1]Consolidado MP Planta'!$A$2:$M$823,13,0),"") | E9: =IFERROR(VLOOKUP(H9,'[1]Consolidado MP Planta'!$A$2:$M$823,12,0),"") | F9: =IFERROR(C9*E9,"") | G9: =IFERROR(F9/$F$72,"")
B10: =IFERROR(VLOOKUP(H10,'[1]Consolidado MP Planta'!$A$2:$M$823,3,0),"") | C10: =+A10 -> 0 | D10: =IFERROR(VLOOKUP(H10,'[1]Consolidado MP Planta'!$A$2:$M$823,13,0),"") | E10: =IFERROR(VLOOKUP(H10,'[1]Consolidado MP Planta'!$A$2:$M$823,12,0),"") | F10: =IFERROR(C10*E10,"") | G10: =IFERROR(F10/$F$72,"")
B11: =IFERROR(VLOOKUP(H11,'[1]Consolidado MP Planta'!$A$2:$M$823,3,0),"") | C11: =+A11 -> 0 | D11: =IFERROR(VLOOKUP(H11,'[1]Consolidado MP Planta'!$A$2:$M$823,13,0),"") | E11: =IFERROR(VLOOKUP(H11,'[1]Consolidado MP Planta'!$A$2:$M$823,12,0),"") | F11: =IFERROR(C11*E11,"") | G11: =IFERROR(F11/$F$72,"")
B12: =IFERROR(VLOOKUP(H12,'[1]Consolidado MP Planta'!$A$2:$M$823,3,0),"") | C12: =+A12 -> 0 | D12: =IFERROR(VLOOKUP(H12,'[1]Consolidado MP Planta'!$A$2:$M$823,13,0),"") | E12: =IFERROR(VLOOKUP(H12,'[1]Consolidado MP Planta'!$A$2:$M$823,12,0),"") | F12: =IFERROR(C12*E12,"") | G12: =IFERROR(F12/$F$72,"")
B13: =IFERROR(VLOOKUP(H13,'[1]Consolidado MP Planta'!$A$2:$M$823,3,0),"") | C13: =+A13 -> 0 | D13: =IFERROR(VLOOKUP(H13,'[1]Consolidado MP Planta'!$A$2:$M$823,13,0),"") | E13: =IFERROR(VLOOKUP(H13,'[1]Consolidado MP Planta'!$A$2:$M$823,12,0),"") | F13: =IFERROR(C13*E13,"") | G13: =IFERROR(F13/$F$72,"")
B14: =IFERROR(VLOOKUP(H14,'[1]Consolidado MP Planta'!$A$2:$M$823,3,0),"") | C14: =+A14 -> 0 | D14: =IFERROR(VLOOKUP(H14,'[1]Consolidado MP Planta'!$A$2:$M$823,13,0),"") | E14: =IFERROR(VLOOKUP(H14,'[1]Consolidado MP Planta'!$A$2:$M$823,12,0),"") | F14: =IFERROR(C14*E14,"") | G14: =IFERROR(F14/$F$72,"")
B15: =IFERROR(VLOOKUP(H15,'[2]ARTICULOS MP PLANTA'!$A$2:$G$589,2,0),"")
A16: UNIDADES | B16: MATERIA PRIMA SEMIELABORADOS | C16: UNIDADES | D16: UND MEDIDA | E16: COSTO UNITARIO | F16: TOTAL COSTO | G16: % PREC. DEFINIDO | H16: CODIGOS
A17: 1.5 | B17: Rosquete Vainilla Dawn 300g | C17: =+A17 -> 1.5 | D17: UND | E17: 545 | F17: =IFERROR(E17*C17,"") -> 817.5 | G17: =IFERROR(F17/$F$72,"") -> 0.23021138 | H17: 907000309
A18: 100 | B18: RELLENO FRESA NUCITA | C18: =+A18 -> 100 | D18: Gramos | E18: =+'Costo relleno de Fresa'!E69 -> 4.1859785 | F18: =IFERROR(E18*C18,"") -> 418.59785 | G18: =IFERROR(F18/$F$72,"") -> 0.11787888 | H18: NUEVO
A19: 120 | B19: RELLENO NUCITA CHOCOLATE | C19: =+A19 -> 120 | D19: Gramos | E19: =+'Costo Relleno Chocolate '!E69 -> 4.9585185 | F19: =IFERROR(E19*C19,"") -> 595.02222 | G19: =IFERROR(F19/$F$72,"") -> 0.16756072 | H19: NUEVO
A20: 150 | B20: CREMA BLANCA BUCCA | C20: =+A20 -> 150 | D20: Gramos | E20: =+[3]Hoja2!$E$69 -> 2.29685 | F20: =IFERROR(E20*C20,"") -> 344.5275 | G20: =IFERROR(F20/$F$72,"") -> 0.097020368 | H20: NUEVO
A21: 10 | B21: SIROPE ROJO BUCCA | C21: =+A21 -> 10 | D21: Gramos | E21: =+'Costo sirope rojo'!E69 -> 2.2946 | F21: =IFERROR(E21*C21,"") -> 22.946 | G21: =IFERROR(F21/$F$72,"") -> 0.0064616884 | H21: NUEVO
A22: 50 | B22: CREMA CHANTILLY FRESA BUCCA | C22: =+A22 -> 50 | D22: Gramos | E22: =+'Costo Crema Fresa'!E69 -> 2.302375 | F22: =IFERROR(E22*C22,"") -> 115.11875 | G22: =IFERROR(F22/$F$72,"") -> 0.032417916 | H22: NUEVO
A23: 40 | B23: =IFERROR(VLOOKUP(H23,[1]SEMIELABORADOS!$A$2:$M$6000,2,0),"") -> CREMA CHANTILLY CHOCO SPOON KILO | C23: =+A23 -> 40 | D23: =IFERROR(VLOOKUP(H23,[1]SEMIELABORADOS!$A$2:$M$6000,6,0),"") -> Gramo | E23: 2.54 | F23: =IFERROR(E23*C23,"") -> 101.6 | G23: =IFERROR(F23/$F$72,"") -> 0.02861098 | H23: 95718
A24: 150 | B24: =IFERROR(VLOOKUP(H24,[1]SEMIELABORADOS!$A$2:$M$6000,2,0),"") -> ALMIBAR KILO | C24: =+A24 -> 150 | D24: =IFERROR(VLOOKUP(H24,[1]SEMIELABORADOS!$A$2:$M$6000,6,0),"") -> Gramo | E24: 0.17 | F24: =IFERROR(E24*C24,"") -> 25.5 | G24: =IFERROR(F24/$F$72,"") -> 0.0071809054 | H24: 908000021
A26: UNIDADES | B26: EMPAQUE | C26: UNIDADES | D26: UND MEDIDA | E26: COSTO UNITARIO | F26: TOTAL COSTO | G26: % PREC. DEFINIDO | H26: CODIGOS
A27: 1 | B27: =IFERROR(VLOOKUP(H27,'[1]Consolidado MP Planta'!$A$2:$M$823,3,0),"") -> QUEQUERA RED BASE/DOMO 10 (CAJA:50) | C27: =+A27 -> 1 | D27: =IFERROR(VLOOKUP(H27,'[1]Consolidado MP Planta'!$A$2:$M$823,13,0),"") -> UND | E27: 420.9 | F27: =IFERROR(C27*E27,"") -> 420.9 | G27: =IFERROR(F27/$F$72,"") -> 0.11852718 | H27: 121603
A28: 1 | B28: =IFERROR(VLOOKUP(H28,'[1]Consolidado MP Planta'!$A$2:$M$823,3,0),"") -> ORLA # 10 BUCCA (UND) | C28: =+A28 -> 1 | D28: UND | E28: 137 | F28: =IFERROR(C28*E28,"") -> 137 | G28: =IFERROR(F28/$F$72,"") -> 0.038579766 | H28: 1952875
A29: 1 | B29: =IFERROR(VLOOKUP(H29,'[1]Consolidado MP Planta'!$A$2:$M$823,3,0),"") -> ET. TORTA BUCCA GENERICA PEQUEÑA (UND) | C29: =+A29 -> 1 | D29: =IFERROR(VLOOKUP(H29,'[1]Consolidado MP Planta'!$A$2:$M$823,13,0),"") -> Und | E29: 25.8 | F29: =IFERROR(C29*E29,"") -> 25.8 | G29: =IFERROR(F29/$F$72,"") -> 0.0072653866 | H29: 2172411
A30: 1 | B30: =IFERROR(VLOOKUP(H30,'[1]Consolidado MP Planta'!$A$2:$M$823,3,0),"") -> ETIQ.FECHA VENCIMIENTO VERDE (ROLLO) | C30: =+A30 -> 1 | D30: =IFERROR(VLOOKUP(H30,'[1]Consolidado MP Planta'!$A$2:$M$823,13,0),"") -> Und | E30: 0.33 | F30: =IFERROR(C30*E30,"") -> 0.33 | G30: =IFERROR(F30/$F$72,"") -> 9.2929364e-05 | H30: 0702012
A31: 1 | B31: =IFERROR(VLOOKUP(H31,'[1]Consolidado MP Planta'!$A$2:$M$823,3,0),"") -> ETIQ.BLANCA 1 1/4 * 3/4 (UND) | C31: =+A31 -> 1 | D31: =IFERROR(VLOOKUP(H31,'[1]Consolidado MP Planta'!$A$2:$M$823,13,0),"") -> Und | E31: 0.58 | F31: =IFERROR(C31*E31,"") -> 0.58 | G31: =IFERROR(F31/$F$72,"") -> 0.0001633304 | H31: 0702069
A32: 1 | B32: =IFERROR(VLOOKUP(H32,'[1]Consolidado MP Planta'!$A$2:$M$823,3,0),"") -> ETIQUETA BLANCA 2 5/8X1 15/16 (UND) | C32: =+A32 -> 1 | D32: =IFERROR(VLOOKUP(H32,'[1]Consolidado MP Planta'!$A$2:$M$823,13,0),"") -> Und | E32: 2.13 | F32: =IFERROR(C32*E32,"") -> 2.13 | G32: =IFERROR(F32/$F$72,"") -> 0.0005998168 | H32: 0702123
A33: 60 | B33: =IFERROR(VLOOKUP(H33,'[1]Consolidado MP Planta'!$A$2:$M$823,3,0),"") -> CINTA ADHESIVA TRANSPARENT 2*100 M (UND) | C33: =+A33 -> 60 | D33: =IFERROR(VLOOKUP(H33,'[1]Consolidado MP Planta'!$A$2:$M$823,13,0),"") -> Cm | E33: 0.18 | F33: =IFERROR(C33*E33,"") -> 10.8 | G33: =IFERROR(F33/$F$72,"") -> 0.0030413246 | H33: 703020
B34: =IFERROR(VLOOKUP(H34,'[1]Consolidado MP Planta'!$A$2:$M$823,3,0),"") | C34: =+A34 -> 0 | D34: =IFERROR(VLOOKUP(H34,'[1]Consolidado MP Planta'!$A$2:$M$823,13,0),"") | E34: =IFERROR(VLOOKUP(H34,'[1]Consolidado MP Planta'!$A$2:$M$823,12,0),"") | F34: =IFERROR(C34*E34,"") | G34: =IFERROR(F34/$F$72,"")
B35: =IFERROR(VLOOKUP(H35,'[1]Consolidado MP Planta'!$A$2:$M$823,3,0),"") | C35: =+A35 -> 0 | D35: =IFERROR(VLOOKUP(H35,'[1]Consolidado MP Planta'!$A$2:$M$823,13,0),"") | E35: =IFERROR(VLOOKUP(H35,'[1]Consolidado MP Planta'!$A$2:$M$823,12,0),"") | F35: =IFERROR(C35*E35,"") | G35: =IFERROR(F35/$F$72,"")
B36: =IFERROR(VLOOKUP(H36,'[1]Consolidado MP Planta'!$A$2:$M$823,3,0),"") | C36: =+A36 -> 0 | D36: =IFERROR(VLOOKUP(H36,'[1]Consolidado MP Planta'!$A$2:$M$823,13,0),"") | E36: =IFERROR(VLOOKUP(H36,'[1]Consolidado MP Planta'!$A$2:$M$823,12,0),"") | F36: =IFERROR(C36*E36,"") | G36: =IFERROR(F36/$F$72,"")
A38: UNIDADES | B38: EMPAQUE SEMIELABORADOS | C38: UNIDADES | D38: UND MEDIDA | E38: COSTO UNITARIO | F38: TOTAL COSTO | G38: % PREC. DEFINIDO | H38: CODIGOS
A39: =+A17 -> 1.5 | B39: Rosquete Vainilla Dawn 300g | C39: =+A39 -> 1.5 | D39: UND | E39: 6.71 | F39: =IFERROR(E39*C39,"") -> 10.065 | G39: =IFERROR(F39/$F$72,"") -> 0.0028343456 | H39: 907000309
A40: =+A18 -> 100 | B40: RELLENO FRESA NUCITA | C40: =+A40 -> 100 | D40: Gramos | E40: =+'Costo relleno de Fresa'!E76 -> 0 | F40: =IFERROR(E40*C40,"") -> 0 | G40: =IFERROR(F40/$F$72,"") -> 0 | H40: NUEVO
A41: =+A19 -> 120 | B41: RELLENO NUCITA CHOCOLATE | C41: =+A41 -> 120 | D41: Gramos | E41: =+'Costo Relleno Chocolate '!E76 -> 0 | F41: =IFERROR(E41*C41,"") -> 0 | G41: =IFERROR(F41/$F$72,"") -> 0 | H41: NUEVO
A42: =+A20 -> 150 | B42: CREMA BLANCA BUCCA | C42: =+A42 -> 150 | D42: Gramos | E42: =+[3]Hoja2!$E$76 -> 0.0001064 | F42: =IFERROR(E42*C42,"") -> 0.01596 | G42: =IFERROR(F42/$F$72,"") -> 4.494402e-06 | H42: NUEVO
A43: =+A21 -> 10 | B43: SIROPE ROJO BUCCA | C43: =+A43 -> 10 | D43: Gramos | E43: =+'Costo sirope rojo'!E76 -> 0 | F43: =IFERROR(E43*C43,"") -> 0 | G43: =IFERROR(F43/$F$72,"") -> 0 | H43: NUEVO
A44: =+A22 -> 50 | B44: CREMA CHANTILLY FRESA BUCCA | C44: =+A44 -> 50 | D44: Gramos | E44: =+'Costo Crema Fresa'!E76 -> 0.0001064 | F44: =IFERROR(E44*C44,"") -> 0.00532 | G44: =IFERROR(F44/$F$72,"") -> 1.498134e-06 | H44: NUEVO
A45: =+A23 -> 40 | B45: =IFERROR(VLOOKUP(H45,[1]SEMIELABORADOS!$A$2:$M$6000,2,0),"") -> CREMA CHANTILLY CHOCO SPOON KILO | C45: =+A45 -> 40 | D45: =IFERROR(VLOOKUP(H45,[1]SEMIELABORADOS!$A$2:$M$6000,6,0),"") -> Gramo | E45: =IFERROR(VLOOKUP(H45,[1]SEMIELABORADOS!$A$2:$M$65536,10,0),"") -> 8.512e-05 | F45: =IFERROR(E45*C45,"") -> 0.0034048 | G45: =IFERROR(F45/$F$72,"") -> 9.5880575e-07 | H45: 95718
A46: =+A24 -> 150 | B46: =IFERROR(VLOOKUP(H46,[1]SEMIELABORADOS!$A$2:$M$6000,2,0),"") | C46: =+A46 -> 150 | D46: =IFERROR(VLOOKUP(H46,[1]SEMIELABORADOS!$A$2:$M$6000,6,0),"") | E46: =IFERROR(VLOOKUP(H46,[1]SEMIELABORADOS!$A$2:$M$65536,10,0),"") | F46: =IFERROR(E46*C46,"") | G46: =IFERROR(F46/$F$72,"")
A48: UNIDADES | B48: MODI | C48: UNIDADES | D48: UND MEDIDA | E48: COSTO UNITARIO | F48: TOTAL COSTO | G48: % PREC. DEFINIDO | H48: CODIGOS
A49: =+A39 -> 1.5 | B49: Rosquete Vainilla Dawn 300g | C49: =+A49 -> 1.5 | D49: UND | E49: 29.75 | F49: =IFERROR(E49*C49,"") -> 44.625 | G49: =IFERROR(F49/$F$72,"") -> 0.012566584 | H49: 907000309
A50: =+A40 -> 100 | B50: RELLENO FRESA NUCITA | C50: =+A50 -> 100 | D50: Gramos | E50: =+'Costo relleno de Fresa'!E74 -> 0.19677419 | F50: =IFERROR(E50*C50,"") -> 19.677419 | G50: =IFERROR(F50/$F$72,"") -> 0.0055412426 | H50: NUEVO
A51: =+A41 -> 120 | B51: RELLENO NUCITA CHOCOLATE | C51: =+A51 -> 120 | D51: Gramos | E51: =+'Costo Relleno Chocolate '!E74 -> 0.13555556 | F51: =IFERROR(E51*C51,"") -> 16.266667 | G51: =IFERROR(F51/$F$72,"") -> 0.0045807606 | H51: NUEVO
A52: =+A42 -> 150 | B52: CREMA BLANCA BUCCA | C52: =+A52 -> 150 | D52: Gramos | E52: =+[3]Hoja2!$E$74 -> 0.0305 | F52: =IFERROR(E52*C52,"") -> 4.575 | G52: =IFERROR(F52/$F$72,"") -> 0.0012883389 | H52: NUEVO
A53: =+A43 -> 10 | B53: SIROPE ROJO BUCCA | C53: =+A53 -> 10 | D53: Gramos | E53: =+'Costo sirope rojo'!E74 -> 0.61 | F53: =IFERROR(E53*C53,"") -> 6.1 | G53: =IFERROR(F53/$F$72,"") -> 0.0017177852 | H53: NUEVO
A54: =+A44 -> 50 | B54: CREMA CHANTILLY FRESA BUCCA | C54: =+A54 -> 50 | D54: Gramos | E54: =+'Costo Crema Fresa'!E74 -> 0.0305 | F54: =IFERROR(E54*C54,"") -> 1.525 | G54: =IFERROR(F54/$F$72,"") -> 0.0004294463 | H54: NUEVO
A55: =+A45 -> 40 | B55: =IFERROR(VLOOKUP(H55,[1]SEMIELABORADOS!$A$2:$M$6000,2,0),"") -> CREMA CHANTILLY CHOCO SPOON KILO | C55: =+A55 -> 40 | D55: =IFERROR(VLOOKUP(H55,[1]SEMIELABORADOS!$A$2:$M$6000,6,0),"") -> Gramo | E55: =IFERROR(VLOOKUP(H55,[1]SEMIELABORADOS!$A$2:$M$65536,12,0),"") -> 0.48845084 | F55: =IFERROR(E55*C55,"") -> 19.538034 | G55: =IFERROR(F55/$F$72,"") -> 0.005501991 | H55: 95718
A56: =+A46 -> 150 | B56: =IFERROR(VLOOKUP(H56,[1]SEMIELABORADOS!$A$2:$M$6000,2,0),"") | C56: =+A56 -> 150 | D56: =IFERROR(VLOOKUP(H56,[1]SEMIELABORADOS!$A$2:$M$6000,6,0),"") | E56: =IFERROR(VLOOKUP(H56,[1]SEMIELABORADOS!$A$2:$M$65536,12,0),"") | F56: =IFERROR(E56*C56,"") | G56: =IFERROR(F56/$F$72,"")
A57: 1 | B57: MODI PREPARACION | C57: =+A57 -> 1 | D57: N/A | E57: =+F71 -> 427 | F57: =IFERROR(C57*E57,"") -> 427 | G57: =IFERROR(F57/$F$72,"") -> 0.12024496
B59: TOTAL MATERIA PRIMA | F59: =SUM(F8:F14,F17:F24) -> 2467.1123 | G59: =+F59/$F$72 -> 0.69474902 | H59: =+F59/$D$66 -> 2467.1123
B60: TOTAL EMPAQUE | F60: =SUM(F27:F36,F39:F46) -> 607.62968 | G60: =+F60/$F$72 -> 0.17111103 | H60: =+F60/$D$66 -> 607.62968 | K60: TOTAL MATERIA PRIMA + EMPAQUE | O60: =+F61 -> 3074.742
B61: TOTAL MATERIAS P. + EMPAQUES | F61: =+F59+F60 -> 3074.742 | G61: =+F61/$F$72 -> 0.86586005 | H61: =+F61/$D$66 -> 3074.742 | M61: MODI PLANTA | O61: =+H62 -> 539.30712
C62: TOTAL MODI | F62: =SUM(F49:F57) -> 539.30712 | G62: =+F62/$F$72 -> 0.15187111 | H62: =+F62/$D$66 -> 539.30712 | M62: DESECHO | O62: =O60*N62 -> 0
M63: COSTO PLANTA | O63: =SUM(O60:O62) -> 3614.0491
B64: GRAMOS | D64: 1000 | H64: =+H62/61 -> 8.8411003 | M64: % GIF | O64: =+H65 -> 512.78382
B65: PESO POR UNIDAD | D65: 1000 | H65: =+H64*58 -> 512.78382 | M65: COSTO PLANTA | O65: =SUM(O63:O64) -> 4126.8329
B66: UNIDADES TOTALES | D66: =+D64/D65 -> 1 | O66: =+O65*N66 -> 0
B67: UNIDAD MEDIDA | K67: PRECIO DE VENTA PLANTA A LOCAL | O67: =SUM(O65:O66) -> 4126.8329 | P67: GR
E68: S/ COSTO | F68: TOTAL | L68: UNIDAD | O68: =+O67/D66 -> 4126.8329 | P68: =+O68/D65 -> 4.1268329
B69: TOTAL MATERIAS P. + EMPAQUES | E69: =+F69/F69 -> 1 | F69: =SUM(F61) -> 3074.742 | G69: =+F69/$F$72 -> 0.86586005
B70: DESECHOS Y PERDIDAS | E70: 0.02 | F70: =+F59*E70 -> 49.342246 | G70: =+F70/$F$72 -> 0.01389498 | O70: 3716.21
B71: MANO OBRA DIRECTA | D71: 7 | E71: 61 | F71: =+E71*D71 -> 427 | G71: =+F71/$F$72 -> 0.12024496
B72: TOTAL COSTO PLANTA | F72: =SUM(F69:F71) -> 3551.0843 | G72: =+F72/$F$72 -> 1 | M72: MODI 61 COLONES X MIN
M73: Gf 58 colones min
B74: COSTO POR GRAMO | M74: ,
B75: TOTAL COSTO MATERIA PRIMA | C75: =+F59 -> 2467.1123 | D75: =+D64 -> 1000 | E75: =+C75/D75 -> 2.4671123
B77: TOTAL COSTO UNIDAD MP+DESECHO+EMPAQUE | C77: =SUM(F69:F70) -> 3124.0843 | D77: =+D64 -> 1000 | E77: =+C77/D77 -> 3.1240843
B79: TOTAL MODI PREPARACION POR GRAMO | C79: =+F71 -> 427 | D79: =+D64 -> 1000 | E79: =+C79/D79 -> 0.427
B80: TOTAL MODI POR GRAMO | C80: =+F62 -> 539.30712 | D80: =+D79 -> 1000 | E80: =+C80/D80 -> 0.53930712
B82: TOTAL EMPAQUE POR GRAMO | C82: =+F60 -> 607.62968 | D82: =+D80 -> 1000 | E82: =+C82/D82 -> 0.60762968
B84: TOTAL GRAMO MP+MODI | E84: =+E75+E80 -> 3.0064194
B86: COSTO POR UNIDAD
B87: TOTAL COSTO MATERIA PRIMA | C87: =+C75 -> 2467.1123 | D87: =+D66 -> 1 | E87: =+C87/D87 -> 2467.1123
B89: TOTAL COSTO UNIDAD MP+DESECHO+EMPAQUE | C89: =+C77 -> 3124.0843 | D89: =+D66 -> 1 | E89: =+C89/D89 -> 3124.0843
B91: TOTAL MODI POR GRAMO | C91: =+C79 -> 427 | D91: =+D66 -> 1 | E91: =+C91/D91 -> 427
B92: TOTAL MODI POR GRAMO | C92: =+C80 -> 539.30712 | D92: =+D91 -> 1 | E92: =+C92/D92 -> 539.30712
