Workbook

Sheet Ensamble Industria
C1: SERVICIOS DE PASTELERIA S.A. | H1: CÓDIGO:
C2: ESPECIFICACION DE RECETA | H2: REVISIÓN:
C3: Cheesecake Pie de Pecanas | H3: FECHA DE APROBACIÓN:
C4: Elaborado | D4: Javier Tong, Chef
C5: Aprobado | D5: Esteban Cartin, Gte Manufactura
A7: AREA QUE PRODUCE: | D7: Postre | G7: AREA QUE EMPACA: | I7: Postre
A8: # Código | B8: # Codigo Netsuite | C8: Descripción del ingrediente | D8: Marca | E8: Unidad Internacional | G8: Medida alternativa | I8: Costo - Referencia
E9: Cantidad | F9: Unidad medida | G9: Cantidad | H9: Unidad medida | I9: Colones
A10: 907000002 | B10: SE00041 | C10: BASE GALLETA P/CHEESE CAKE (KILO) | D10: FAS | E10: 300 | F10: g | G10: Base y borde
C11: RELLENO PIE DE PECANAS | D11: FAS | E11: 300 | F11: g | K11: =SUM(E10:E17) -> 1555
A12: MP10562 | B12: 11900028 | C12: Pecana Entera | D12: Nueces Industriales | E12: 50 | F12: g
C13: RELLENO CHEESECAKE Y MANJAR | D13: FAS | E13: 650 | F13: g
C15: DECORACION
A16: MP10485 | B16: 0310099 | C16: Crema Dulce | D16: FAS | E16: 25 | F16: g | G16: Boquilla Wilton #61
C17: TOPPING CARAMELO Y PECANA | D17: FAS | E17: 230 | F17: g
C19: EMPAQUE
A20: 702175 | B20: EM10006 | C20: ETIQUETA IMPRES SPOON GRANDE V-272 (UND) | D20: ETIPLAST | E20: 1 | F20: ud
A21: 703020 | B21: EM10248 | C21: CINTA ADHESIVA TRANSPARENT 2*100 M (UND) | D21: ETIPLAST | E21: 60 | F21: cm
A22: 1950693 | B22: EM10020 | C22: ORLA CARTON 9" DORADA (UND ) | D22: RAPIBOX | E22: 1 | F22: ud
A23: 51400021 | B23: EM10021 | C23: QUEQUERA RED C/BASE ALTA 9" (CAJA:100 U) | D23: Exp PMT | E23: 1 | F23: ud
A24: 702123 | B24: EM10011 | C24: ETIQUETA BLANCA 2 5/8X1 15/16 (UND) | D24: Cemusa | E24: 1 | F24: ud
A25: 701096 | B25: EM10124 | C25: ETIQUETA BLANCA R-153 (UND) | D25: Cemusa | E25: 1 | F25: ud
A26: 702007 | B26: EM10004 | C26: ETIQ.FECHA VENCIMIENTO BLANCO (ROLLO) | D26: CEMUSA | E26: 1 | F26: ud
A27: 702069 | B27: EM10002 | C27: ETIQ.BLANCA 1 1/4 * 3/4 (UND) | D27: ETIPLAST | E27: 1 | F27: ud
D29: Cantidad | E29: Unidad
A30: PESO TOTAL OBTENIDO | D30: 1555 | E30: g
A31: TIEMPO TOTAL DE PREPARACION | D31: 5 | E31: min
A32: CANTIDAD DE PORCIONES OBTENIDAS | D32: 1 | E32: ud
A33: PESO DE CADA PORCIÓN | D33: =+D30 -> 1555 | E33: g
A34: MERMA | D34: =SUM(E10:E19)-D30 -> 0 | E34: g
A35: PROCEDIMIENTO DE PREPARACION DE LA RECETA
A36: 1.- Colocar dentro del molde desarmable redondo 21 cm ,previamente ensagrasado la base de galleta presionar y hornear a 175°C por 7 min en el Argental, a 175°C por 8 min en el Dicte 1 y Dicte 2, a 170°C en el Dicte 3 y a 175°C por 7 min en el Marshal
A37: 2.- Una vez fria la galleta, agregar el relleno de pecanas y las pecanas sobre el relleno de pecanas. Hornear por 30 min aprox. Enfriar
A38: 3.- Agregar la el relleno de cheesecake y manjar, emparejar con ayuda de una espatula. Enfriar por 6 horas como minimo.
A39: 4.- Desmoldar con ayuda de una espatula, Pegar a la orla con manjar, decorar con colocho de crema de manjar en el borde y topping de caramelo y pecanas en el centro.
A40: 5.- Tapar y etiquetar
A45: Control de cambios

Sheet Ensamble 2 Industria 
C1: SERVICIOS DE PASTELERIA S.A. | H1: CÓDIGO:
C2: ESPECIFICACION DE RECETA | H2: REVISIÓN:
C3: Cheesecake Pie de Pecanas | H3: FECHA DE APROBACIÓN:
C4: Elaborado | D4: Javier Tong, Chef
C5: Aprobado | D5: Esteban Cartin, Gte Manufactura
A7: AREA QUE PRODUCE: | D7: Postre | G7: AREA QUE EMPACA: | I7: Postre
A8: # Código | B8: # Codigo Netsuite | C8: Descripción del ingrediente | D8: Marca | E8: Unidad Internacional | G8: Medida alternativa | I8: Costo - Referencia
E9: Cantidad | F9: Unidad medida | G9: Cantidad | H9: Unidad medida | I9: Colones
A10: 907000002 | B10: SE00041 | C10: BASE GALLETA P/CHEESE CAKE (KILO) | D10: FAS | E10: 200 | F10: g | G10: Base y borde
C11: RELLENO PIE DE PECANAS | D11: FAS | E11: 280 | F11: g
B12: MP10562 | C12: Pecana Entera | D12: FAS | E12: 40 | F12: g
C13: RELLENO CHEESECAKE PREMIUM | D13: FAS | E13: 700 | F13: g
C15: DECORACION
B16: SE00032 | C16: Crema Dulce Leche | D16: FAS | E16: 25 | F16: g | G16: Boquilla Wilton #61
C17: TOPPING CARAMELO Y PECANA | D17: FAS | E17: 180 | F17: g
C19: EMPAQUE
A20: 702175 | B20: EM10006 | C20: ETIQUETA IMPRES SPOON GRANDE V-272 (UND) | D20: ETIPLAST | E20: 1 | F20: ud
A21: 703020 | B21: EM10248 | C21: CINTA ADHESIVA TRANSPARENT 2*100 M (UND) | D21: ETIPLAST | E21: 60 | F21: cm
A22: 1950693 | B22: EM10020 | C22: ORLA CARTON 9" DORADA (UND ) | D22: RAPIBOX | E22: 1 | F22: ud
A23: 51400021 | B23: EM10021 | C23: QUEQUERA RED C/BASE ALTA 9" (CAJA:100 U) | D23: Exp PMT | E23: 1 | F23: ud
A24: 702123 | B24: EM10011 | C24: ETIQUETA BLANCA 2 5/8X1 15/16 (UND) | D24: Cemusa | E24: 1 | F24: ud
A25: 701096 | B25: EM10124 | C25: ETIQUETA BLANCA R-153 (UND) | D25: Cemusa | E25: 1 | F25: ud
A26: 702007 | B26: EM10004 | C26: ETIQ.FECHA VENCIMIENTO BLANCO (ROLLO) | D26: CEMUSA | E26: 1 | F26: ud
A27: 702069 | B27: EM10002 | C27: ETIQ.BLANCA 1 1/4 * 3/4 (UND) | D27: ETIPLAST | E27: 1 | F27: ud
D29: Cantidad | E29: Unidad
A30: PESO TOTAL OBTENIDO | D30: 1420 | E30: g
A31: TIEMPO TOTAL DE PREPARACION | D31: 5 | E31: min
A32: CANTIDAD DE PORCIONES OBTENIDAS | D32: 1 | E32: ud
A33: PESO DE CADA PORCIÓN | D33: 1420 | E33: g
A34: MERMA | D34: 5 | E34: g
A35: PROCEDIMIENTO DE PREPARACION DE LA RECETA
A36: 1.- Colocar dentro del molde desarmable redondo 21 cm ,previamente ensagrasado la base de galleta presionar, despues colocar agregar el relleno de pecanas y hornear a 325°F por 25 minutos.
A37: 2.- Una vez fria la base, se agregar la el relleno de cheesecake premium, emparejar con ayuda de una espatula. Enfriar por 6 horas como minimo.
A38: 3.- Desmoldar con ayuda de una espatula, Pegar a la orla con manjar, decorar con colocho de crema de manjar en el borde y topping de caramelo y pecanas en el centro.
A39: 4.- Tapar y etiquetar
A44: Control de cambios

Sheet Ensamble Industria 3
C1: SERVICIOS DE PASTELERIA S.A. | H1: CÓDIGO:
C2: ESPECIFICACION DE RECETA | H2: REVISIÓN:
C3: Cheesecake Pie de Pecanas Industria | H3: FECHA DE APROBACIÓN:
C4: Elaborado | D4: Javier Tong, Chef
C5: Aprobado | D5: Esteban Cartin, Gte Manufactura
A7: AREA QUE PRODUCE: | D7: Postre | G7: AREA QUE EMPACA: | I7: Postre
A8: # Código | B8: # Codigo Netsuite | C8: Descripción del ingrediente | D8: Marca | E8: Unidad Internacional | G8: Medida alternativa | I8: Costo - Referencia
E9: Cantidad | F9: Unidad medida | G9: Cantidad | H9: Unidad medida | I9: Colones
A10: 907000002 | B10: SE00041 | C10: BASE GALLETA P/CHEESE CAKE (KILO) | D10: FAS | E10: 300 | F10: g | G10: Base y borde
C11: RELLENO PIE DE PECANAS | D11: FAS | E11: 280 | F11: g | K11: 1560
B12: MP10562 | C12: PECANA ENTERA | D12: FAS | E12: 40 | F12: g
C13: RELLENO CHEESECAKE PREMIUM | D13: FAS | E13: 700 | F13: g
C15: DECORACION
A16: MP10485 | B16: 0310099 | C16: CREMA DULCE | D16: FAS | E16: 60 | F16: g | G16: Boquilla Wilton #61
C17: TOPPING CARAMELO Y PECANA | D17: FAS | E17: 180 | F17: g
C19: EMPAQUE
B20: NUEVO | C20: ETIQUETA ESPECIAL DIA DE LA MADRE | E20: 1 | F20: ud
A21: 703020 | B21: EM10248 | C21: CINTA ADHESIVA TRANSPARENT 2*100 M (UND) | D21: ETIPLAST | E21: 60 | F21: cm
A22: 1950693 | B22: EM10020 | C22: ORLA CARTON 9" DORADA (UND ) | D22: RAPIBOX | E22: 1 | F22: ud
A23: 51400021 | B23: EM10021 | C23: QUEQUERA RED C/BASE ALTA 9" (CAJA:100 U) | D23: Exp PMT | E23: 1 | F23: ud
A24: 702123 | B24: EM10011 | C24: ETIQUETA BLANCA 2 5/8X1 15/16 (UND) | D24: Cemusa | E24: 1 | F24: ud
A25: 701096 | B25: EM10124 | C25: ETIQUETA BLANCA R-153 (UND) | D25: Cemusa | E25: 1 | F25: ud
A26: 702007 | B26: EM10004 | C26: ETIQ.FECHA VENCIMIENTO BLANCO (ROLLO) | D26: CEMUSA | E26: 1 | F26: ud
A27: 702069 | B27: EM10002 | C27: ETIQ.BLANCA 1 1/4 * 3/4 (UND) | D27: ETIPLAST | E27: 1 | F27: ud
B28: EM10018 | C28: Papel Mantequilla | E28: 0.25 | F28: ud | G28: 1/4 de papel
D30: Cantidad | E30: Unidad
A31: PESO TOTAL OBTENIDO | D31: 1533 | E31: g
A32: TIEMPO TOTAL DE PREPARACION | D32: 5 | E32: min
A33: CANTIDAD DE PORCIONES OBTENIDAS | D33: 1 | E33: ud
A34: PESO DE CADA PORCIÓN | D34: 1533 | E34: g
A35: MERMA | D35: 27 | E35: g
A36: PROCEDIMIENTO DE PREPARACION DE LA RECETA
A37: 1.- Colocar dentro del molde desarmable redondo 21 cm ,previamente ensagrasado, poner 1/4 de papel mantequilla en la base del molde (dejando el sobrante hacia abajo del molde) colocar la galleta y presionar hacia los bordes y en la base, hornear a 175°C por 7 min en el Argental, a 175°C por 8 min en el Dicte 1 y Dicte 2, a 170°C en el Dicte 3 y a 175°C por 7 min en el Marshal
A38: 2.- Una vez fria la galleta, agregar el relleno de pecanas. Hornear por 20 min aprox. Enfriar
A39: 3.- Agregar la el relleno de cheesecake premium, emparejar con ayuda de una espatula. Enfriar por 6 horas como minimo.
A40: 4.- Desmoldar con ayuda de una espatula, Pegar a la orla con manjar, decorar con colocho de crema de dulce en el borde y el topping de caramelo y pecanas en el centro.
A41: 5.- Tapar y etiquetar
A46: Control de cambios

Sheet ENSAMBLE INDUSTRIA 4
C1: SERVICIOS DE PASTELERIA S.A. | H1: CÓDIGO:
C2: ESPECIFICACION DE RECETA | H2: REVISIÓN:
C3: Cheesecake Pie de Pecanas Industria | H3: FECHA DE APROBACIÓN:
C4: Elaborado | D4: Javier Tong, Chef
C5: Aprobado | D5: Esteban Cartin, Gte Manufactura
A7: AREA QUE PRODUCE: | D7: Postre | G7: AREA QUE EMPACA: | I7: Postre
A8: # Código | B8: # Codigo Netsuite | C8: Descripción del ingrediente | D8: Marca | E8: Unidad Internacional | G8: Medida alternativa | I8: Costo - Referencia
E9: Cantidad | F9: Unidad medida | G9: Cantidad | H9: Unidad medida | I9: Colones
A10: 907000002 | B10: SE00041 | C10: BASE GALLETA P/CHEESE CAKE (KILO) | D10: FAS | E10: 280 | F10: g | G10: Base y borde
C11: RELLENO PIE DE PECANAS | D11: FAS | E11: 280 | F11: g | K11: 1525
B12: MP10562 | C12: PECANA ENTERA | D12: FAS | E12: 35 | F12: g
C13: RELLENO CHEESECAKE PREMIUM | D13: FAS | E13: 700 | F13: g
C15: DECORACION
B16: SE00032 | C16: CREMA DULCE DE LECHE | D16: FAS | E16: 50 | F16: g | G16: Boquilla Wilton #61
C17: TOPPING CARAMELO Y PECANA | D17: FAS | E17: 180 | F17: g
B18: MP10007 | C18: Manjar Leche Condensada | D18: NESTLE | E18: 10 | F18: g
C20: EMPAQUE
B21: NUEVO | C21: ETIQUETA ESPECIAL DIA DE LA MADRE | E21: 1 | F21: ud
A22: 703020 | B22: EM10248 | C22: CINTA ADHESIVA TRANSPARENT 2*100 M (UND) | D22: ETIPLAST | E22: 60 | F22: cm
A23: 1950693 | B23: EM10020 | C23: ORLA CARTON 9" DORADA (UND ) | D23: RAPIBOX | E23: 1 | F23: ud
A24: 51400021 | B24: EM10021 | C24: QUEQUERA RED C/BASE ALTA 9" (CAJA:100 U) | D24: Exp PMT | E24: 1 | F24: ud
A25: 702123 | B25: EM10011 | C25: ETIQUETA BLANCA 2 5/8X1 15/16 (UND) | D25: Cemusa | E25: 1 | F25: ud
A26: 701096 | B26: EM10124 | C26: ETIQUETA BLANCA R-153 (UND) | D26: Cemusa | E26: 1 | F26: ud
A27: 702007 | B27: EM10004 | C27: ETIQ.FECHA VENCIMIENTO BLANCO (ROLLO) | D27: CEMUSA | E27: 1 | F27: ud
A28: 702069 | B28: EM10002 | C28: ETIQ.BLANCA 1 1/4 * 3/4 (UND) | D28: ETIPLAST | E28: 1 | F28: ud
B29: EM10018 | C29: Papel Mantequilla | E29: 0.25 | F29: ud | G29: 1/4 de papel
D31: Cantidad | E31: Unidad
A32: PESO TOTAL OBTENIDO | D32: 1533 | E32: g
A33: TIEMPO TOTAL DE PREPARACION | D33: 5 | E33: min
A34: CANTIDAD DE PORCIONES OBTENIDAS | D34: 1 | E34: ud
A35: PESO DE CADA PORCIÓN | D35: 1533 | E35: g
A36: MERMA | D36: 2 | E36: g
A37: PROCEDIMIENTO DE PREPARACION DE LA RECETA
A38: 1.- Colocar dentro del molde desarmable redondo 21 cm ,previamente ensagrasado, poner 1/4 de papel mantequilla en la base del molde (dejando el sobrante hacia abajo del molde) colocar la galleta y presionar hacia los bordes y en la base, hornear a 175°C por 7 min en el Argental, a 175°C por 8 min en el Dicte 1 y Dicte 2, a 170°C en el Dicte 3 y a 175°C por 7 min en el Marshal
A39: 2.- Una vez fria la galleta, agregar el relleno de pecanas. Hornear por 20 min aprox. Enfriar
A40: 3.- Agregar la el relleno de cheesecake premium, emparejar con ayuda de una espatula. Enfriar por 6 horas como minimo.
A41: 4.- Desmoldar con ayuda de una espatula, Pegar a la orla con manjar, decorar con colocho de crema de dulce en el borde y el topping de caramelo y pecanas en el centro.
A42: 5.- Tapar y etiquetar
A47: Control de cambios

Sheet Costo Ensamble Industria
E1: Precio Local | F1: Costo MP | G1: Costo EM | H1: Costo MO
E2: =IFERROR(O63,"") -> 5901.5793 | F2: =IFERROR(H54,"") -> 4340.7685 | G2: =IFERROR(H55,"") -> 509.8502 | H2: =IFERROR(H57,"") -> 573.92889
A5: ESTRUCTURA DE COSTOS
F6: Fecha: | H6: =TODAY() -> 45831
A7: UNIDADES | B7: DESCRIPCION MAT.PRIMA | C7: UNIDADES | D7: UND MEDIDA | E7: COSTO UNITARIO | F7: TOTAL COSTO | G7: % PREC. DEFINIDO | H7: CODIGOS
A8: 50 | B8: Crema Dulce LECHE | C8: =+A8 -> 50 | D8: Gramo | E8: 2.27 | F8: =IFERROR(C8*E8,"") -> 113.5 | G8: =IFERROR(F8/$F$67,"") -> 0.02132483 | H8: 310099
A9: 35 | B9: Pecana Entera | C9: =+A9 -> 35 | D9: Gramo | E9: 8.47 | F9: =IFERROR(C9*E9,"") -> 296.45 | G9: =IFERROR(F9/$F$67,"") -> 0.055698201 | H9: 11900028
A10: 10 | B10: Manjar de leche condensada | C10: =+A10 -> 10 | D10: Gramo | E10: 2.56 | F10: =IFERROR(C10*E10,"") -> 25.6 | G10: =IFERROR(F10/$F$67,"") -> 0.0048098295
B11: =IFERROR(VLOOKUP(H11,'[1]Consolidado MP Planta'!$A$2:$M$823,3,0),"") | C11: =+A11 -> 0 | D11: =IFERROR(VLOOKUP(H11,'[1]Consolidado MP Planta'!$A$2:$M$823,13,0),"") | E11: =IFERROR(VLOOKUP(H11,'[1]Consolidado MP Planta'!$A$2:$M$823,12,0),"") | F11: =IFERROR(C11*E11,"") | G11: =IFERROR(F11/$F$67,"")
B12: =IFERROR(VLOOKUP(H12,'[1]Consolidado MP Planta'!$A$2:$M$823,3,0),"") | C12: =+A12 -> 0 | D12: =IFERROR(VLOOKUP(H12,'[1]Consolidado MP Planta'!$A$2:$M$823,13,0),"") | E12: =IFERROR(VLOOKUP(H12,'[1]Consolidado MP Planta'!$A$2:$M$823,12,0),"") | F12: =IFERROR(C12*E12,"") | G12: =IFERROR(F12/$F$67,"")
B13: =IFERROR(VLOOKUP(H13,'[1]Consolidado MP Planta'!$A$2:$M$823,3,0),"") | C13: =+A13 -> 0 | D13: =IFERROR(VLOOKUP(H13,'[1]Consolidado MP Planta'!$A$2:$M$823,13,0),"") | E13: =IFERROR(VLOOKUP(H13,'[1]Consolidado MP Planta'!$A$2:$M$823,12,0),"") | F13: =IFERROR(C13*E13,"") | G13: =IFERROR(F13/$F$67,"")
B14: =IFERROR(VLOOKUP(H14,'[1]Consolidado MP Planta'!$A$2:$M$823,3,0),"") | C14: =+A14 -> 0 | D14: =IFERROR(VLOOKUP(H14,'[1]Consolidado MP Planta'!$A$2:$M$823,13,0),"") | E14: =IFERROR(VLOOKUP(H14,'[1]Consolidado MP Planta'!$A$2:$M$823,12,0),"") | F14: =IFERROR(C14*E14,"") | G14: =IFERROR(F14/$F$67,"")
B15: =IFERROR(VLOOKUP(H15,'[2]ARTICULOS MP PLANTA'!$A$2:$G$589,2,0),"")
A16: UNIDADES | B16: MATERIA PRIMA SEMIELABORADOS | C16: UNIDADES | D16: UND MEDIDA | E16: COSTO UNITARIO | F16: TOTAL COSTO | G16: % PREC. DEFINIDO | H16: CODIGOS
A17: 200 | B17: =IFERROR(VLOOKUP(H17,[1]SEMIELABORADOS!$A$2:$M$6000,2,0),"") -> BASE GALLETA P/CHEESE CAKE (KILO) | C17: =+A17 -> 200 | D17: =IFERROR(VLOOKUP(H17,[1]SEMIELABORADOS!$A$2:$M$6000,6,0),"") -> Gramo | E17: 2.5 | F17: =IFERROR(E17*C17,"") -> 500 | G17: =IFERROR(F17/$F$67,"") -> 0.093941982 | H17: 907000002
A18: 280 | B18: RELLENO PIE DE PECANAS | C18: =+A18 -> 280 | D18: Gramo | E18: =+'Costo Relleno CK Premium'!E75 -> 2.638085 | F18: =IFERROR(E18*C18,"") -> 738.6638 | G18: =IFERROR(F18/$F$67,"") -> 0.13878308 | H18: NUEVO
A19: 700 | B19: RELLENO CHEESECAKE PREMIUM | C19: =+A19 -> 700 | D19: Gramo | E19: =+'Costo relleno CK y Manjar '!E75 -> 2.5338071 | F19: =IFERROR(E19*C19,"") -> 1773.665 | G19: =IFERROR(F19/$F$67,"") -> 0.3332432 | H19: NUEVO
A20: 180 | B20: TOPPING CARAMELO Y PECANA | C20: =+A20 -> 180 | D20: Gramo | E20: =+'Costo Topping caramelo pecana '!E69 -> 4.9604983 | F20: =IFERROR(E20*C20,"") -> 892.88969 | G20: =IFERROR(F20/$F$67,"") -> 0.16775965
B21: =IFERROR(VLOOKUP(H21,[1]SEMIELABORADOS!$A$2:$M$6000,2,0),"") | C21: =+A21 -> 0 | D21: =IFERROR(VLOOKUP(H21,[1]SEMIELABORADOS!$A$2:$M$6000,6,0),"") | E21: =IFERROR(VLOOKUP(H21,[1]SEMIELABORADOS!$A$2:$H$65536,8,0),"") | F21: =IFERROR(E21*C21,"") | G21: =IFERROR(F21/$F$67,"")
B22: =IFERROR(VLOOKUP(H22,[1]SEMIELABORADOS!$A$2:$M$6000,2,0),"") | C22: =+A22 -> 0 | D22: =IFERROR(VLOOKUP(H22,[1]SEMIELABORADOS!$A$2:$M$6000,6,0),"") | E22: =IFERROR(VLOOKUP(H22,[1]SEMIELABORADOS!$A$2:$H$65536,8,0),"") | F22: =IFERROR(E22*C22,"") | G22: =IFERROR(F22/$F$67,"")
B23: =IFERROR(VLOOKUP(H23,[1]SEMIELABORADOS!$A$2:$M$6000,2,0),"") | C23: =+A23 -> 0 | D23: =IFERROR(VLOOKUP(H23,[1]SEMIELABORADOS!$A$2:$M$6000,6,0),"") | E23: =IFERROR(VLOOKUP(H23,[1]SEMIELABORADOS!$A$2:$H$65536,8,0),"") | F23: =IFERROR(E23*C23,"") | G23: =IFERROR(F23/$F$67,"")
B24: =IFERROR(VLOOKUP(H24,[1]SEMIELABORADOS!$A$2:$M$6000,2,0),"") | C24: =+A24 -> 0 | D24: =IFERROR(VLOOKUP(H24,[1]SEMIELABORADOS!$A$2:$M$6000,6,0),"") | E24: =IFERROR(VLOOKUP(H24,[1]SEMIELABORADOS!$A$2:$H$65536,8,0),"") | F24: =IFERROR(E24*C24,"") | G24: =IFERROR(F24/$F$67,"")
A26: UNIDADES | B26: EMPAQUE | C26: UNIDADES | D26: UND MEDIDA | E26: COSTO UNITARIO | F26: TOTAL COSTO | G26: % PREC. DEFINIDO | H26: CODIGOS
A27: 1 | B27: =IFERROR(VLOOKUP(H27,'[1]Consolidado MP Planta'!$A$2:$M$823,3,0),"") -> ORLA #9 DORADA (UND) | C27: =+A27 -> 1 | D27: =IFERROR(VLOOKUP(H27,'[1]Consolidado MP Planta'!$A$2:$M$823,13,0),"") -> Und | E27: 111 | F27: =IFERROR(C27*E27,"") -> 111 | G27: =IFERROR(F27/$F$67,"") -> 0.02085512 | H27: 1950693
A28: 1 | B28: =IFERROR(VLOOKUP(H28,'[1]Consolidado MP Planta'!$A$2:$M$823,3,0),"") -> QUEQUERA RED C/BASE ALTA 9" (CAJA:100 U) | C28: =+A28 -> 1 | D28: =IFERROR(VLOOKUP(H28,'[1]Consolidado MP Planta'!$A$2:$M$823,13,0),"") -> Und | E28: 340.21 | F28: =IFERROR(C28*E28,"") -> 340.21 | G28: =IFERROR(F28/$F$67,"") -> 0.063920003 | H28: 51400021
A29: 1 | B29: =IFERROR(VLOOKUP(H29,'[1]Consolidado MP Planta'!$A$2:$M$823,3,0),"") -> ETIQUETA BLANCA 2 5/8X1 15/16 (UND) | C29: =+A29 -> 1 | D29: =IFERROR(VLOOKUP(H29,'[1]Consolidado MP Planta'!$A$2:$M$823,13,0),"") -> Und | E29: 2.13 | F29: =IFERROR(C29*E29,"") -> 2.13 | G29: =IFERROR(F29/$F$67,"") -> 0.00040019284 | H29: 0702123
A30: 1 | B30: =IFERROR(VLOOKUP(H30,'[1]Consolidado MP Planta'!$A$2:$M$823,3,0),"") -> ETIQUETA BLANCA R-153 (UND) | C30: =+A30 -> 1 | D30: =IFERROR(VLOOKUP(H30,'[1]Consolidado MP Planta'!$A$2:$M$823,13,0),"") -> Und | E30: 0.39 | F30: =IFERROR(C30*E30,"") -> 0.39 | G30: =IFERROR(F30/$F$67,"") -> 7.3274746e-05 | H30: 701096
A31: 1 | B31: =IFERROR(VLOOKUP(H31,'[1]Consolidado MP Planta'!$A$2:$M$823,3,0),"") -> ETIQ.FECHA VENCIMIENTO BLANCO (ROLLO) | C31: =+A31 -> 1 | D31: =IFERROR(VLOOKUP(H31,'[1]Consolidado MP Planta'!$A$2:$M$823,13,0),"") -> Gramos | E31: 0.33 | F31: =IFERROR(C31*E31,"") -> 0.33 | G31: =IFERROR(F31/$F$67,"") -> 6.2001708e-05 | H31: 0702007
A32: 1 | B32: =IFERROR(VLOOKUP(H32,'[1]Consolidado MP Planta'!$A$2:$M$823,3,0),"") -> ETIQUETA IMPRES SPOON GRANDE V-272 (UND) | C32: =+A32 -> 1 | D32: =IFERROR(VLOOKUP(H32,'[1]Consolidado MP Planta'!$A$2:$M$823,13,0),"") -> Und | E32: 52.31 | F32: =IFERROR(C32*E32,"") -> 52.31 | G32: =IFERROR(F32/$F$67,"") -> 0.0098282101 | H32: 702175
A33: 1 | B33: =IFERROR(VLOOKUP(H33,'[1]Consolidado MP Planta'!$A$2:$M$823,3,0),"") -> ETIQ.BLANCA 1 1/4 * 3/4 (UND) | C33: =+A33 -> 1 | D33: =IFERROR(VLOOKUP(H33,'[1]Consolidado MP Planta'!$A$2:$M$823,13,0),"") -> Und | E33: 0.58 | F33: =IFERROR(C33*E33,"") -> 0.58 | G33: =IFERROR(F33/$F$67,"") -> 0.0001089727 | H33: 0702069
A35: UNIDADES | B35: EMPAQUE SEMIELABORADOS | C35: UNIDADES | D35: UND MEDIDA | E35: COSTO UNITARIO | F35: TOTAL COSTO | G35: % PREC. DEFINIDO | H35: CODIGOS
A36: =+A17 -> 200 | B36: =IFERROR(VLOOKUP(H36,[1]SEMIELABORADOS!$A$2:$M$6000,2,0),"") -> BASE GALLETA P/CHEESE CAKE (KILO) | C36: =+A36 -> 200 | D36: =IFERROR(VLOOKUP(H36,[1]SEMIELABORADOS!$A$2:$M$6000,6,0),"") -> Gramo | E36: =IFERROR(VLOOKUP(H36,[1]SEMIELABORADOS!$A$2:$M$65536,10,0),"") -> 0.0016634562 | F36: =IFERROR(E36*C36,"") -> 0.33269124 | G36: =IFERROR(F36/$F$67,"") -> 6.2507349e-05 | H36: 907000002
A37: =+A18 -> 280 | B37: RELLENO PIE DE PECANAS | C37: =+A37 -> 280 | D37: Gramo | E37: =+'Costo relleno pie pecanas'!E82 -> 0.0053176 | F37: =IFERROR(E37*C37,"") -> 1.488928 | G37: =IFERROR(F37/$F$67,"") -> 0.00027974569 | H37: NUEVO
A38: =+A19 -> 700 | B38: RELLENO CHEESECAKE PREMIUM | C38: =+A38 -> 700 | D38: Gramo | E38: =+'Costo Relleno CK Premium'!E82 -> 5.8e-05 | F38: =IFERROR(E38*C38,"") -> 0.0406 | G38: =IFERROR(F38/$F$67,"") -> 7.6280889e-06 | H38: NUEVO
A39: =+A20 -> 180 | B39: TOPPING CARAMELO Y PECANA | C39: =+A39 -> 180 | D39: Gramo | E39: =+'Costo Topping caramelo pecana '!E76 -> 0.0057665794 | F39: =IFERROR(E39*C39,"") -> 1.0379843 | G39: =IFERROR(F39/$F$67,"") -> 0.0001950206
A40: =+A21 -> 0 | B40: =IFERROR(VLOOKUP(H40,[1]SEMIELABORADOS!$A$2:$M$6000,2,0),"") | C40: =+A40 -> 0 | D40: =IFERROR(VLOOKUP(H40,[1]SEMIELABORADOS!$A$2:$M$6000,6,0),"") | E40: =IFERROR(VLOOKUP(H40,[1]SEMIELABORADOS!$A$2:$M$65536,10,0),"") | F40: =IFERROR(E40*C40,"") | G40: =IFERROR(F40/$F$67,"")
A41: =+A22 -> 0 | B41: =IFERROR(VLOOKUP(H41,[1]SEMIELABORADOS!$A$2:$M$6000,2,0),"") | C41: =+A41 -> 0 | D41: =IFERROR(VLOOKUP(H41,[1]SEMIELABORADOS!$A$2:$M$6000,6,0),"") | E41: =IFERROR(VLOOKUP(H41,[1]SEMIELABORADOS!$A$2:$M$65536,10,0),"") | F41: =IFERROR(E41*C41,"") | G41: =IFERROR(F41/$F$67,"")
A42: =+A23 -> 0 | B42: =IFERROR(VLOOKUP(H42,[1]SEMIELABORADOS!$A$2:$M$6000,2,0),"") | C42: =+A42 -> 0 | D42: =IFERROR(VLOOKUP(H42,[1]SEMIELABORADOS!$A$2:$M$6000,6,0),"") | E42: =IFERROR(VLOOKUP(H42,[1]SEMIELABORADOS!$A$2:$M$65536,10,0),"") | F42: =IFERROR(E42*C42,"") | G42: =IFERROR(F42/$F$67,"")
A44: UNIDADES | B44: MODI | C44: UNIDADES | D44: UND MEDIDA | E44: COSTO UNITARIO | F44: TOTAL COSTO | G44: % PREC. DEFINIDO | H44: CODIGOS
A45: =+A36 -> 200 | B45: =IFERROR(VLOOKUP(H45,[1]SEMIELABORADOS!$A$2:$M$6000,2,0),"") -> BASE GALLETA P/CHEESE CAKE (KILO) | C45: =+A45 -> 200 | D45: =IFERROR(VLOOKUP(H45,[1]SEMIELABORADOS!$A$2:$M$6000,6,0),"") -> Gramo | E45: =IFERROR(VLOOKUP(H45,[1]SEMIELABORADOS!$A$2:$M$65536,12,0),"") -> 0.46147167 | F45: =IFERROR(E45*C45,"") -> 92.294334 | G45: =IFERROR(F45/$F$67,"") -> 0.017340625 | H45: 907000002
A46: =+A37 -> 280 | B46: RELLENO PIE DE PECANAS | C46: =+A46 -> 280 | D46: Gramo | E46: =+'Costo relleno pie pecanas'!E80 -> 0.09521 | F46: =IFERROR(E46*C46,"") -> 26.6588 | G46: =IFERROR(F46/$F$67,"") -> 0.005008761 | H46: NUEVO
A47: =+A38 -> 700 | B47: RELLENO CHEESECAKE PREMIUM | C47: =+A47 -> 700 | D47: Gramo | E47: =+'Costo Relleno CK Premium'!E80 -> 0.077 | F47: =IFERROR(E47*C47,"") -> 53.9 | G47: =IFERROR(F47/$F$67,"") -> 0.010126946 | H47: NUEVO
A48: =+A39 -> 180 | B48: TOPPING CARAMELO Y PECANA | C48: =+A48 -> 180 | D48: Gramo | E48: =+'Costo Topping caramelo pecana '!E74 -> 0.089309746 | F48: =IFERROR(E48*C48,"") -> 16.075754 | G48: =IFERROR(F48/$F$67,"") -> 0.0030203764
A49: =+A40 -> 0 | B49: =IFERROR(VLOOKUP(H49,[1]SEMIELABORADOS!$A$2:$M$6000,2,0),"") | C49: =+A49 -> 0 | D49: =IFERROR(VLOOKUP(H49,[1]SEMIELABORADOS!$A$2:$M$6000,6,0),"") | E49: =IFERROR(VLOOKUP(H49,[1]SEMIELABORADOS!$A$2:$M$65536,12,0),"") | F49: =IFERROR(E49*C49,"") | G49: =IFERROR(F49/$F$67,"")
A50: =+A41 -> 0 | B50: =IFERROR(VLOOKUP(H50,[1]SEMIELABORADOS!$A$2:$M$6000,2,0),"") | C50: =+A50 -> 0 | D50: =IFERROR(VLOOKUP(H50,[1]SEMIELABORADOS!$A$2:$M$6000,6,0),"") | E50: =IFERROR(VLOOKUP(H50,[1]SEMIELABORADOS!$A$2:$M$65536,12,0),"") | F50: =IFERROR(E50*C50,"") | G50: =IFERROR(F50/$F$67,"")
A51: =+A42 -> 0 | B51: =IFERROR(VLOOKUP(H51,[1]SEMIELABORADOS!$A$2:$M$6000,2,0),"") | C51: =+A51 -> 0 | D51: =IFERROR(VLOOKUP(H51,[1]SEMIELABORADOS!$A$2:$M$6000,6,0),"") | E51: =IFERROR(VLOOKUP(H51,[1]SEMIELABORADOS!$A$2:$M$65536,12,0),"") | F51: =IFERROR(E51*C51,"") | G51: =IFERROR(F51/$F$67,"")
A52: 1 | B52: MODI PREPARACION | C52: =+A52 -> 1 | D52: N/A | E52: =+F66 -> 385 | F52: =IFERROR(C52*E52,"") -> 385 | G52: =IFERROR(F52/$F$67,"") -> 0.072335326
B54: TOTAL MATERIA PRIMA | F54: =SUM(F8:F14,F17:F24) -> 4340.7685 | G54: =+F54/$F$67 -> 0.81556078 | H54: =+F54/$D$61 -> 4340.7685
B55: TOTAL EMPAQUE | F55: =SUM(F27:F33,F36:F42) -> 509.8502 | G55: =+F55/$F$67 -> 0.095792677 | H55: =+F55/$D$61 -> 509.8502 | K55: TOTAL MATERIA PRIMA + EMPAQUE | O55: =+F56 -> 4850.6187
B56: TOTAL MATERIAS P. + EMPAQUES | F56: =+F54+F55 -> 4850.6187 | G56: =+F56/$F$67 -> 0.91135346 | H56: =+F56/$D$61 -> 4850.6187 | M56: MODI PLANTA | O56: =+H57 -> 573.92889
C57: TOTAL MODI | F57: =SUM(F45:F52) -> 573.92889 | G57: =+F57/$F$67 -> 0.10783203 | H57: =+F57/$D$61 -> 573.92889 | M57: DESECHO | O57: =O55*N57 -> 0
M58: COSTO PLANTA | O58: =SUM(O55:O57) -> 5424.5475
B59: GRAMOS | D59: 1533 | H59: =+H57/77 -> 7.4536219 | M59: % GIF | O59: =+H60 -> 477.0318
B60: PESO POR UNIDAD | D60: 1533 | H60: =+H59*64 -> 477.0318 | M60: COSTO PLANTA | O60: =SUM(O58:O59) -> 5901.5793
B61: UNIDADES TOTALES | D61: =+D59/D60 -> 1 | O61: =+O60*N61 -> 0
B62: UNIDAD MEDIDA | K62: PRECIO DE VENTA PLANTA A LOCAL | O62: =SUM(O60:O61) -> 5901.5793 | P62: GR
E63: S/ COSTO | F63: TOTAL | L63: UNIDAD | O63: =+O62/D61 -> 5901.5793 | P63: =+O63/D60 -> 3.849693
B64: TOTAL MATERIAS P. + EMPAQUES | E64: =+F64/F64 -> 1 | F64: =SUM(F56) -> 4850.6187 | G64: =+F64/$F$67 -> 0.91135346
B65: DESECHOS Y PERDIDAS | E65: 0.02 | F65: =+F54*E65 -> 86.815369 | G65: =+F65/$F$67 -> 0.016311216 | N65: 1 | O65: 6276.05
B66: MANO OBRA DIRECTA | D66: 5 | E66: 77 | F66: =+E66*D66 -> 385 | G66: =+F66/$F$67 -> 0.072335326 | N66: 2 | O66: 5831.47
B67: TOTAL COSTO PLANTA | F67: =SUM(F64:F66) -> 5322.434 | G67: =+F67/$F$67 -> 1 | M67: MODI 77 COLONES X MIN | N67: 3 | O67: 6321
M68: Gf 64 colones min
B69: COSTO POR GRAMO | M69: ,
B70: TOTAL COSTO MATERIA PRIMA | C70: =+F54 -> 4340.7685 | D70: =+D59 -> 1533 | E70: =+C70/D70 -> 2.8315515
B72: TOTAL COSTO UNIDAD MP+DESECHO+EMPAQUE | C72: =SUM(F64:F65) -> 4937.434 | D72: =+D59 -> 1533 | E72: =+C72/D72 -> 3.2207658
B74: TOTAL MODI PREPARACION POR GRAMO | C74: =+F66 -> 385 | D74: =+D59 -> 1533 | E74: =+C74/D74 -> 0.25114155
B75: TOTAL MODI POR GRAMO | C75: =+F57 -> 573.92889 | D75: =+D74 -> 1533 | E75: =+C75/D75 -> 0.37438284
B77: TOTAL EMPAQUE POR GRAMO | C77: =+F55 -> 509.8502 | D77: =+D75 -> 1533 | E77: =+C77/D77 -> 0.3325833
B79: TOTAL GRAMO MP+MODI | E79: =+E70+E75 -> 3.2059343
B81: COSTO POR UNIDAD
B82: TOTAL COSTO MATERIA PRIMA | C82: =+C70 -> 4340.7685 | D82: =+D61 -> 1 | E82: =+C82/D82 -> 4340.7685
B84: TOTAL COSTO UNIDAD MP+DESECHO+EMPAQUE | C84: =+C72 -> 4937.434 | D84: =+D61 -> 1 | E84: =+C84/D84 -> 4937.434
B86: TOTAL MODI POR GRAMO | C86: =+C74 -> 385 | D86: =+D61 -> 1 | E86: =+C86/D86 -> 385
B87: TOTAL MODI POR GRAMO | C87: =+C75 -> 573.92889 | D87: =+D86 -> 1 | E87: =+C87/D87 -> 573.92889

Sheet Ensamble Local
C1: SERVICIOS DE PASTELERIA S.A. | H1: CÓDIGO:
C2: ESPECIFICACION DE RECETA | H2: REVISIÓN:
C3: Cheesecake Pie de Pecanas | H3: FECHA DE APROBACIÓN:
C4: Elaborado | D4: Javier Tong, Chef
C5: Aprobado | D5: Esteban Cartin, Gte Manufactura
A7: AREA QUE PRODUCE: | D7: Postre | G7: AREA QUE EMPACA: | I7: Postre
A8: # Código | B8: # Codigo Netsuite | C8: Descripción del ingrediente | D8: Marca | E8: Unidad Internacional | G8: Medida alternativa | I8: Costo - Referencia
E9: Cantidad | F9: Unidad medida | G9: Cantidad | H9: Unidad medida | I9: Colones
A10: 907000002 | B10: SE00041 | C10: BASE GALLETA P/CHEESE CAKE (KILO) | D10: FAS | E10: 300 | F10: g | G10: Base y borde
C11: RELLENO PIE DE PECANAS | D11: FAS | E11: 300 | F11: g
A12: MP10562 | B12: 11900028 | C12: Pecana Entera | D12: Nueces Industriales | E12: 50 | F12: g
C13: RELLENO CHEESECAKE Y MANJAR | D13: FAS | E13: 650 | F13: g
C15: DECORACION
A16: MP10485 | B16: 0310099 | C16: Crema Dulce | D16: FAS | E16: 25 | F16: g | G16: Boquilla Wilton #61
C17: TOPPING CARAMELO Y PECANA | D17: FAS | E17: 230 | F17: g
C19: EMPAQUE
A21: 703020 | B21: EM10248 | C21: CINTA ADHESIVA TRANSPARENT 2*100 M (UND) | D21: ETIPLAST | E21: 60 | F21: cm
A22: 1950693 | B22: EM10020 | C22: ORLA CARTON 9" DORADA (UND ) | D22: RAPIBOX | E22: 1 | F22: ud
A23: 51400021 | B23: EM10021 | C23: QUEQUERA RED C/BASE ALTA 9" (CAJA:100 U) | D23: Exp PMT | E23: 1 | F23: ud
A24: 702123 | B24: EM10011 | C24: ETIQUETA BLANCA 2 5/8X1 15/16 (UND) | D24: Cemusa | E24: 1 | F24: ud
A25: 701096 | B25: EM10124 | C25: ETIQUETA BLANCA R-153 (UND) | D25: Cemusa | E25: 1 | F25: ud
A26: 702007 | B26: EM10004 | C26: ETIQ.FECHA VENCIMIENTO BLANCO (ROLLO) | D26: CEMUSA | E26: 1 | F26: ud
A27: 702069 | B27: EM10002 | C27: ETIQ.BLANCA 1 1/4 * 3/4 (UND) | D27: ETIPLAST | E27: 1 | F27: ud
D29: Cantidad | E29: Unidad
A30: PESO TOTAL OBTENIDO | D30: 1555 | E30: g
A31: TIEMPO TOTAL DE PREPARACION | D31: 5 | E31: min
A32: CANTIDAD DE PORCIONES OBTENIDAS | D32: 1 | E32: ud
A33: PESO DE CADA PORCIÓN | D33: =+D30 -> 1555 | E33: g
A34: MERMA | D34: =SUM(E10:E17)-D30 -> 0 | E34: g
A35: PROCEDIMIENTO DE PREPARACION DE LA RECETA
A36: 1.- Colocar dentro del molde desarmable redondo 21 cm ,previamente ensagrasado la base de galleta presionar y hornear a 175°C por 7 min en el Argental, a 175°C por 8 min en el Dicte 1 y Dicte 2, a 170°C en el Dicte 3 y a 175°C por 7 min en el Marshal
A37: 2.- Una vez fria la galleta, agregar el relleno de pecanas y las pecanas sobre el relleno de pecanas. Hornear por 30 min aprox. Enfriar
A38: 3.- Agregar la el relleno de cheesecake y manjar, emparejar con ayuda de una espatula. Enfriar por 6 horas como minimo.
A39: 4.- Desmoldar con ayuda de una espatula, Pegar a la orla con manjar, decorar con colocho de crema de manjar en el borde y topping de caramelo y pecanas en el centro.
A40: 5.- Tapar y etiquetar
A45: Control de cambios

Sheet Ensamble local 2
C1: SERVICIOS DE PASTELERIA S.A. | H1: CÓDIGO:
C2: ESPECIFICACION DE RECETA | H2: REVISIÓN:
C3: Cheesecake Pie de Pecanas | H3: FECHA DE APROBACIÓN:
C4: Elaborado | D4: Javier Tong, Chef
C5: Aprobado | D5: Esteban Cartin, Gte Manufactura
A7: AREA QUE PRODUCE: | D7: Postre | G7: AREA QUE EMPACA: | I7: Postre
A8: # Código | B8: # Codigo Netsuite | C8: Descripción del ingrediente | D8: Marca | E8: Unidad Internacional | G8: Medida alternativa | I8: Costo - Referencia
E9: Cantidad | F9: Unidad medida | G9: Cantidad | H9: Unidad medida | I9: Colones
A10: 907000002 | B10: SE00041 | C10: BASE GALLETA P/CHEESE CAKE (KILO) | D10: FAS | E10: 200 | F10: g | G10: Base y borde
C11: RELLENO PIE DE PECANAS | D11: FAS | E11: 280 | F11: g
B12: MP10562 | C12: Pecana Entera | D12: FAS | E12: 40 | F12: g
C13: RELLENO CHEESECAKE PREMIUM | D13: FAS | E13: 700 | F13: g
C15: DECORACION
B16: SE00032 | C16: Crema Dulce Leche | D16: FAS | E16: 25 | F16: g | G16: Boquilla Wilton #61
C17: TOPPING CARAMELO Y PECANA | D17: FAS | E17: 180 | F17: g
C19: EMPAQUE
A20: 702175 | B20: EM10006 | C20: ETIQUETA IMPRES SPOON GRANDE V-272 (UND) | D20: ETIPLAST | E20: 1 | F20: ud
A21: 703020 | B21: EM10248 | C21: CINTA ADHESIVA TRANSPARENT 2*100 M (UND) | D21: ETIPLAST | E21: 60 | F21: cm
A22: 1950693 | B22: EM10020 | C22: ORLA CARTON 9" DORADA (UND ) | D22: RAPIBOX | E22: 1 | F22: ud
A23: 51400021 | B23: EM10021 | C23: QUEQUERA RED C/BASE ALTA 9" (CAJA:100 U) | D23: Exp PMT | E23: 1 | F23: ud
A24: 702123 | B24: EM10011 | C24: ETIQUETA BLANCA 2 5/8X1 15/16 (UND) | D24: Cemusa | E24: 1 | F24: ud
A25: 701096 | B25: EM10124 | C25: ETIQUETA BLANCA R-153 (UND) | D25: Cemusa | E25: 1 | F25: ud
A26: 702007 | B26: EM10004 | C26: ETIQ.FECHA VENCIMIENTO BLANCO (ROLLO) | D26: CEMUSA | E26: 1 | F26: ud
A27: 702069 | B27: EM10002 | C27: ETIQ.BLANCA 1 1/4 * 3/4 (UND) | D27: ETIPLAST | E27: 1 | F27: ud
D29: Cantidad | E29: Unidad
A30: PESO TOTAL OBTENIDO | D30: 1420 | E30: g
A31: TIEMPO TOTAL DE PREPARACION | D31: 5 | E31: min
A32: CANTIDAD DE PORCIONES OBTENIDAS | D32: 1 | E32: ud
A33: PESO DE CADA PORCIÓN | D33: 1420 | E33: g
A34: MERMA | D34: 5 | E34: g
A35: PROCEDIMIENTO DE PREPARACION DE LA RECETA
A36: 1.- Colocar dentro del molde desarmable redondo 21 cm ,previamente ensagrasado la base de galleta presionar, despues colocar agregar el relleno de pecanas y hornear a 325°F por 25 minutos.
A37: 2.- Una vez fria la base, se agregar la el relleno de cheesecake premium, emparejar con ayuda de una espatula. Enfriar por 6 horas como minimo.
A38: 3.- Desmoldar con ayuda de una espatula, Pegar a la orla con manjar, decorar con colocho de crema de manjar en el borde y topping de caramelo y pecanas en el centro.
A39: 4.- Tapar y etiquetar
A44: Control de cambios

Sheet Ensamble Local 3
C1: SERVICIOS DE PASTELERIA S.A. | H1: CÓDIGO:
C2: ESPECIFICACION DE RECETA | H2: REVISIÓN:
C3: Cheesecake Pie de Pecanas Local | H3: FECHA DE APROBACIÓN:
C4: Elaborado | D4: Javier Tong, Chef
C5: Aprobado | D5: Esteban Cartin, Gte Manufactura
A7: AREA QUE PRODUCE: | D7: Postre | G7: AREA QUE EMPACA: | I7: Postre
A8: # Código | B8: # Codigo Netsuite | C8: Descripción del ingrediente | D8: Marca | E8: Unidad Internacional | G8: Medida alternativa | I8: Costo - Referencia
E9: Cantidad | F9: Unidad medida | G9: Cantidad | H9: Unidad medida | I9: Colones
A10: 907000002 | B10: SE00041 | C10: BASE GALLETA P/CHEESE CAKE (KILO) | D10: FAS | E10: 300 | F10: g | G10: Base y borde
C11: RELLENO PIE DE PECANAS | D11: FAS | E11: 280 | F11: g | K11: 1560
B12: MP10562 | C12: PECANA ENTERA | D12: FAS | E12: 40 | F12: g
C13: RELLENO CHEESECAKE PREMIUM | D13: FAS | E13: 700 | F13: g
C15: DECORACION
B16: SE00032 | C16: CREMA DULCE DE LECHE | D16: FAS | E16: 60 | F16: g | G16: Boquilla Wilton #61
C17: TOPPING CARAMELO Y PECANA | D17: FAS | E17: 180 | F17: g
C19: EMPAQUE
B20: NUEVO | C20: ETIQUETA ESPECIAL DIA DE LA MADRE | E20: 1 | F20: ud
A21: 703020 | B21: EM10248 | C21: CINTA ADHESIVA TRANSPARENT 2*100 M (UND) | D21: ETIPLAST | E21: 60 | F21: cm
A22: 1950693 | B22: EM10020 | C22: ORLA CARTON 9" DORADA (UND ) | D22: RAPIBOX | E22: 1 | F22: ud
A23: 51400021 | B23: EM10021 | C23: QUEQUERA RED C/BASE ALTA 9" (CAJA:100 U) | D23: Exp PMT | E23: 1 | F23: ud
A24: 702123 | B24: EM10011 | C24: ETIQUETA BLANCA 2 5/8X1 15/16 (UND) | D24: Cemusa | E24: 1 | F24: ud
A25: 701096 | B25: EM10124 | C25: ETIQUETA BLANCA R-153 (UND) | D25: Cemusa | E25: 1 | F25: ud
A26: 702007 | B26: EM10004 | C26: ETIQ.FECHA VENCIMIENTO BLANCO (ROLLO) | D26: CEMUSA | E26: 1 | F26: ud
A27: 702069 | B27: EM10002 | C27: ETIQ.BLANCA 1 1/4 * 3/4 (UND) | D27: ETIPLAST | E27: 1 | F27: ud
B28: EM10018 | C28: Papel Mantequilla | E28: 0.25 | F28: ud | G28: 1/4 de papel
D30: Cantidad | E30: Unidad
A31: PESO TOTAL OBTENIDO | D31: 1533 | E31: g
A32: TIEMPO TOTAL DE PREPARACION | D32: 5 | E32: min
A33: CANTIDAD DE PORCIONES OBTENIDAS | D33: 1 | E33: ud
A34: PESO DE CADA PORCIÓN | D34: 1533 | E34: g
A35: MERMA | D35: 27 | E35: g
A36: PROCEDIMIENTO DE PREPARACION DE LA RECETA
A37: 1.- Colocar dentro del molde desarmable redondo 21 cm ,previamente ensagrasado, poner 1/4 de papel mantequilla en la base del molde (dejando el sobrante hacia abajo del molde) colocar la galleta y presionar hacia los bordes y en la base, hornear a 175°C por 7 min en el Argental, a 175°C por 8 min en el Dicte 1 y Dicte 2, a 170°C en el Dicte 3 y a 175°C por 7 min en el Marshal
A38: 2.- Una vez fria la galleta, agregar el relleno de pecanas. Hornear por 20 min aprox. Enfriar
A39: 3.- Agregar la el relleno de cheesecake premium, emparejar con ayuda de una espatula. Enfriar por 6 horas como minimo.
A40: 4.- Desmoldar con ayuda de una espatula, Pegar a la orla con manjar, decorar con colocho de crema dulce en el borde y el topping de caramelo y pecanas en el centro.
A41: 5.- Tapar y etiquetar
A46: Control de cambios

Sheet Ensamble Local 4
C1: SERVICIOS DE PASTELERIA S.A. | H1: CÓDIGO:
C2: ESPECIFICACION DE RECETA | H2: REVISIÓN:
C3: Cheesecake Pie de Pecanas Industria | H3: FECHA DE APROBACIÓN:
C4: Elaborado | D4: Javier Tong, Chef
C5: Aprobado | D5: Esteban Cartin, Gte Manufactura
A7: AREA QUE PRODUCE: | D7: Postre | G7: AREA QUE EMPACA: | I7: Postre
A8: # Código | B8: # Codigo Netsuite | C8: Descripción del ingrediente | D8: Marca | E8: Unidad Internacional | G8: Medida alternativa | I8: Costo - Referencia
E9: Cantidad | F9: Unidad medida | G9: Cantidad | H9: Unidad medida | I9: Colones
A10: 907000002 | B10: SE00041 | C10: BASE GALLETA P/CHEESE CAKE (KILO) | D10: FAS | E10: 280 | F10: g | G10: Base y borde
C11: RELLENO PIE DE PECANAS | D11: FAS | E11: 280 | F11: g | K11: 1525
B12: MP10562 | C12: PECANA ENTERA | D12: FAS | E12: 35 | F12: g
C13: RELLENO CHEESECAKE PREMIUM | D13: FAS | E13: 700 | F13: g
C15: DECORACION
B16: SE00032 | C16: CREMA DULCE DE LECHE | D16: FAS | E16: 50 | F16: g | G16: Boquilla Wilton #61
C17: TOPPING CARAMELO Y PECANA | D17: FAS | E17: 180 | F17: g
B18: MP10007 | C18: Manjar Leche Condensada | D18: NESTLE | E18: 10 | F18: g
C20: EMPAQUE
B21: NUEVO | C21: ETIQUETA ESPECIAL DIA DE LA MADRE | E21: 1 | F21: ud
A22: 703020 | B22: EM10248 | C22: CINTA ADHESIVA TRANSPARENT 2*100 M (UND) | D22: ETIPLAST | E22: 60 | F22: cm
A23: 1950693 | B23: EM10020 | C23: ORLA CARTON 9" DORADA (UND ) | D23: RAPIBOX | E23: 1 | F23: ud
A24: 51400021 | B24: EM10021 | C24: QUEQUERA RED C/BASE ALTA 9" (CAJA:100 U) | D24: Exp PMT | E24: 1 | F24: ud
A25: 702123 | B25: EM10011 | C25: ETIQUETA BLANCA 2 5/8X1 15/16 (UND) | D25: Cemusa | E25: 1 | F25: ud
A26: 701096 | B26: EM10124 | C26: ETIQUETA BLANCA R-153 (UND) | D26: Cemusa | E26: 1 | F26: ud
A27: 702007 | B27: EM10004 | C27: ETIQ.FECHA VENCIMIENTO BLANCO (ROLLO) | D27: CEMUSA | E27: 1 | F27: ud
A28: 702069 | B28: EM10002 | C28: ETIQ.BLANCA 1 1/4 * 3/4 (UND) | D28: ETIPLAST | E28: 1 | F28: ud
B29: EM10018 | C29: Papel Mantequilla | E29: 0.25 | F29: ud | G29: 1/4 de papel
D31: Cantidad | E31: Unidad
A32: PESO TOTAL OBTENIDO | D32: 1533 | E32: g
A33: TIEMPO TOTAL DE PREPARACION | D33: 5 | E33: min
A34: CANTIDAD DE PORCIONES OBTENIDAS | D34: 1 | E34: ud
A35: PESO DE CADA PORCIÓN | D35: 1533 | E35: g
A36: MERMA | D36: 2 | E36: g
A37: PROCEDIMIENTO DE PREPARACION DE LA RECETA
A38: 1.- Colocar dentro del molde desarmable redondo 21 cm ,previamente ensagrasado, poner 1/4 de papel mantequilla en la base del molde (dejando el sobrante hacia abajo del molde) colocar la galleta y presionar hacia los bordes y en la base, hornear a 175°C por 7 min en el Argental, a 175°C por 8 min en el Dicte 1 y Dicte 2, a 170°C en el Dicte 3 y a 175°C por 7 min en el Marshal
A39: 2.- Una vez fria la galleta, agregar el relleno de pecanas. Hornear por 20 min aprox. Enfriar
A40: 3.- Agregar la el relleno de cheesecake premium, emparejar con ayuda de una espatula. Enfriar por 6 horas como minimo.
A41: 4.- Desmoldar con ayuda de una espatula, Pegar a la orla con manjar, decorar con colocho de crema de dulce en el borde y el topping de caramelo y pecanas en el centro.
A42: 5.- Tapar y etiquetar
A47: Control de cambios

Sheet Base de Galleta Cheese cake 
C1: SERVICIOS DE PASTELERIA S.A. | H1: CÓDIGO: | I1: ESP-RE-POS-031
C2: ESPECIFICACION DE RECETA | H2: REVISIÓN: | I2: 15
C3: Base Galleta Cheesecake SE00041 | H3: FECHA DE APROBACIÓN: | I3: 45546
C4: Elaborado | D4: Javier Tong, Chef
C5: Aprobado | D5: Esteban Cartin, Gte Manufactura
A6: AREA QUE PRODUCE: | D6: Postres | G6: AREA QUE EMPACA: | I6: Postres
A7: # Código | B7: # Codigo Netsuite | C7: Descripción del ingrediente | D7: Marca | E7: Unidad Internacional | G7: Medida Costos | I7: Costo - Referencia
E8: Cantidad | F8: Unidad medida | G8: Cantidad | H8: Unidad medida | I8: Colones
A9: 10100344 | B9: MP10523 | C9: GALLETA SODA MOLIDA (PAQ:1 KILO) | D9: POZUELO | E9: 2500 | F9: g
A10: 10100345 | B10: MP10555 | C10: GALLETA YEMITA (KILO) | D10: POZUELO | E10: 1500 | F10: g
A11: 906000002 | B11: SE00204 | C11: Corte Galleta Chilena Grande | D11: FAS | E11: 1000 | F11: g | G11: RECORTE DE CHILENA
A12: 0310107 | B12: MP10022 | C12: LACTOCREMA GRANEL (CAJA:25 KG) | D12: DOS PINOS | E12: 3000 | F12: g
A13: 101000073 | B13: MP10041 | C13: AZUCAR GLASS MOLIDA (PAQ: 4 K) | E13: 1400 | F13: g
A14: 1212410 | B14: MP10008 | C14: PRESERVANTE 1047S (PAQ=5 KILO) | E14: 10 | F14: g
D17: Cantidad | E17: Unidad
A18: PESO TOTAL OBTENIDO | D18: 9000 | E18: g | F18: TIEMPO DE HORNEO
A19: TIEMPO TOTAL DE PREPARACION | D19: 15 | E19: min | F19: HORNO
A20: CANTIDAD DE PORCIONES OBTENIDAS | D20: =D18/D21 -> 1 | E20: Tanda | F20: TEMPERATURA HORNEO | H20: =15/9 -> 1.6666667
A21: PESO DE CADA PORCIÓN | D21: 9000 | E21: g | F21: OTROS
A22: MERMA | D22: =SUM(E9:E15)-D18 -> 410 | E22: g
A23: PROCEDIMIENTO DE PREPARACION DE LA RECETA
A24: 1.- Derretir la lactocrema. No hervir.
A25: 2.- Mezclar todos los ingredientes en un bowl con el azucar en polvo.
A26: 2, Mezclar la galletas procesada con el azucar y la lactocrema, en batidora con paleta, hasta homogeneo.
A28: CONTROL DE CAMBIOS
A30: Revisión #9: Actualización de codigos
A31: Revisión #10: Actualizacion de peso final, y productos de reproceso.
A32: Revisión #11: Actualizacion completa por cambio de galletas y rendimiento.
A33: Revision #12: Actualizacion del peso de la lactocrema y el rendimiento.
A34: Revision #13: Se elimina galleta Maria y se agrega recorte de galleta chilena Spoon
A35: Revision #14: Se le bajo Lactocrema
A36: Revisión# 15:Se le aumenta la cantidad de lactocrema a la receta

Sheet Costo ensamble local
E1: Precio Local | F1: Costo MP | G1: Costo EM | H1: Costo MO
E2: =IFERROR(O63,"") -> 5901.5793 | F2: =IFERROR(H54,"") -> 4340.7685 | G2: =IFERROR(H55,"") -> 509.8502 | H2: =IFERROR(H57,"") -> 573.92889
A5: ESTRUCTURA DE COSTOS
F6: Fecha: | H6: =TODAY() -> 45831
A7: UNIDADES | B7: DESCRIPCION MAT.PRIMA | C7: UNIDADES | D7: UND MEDIDA | E7: COSTO UNITARIO | F7: TOTAL COSTO | G7: % PREC. DEFINIDO | H7: CODIGOS
A8: 50 | B8: Crema Dulce | C8: =+A8 -> 50 | D8: Gramo | E8: 2.27 | F8: =IFERROR(C8*E8,"") -> 113.5 | G8: =IFERROR(F8/$F$67,"") -> 0.02132483 | H8: 310099 | M8: 156 | N8: 60 | O8: =+M8-N8 -> 96
A9: 35 | B9: Pecana Entera | C9: =+A9 -> 35 | D9: Gramo | E9: 8.47 | F9: =IFERROR(C9*E9,"") -> 296.45 | G9: =IFERROR(F9/$F$67,"") -> 0.055698201 | H9: 11900028 | M9: 750 | N9: 500
A10: 10 | B10: Manjar de leche condensada | C10: =+A10 -> 10 | D10: Gramo | E10: 2.56 | F10: =IFERROR(C10*E10,"") -> 25.6 | G10: =IFERROR(F10/$F$67,"") -> 0.0048098295
B11: =IFERROR(VLOOKUP(H11,'[1]Consolidado MP Planta'!$A$2:$M$823,3,0),"") | C11: =+A11 -> 0 | D11: =IFERROR(VLOOKUP(H11,'[1]Consolidado MP Planta'!$A$2:$M$823,13,0),"") | E11: =IFERROR(VLOOKUP(H11,'[1]Consolidado MP Planta'!$A$2:$M$823,12,0),"") | F11: =IFERROR(C11*E11,"") | G11: =IFERROR(F11/$F$67,"")
B12: =IFERROR(VLOOKUP(H12,'[1]Consolidado MP Planta'!$A$2:$M$823,3,0),"") | C12: =+A12 -> 0 | D12: =IFERROR(VLOOKUP(H12,'[1]Consolidado MP Planta'!$A$2:$M$823,13,0),"") | E12: =IFERROR(VLOOKUP(H12,'[1]Consolidado MP Planta'!$A$2:$M$823,12,0),"") | F12: =IFERROR(C12*E12,"") | G12: =IFERROR(F12/$F$67,"")
B13: =IFERROR(VLOOKUP(H13,'[1]Consolidado MP Planta'!$A$2:$M$823,3,0),"") | C13: =+A13 -> 0 | D13: =IFERROR(VLOOKUP(H13,'[1]Consolidado MP Planta'!$A$2:$M$823,13,0),"") | E13: =IFERROR(VLOOKUP(H13,'[1]Consolidado MP Planta'!$A$2:$M$823,12,0),"") | F13: =IFERROR(C13*E13,"") | G13: =IFERROR(F13/$F$67,"")
B14: =IFERROR(VLOOKUP(H14,'[1]Consolidado MP Planta'!$A$2:$M$823,3,0),"") | C14: =+A14 -> 0 | D14: =IFERROR(VLOOKUP(H14,'[1]Consolidado MP Planta'!$A$2:$M$823,13,0),"") | E14: =IFERROR(VLOOKUP(H14,'[1]Consolidado MP Planta'!$A$2:$M$823,12,0),"") | F14: =IFERROR(C14*E14,"") | G14: =IFERROR(F14/$F$67,"")
B15: =IFERROR(VLOOKUP(H15,'[2]ARTICULOS MP PLANTA'!$A$2:$G$589,2,0),"")
A16: UNIDADES | B16: MATERIA PRIMA SEMIELABORADOS | C16: UNIDADES | D16: UND MEDIDA | E16: COSTO UNITARIO | F16: TOTAL COSTO | G16: % PREC. DEFINIDO | H16: CODIGOS | O16: =96+250 -> 346
A17: 200 | B17: =IFERROR(VLOOKUP(H17,[1]SEMIELABORADOS!$A$2:$M$6000,2,0),"") -> BASE GALLETA P/CHEESE CAKE (KILO) | C17: =+A17 -> 200 | D17: =IFERROR(VLOOKUP(H17,[1]SEMIELABORADOS!$A$2:$M$6000,6,0),"") -> Gramo | E17: 2.5 | F17: =IFERROR(E17*C17,"") -> 500 | G17: =IFERROR(F17/$F$67,"") -> 0.093941982 | H17: 907000002
A18: 280 | B18: RELLENO PIE DE PECANAS | C18: =+A18 -> 280 | D18: Gramo | E18: =+'Costo Relleno CK Premium'!E75 -> 2.638085 | F18: =IFERROR(E18*C18,"") -> 738.6638 | G18: =IFERROR(F18/$F$67,"") -> 0.13878308 | H18: NUEVO
A19: 700 | B19: RELLENO CHEESECAKE PREMIUM | C19: =+A19 -> 700 | D19: Gramo | E19: =+'Costo relleno CK y Manjar '!E75 -> 2.5338071 | F19: =IFERROR(E19*C19,"") -> 1773.665 | G19: =IFERROR(F19/$F$67,"") -> 0.3332432 | H19: NUEVO
A20: 180 | B20: TOPPING CARAMELO Y PECANA | C20: =+A20 -> 180 | D20: Gramo | E20: =+'Costo Topping caramelo pecana '!E69 -> 4.9604983 | F20: =IFERROR(E20*C20,"") -> 892.88969 | G20: =IFERROR(F20/$F$67,"") -> 0.16775965
B21: =IFERROR(VLOOKUP(H21,[1]SEMIELABORADOS!$A$2:$M$6000,2,0),"") | C21: =+A21 -> 0 | D21: =IFERROR(VLOOKUP(H21,[1]SEMIELABORADOS!$A$2:$M$6000,6,0),"") | E21: =IFERROR(VLOOKUP(H21,[1]SEMIELABORADOS!$A$2:$H$65536,8,0),"") | F21: =IFERROR(E21*C21,"") | G21: =IFERROR(F21/$F$67,"")
B22: =IFERROR(VLOOKUP(H22,[1]SEMIELABORADOS!$A$2:$M$6000,2,0),"") | C22: =+A22 -> 0 | D22: =IFERROR(VLOOKUP(H22,[1]SEMIELABORADOS!$A$2:$M$6000,6,0),"") | E22: =IFERROR(VLOOKUP(H22,[1]SEMIELABORADOS!$A$2:$H$65536,8,0),"") | F22: =IFERROR(E22*C22,"") | G22: =IFERROR(F22/$F$67,"")
B23: =IFERROR(VLOOKUP(H23,[1]SEMIELABORADOS!$A$2:$M$6000,2,0),"") | C23: =+A23 -> 0 | D23: =IFERROR(VLOOKUP(H23,[1]SEMIELABORADOS!$A$2:$M$6000,6,0),"") | E23: =IFERROR(VLOOKUP(H23,[1]SEMIELABORADOS!$A$2:$H$65536,8,0),"") | F23: =IFERROR(E23*C23,"") | G23: =IFERROR(F23/$F$67,"")
B24: =IFERROR(VLOOKUP(H24,[1]SEMIELABORADOS!$A$2:$M$6000,2,0),"") | C24: =+A24 -> 0 | D24: =IFERROR(VLOOKUP(H24,[1]SEMIELABORADOS!$A$2:$M$6000,6,0),"") | E24: =IFERROR(VLOOKUP(H24,[1]SEMIELABORADOS!$A$2:$H$65536,8,0),"") | F24: =IFERROR(E24*C24,"") | G24: =IFERROR(F24/$F$67,"")
A26: UNIDADES | B26: EMPAQUE | C26: UNIDADES | D26: UND MEDIDA | E26: COSTO UNITARIO | F26: TOTAL COSTO | G26: % PREC. DEFINIDO | H26: CODIGOS
A27: 1 | B27: =IFERROR(VLOOKUP(H27,'[1]Consolidado MP Planta'!$A$2:$M$823,3,0),"") -> ORLA #9 DORADA (UND) | C27: =+A27 -> 1 | D27: =IFERROR(VLOOKUP(H27,'[1]Consolidado MP Planta'!$A$2:$M$823,13,0),"") -> Und | E27: 111 | F27: =IFERROR(C27*E27,"") -> 111 | G27: =IFERROR(F27/$F$67,"") -> 0.02085512 | H27: 1950693
A28: 1 | B28: =IFERROR(VLOOKUP(H28,'[1]Consolidado MP Planta'!$A$2:$M$823,3,0),"") -> QUEQUERA RED C/BASE ALTA 9" (CAJA:100 U) | C28: =+A28 -> 1 | D28: =IFERROR(VLOOKUP(H28,'[1]Consolidado MP Planta'!$A$2:$M$823,13,0),"") -> Und | E28: 340.21 | F28: =IFERROR(C28*E28,"") -> 340.21 | G28: =IFERROR(F28/$F$67,"") -> 0.063920003 | H28: 51400021
A29: 1 | B29: =IFERROR(VLOOKUP(H29,'[1]Consolidado MP Planta'!$A$2:$M$823,3,0),"") -> ETIQUETA BLANCA 2 5/8X1 15/16 (UND) | C29: =+A29 -> 1 | D29: =IFERROR(VLOOKUP(H29,'[1]Consolidado MP Planta'!$A$2:$M$823,13,0),"") -> Und | E29: 2.13 | F29: =IFERROR(C29*E29,"") -> 2.13 | G29: =IFERROR(F29/$F$67,"") -> 0.00040019284 | H29: 0702123
A30: 1 | B30: =IFERROR(VLOOKUP(H30,'[1]Consolidado MP Planta'!$A$2:$M$823,3,0),"") -> ETIQUETA BLANCA R-153 (UND) | C30: =+A30 -> 1 | D30: =IFERROR(VLOOKUP(H30,'[1]Consolidado MP Planta'!$A$2:$M$823,13,0),"") -> Und | E30: 0.39 | F30: =IFERROR(C30*E30,"") -> 0.39 | G30: =IFERROR(F30/$F$67,"") -> 7.3274746e-05 | H30: 701096
A31: 1 | B31: =IFERROR(VLOOKUP(H31,'[1]Consolidado MP Planta'!$A$2:$M$823,3,0),"") -> ETIQ.FECHA VENCIMIENTO BLANCO (ROLLO) | C31: =+A31 -> 1 | D31: =IFERROR(VLOOKUP(H31,'[1]Consolidado MP Planta'!$A$2:$M$823,13,0),"") -> Gramos | E31: 0.33 | F31: =IFERROR(C31*E31,"") -> 0.33 | G31: =IFERROR(F31/$F$67,"") -> 6.2001708e-05 | H31: 0702007
A32: 1 | B32: =IFERROR(VLOOKUP(H32,'[1]Consolidado MP Planta'!$A$2:$M$823,3,0),"") -> ETIQUETA IMPRES SPOON GRANDE V-272 (UND) | C32: =+A32 -> 1 | D32: =IFERROR(VLOOKUP(H32,'[1]Consolidado MP Planta'!$A$2:$M$823,13,0),"") -> Und | E32: 52.31 | F32: =IFERROR(C32*E32,"") -> 52.31 | G32: =IFERROR(F32/$F$67,"") -> 0.0098282101 | H32: 702175
A33: 1 | B33: =IFERROR(VLOOKUP(H33,'[1]Consolidado MP Planta'!$A$2:$M$823,3,0),"") -> ETIQ.BLANCA 1 1/4 * 3/4 (UND) | C33: =+A33 -> 1 | D33: =IFERROR(VLOOKUP(H33,'[1]Consolidado MP Planta'!$A$2:$M$823,13,0),"") -> Und | E33: 0.58 | F33: =IFERROR(C33*E33,"") -> 0.58 | G33: =IFERROR(F33/$F$67,"") -> 0.0001089727 | H33: 0702069
A35: UNIDADES | B35: EMPAQUE SEMIELABORADOS | C35: UNIDADES | D35: UND MEDIDA | E35: COSTO UNITARIO | F35: TOTAL COSTO | G35: % PREC. DEFINIDO | H35: CODIGOS
A36: =+A17 -> 200 | B36: =IFERROR(VLOOKUP(H36,[1]SEMIELABORADOS!$A$2:$M$6000,2,0),"") -> BASE GALLETA P/CHEESE CAKE (KILO) | C36: =+A36 -> 200 | D36: =IFERROR(VLOOKUP(H36,[1]SEMIELABORADOS!$A$2:$M$6000,6,0),"") -> Gramo | E36: =IFERROR(VLOOKUP(H36,[1]SEMIELABORADOS!$A$2:$M$65536,10,0),"") -> 0.0016634562 | F36: =IFERROR(E36*C36,"") -> 0.33269124 | G36: =IFERROR(F36/$F$67,"") -> 6.2507349e-05 | H36: 907000002
A37: =+A18 -> 280 | B37: RELLENO PIE DE PECANAS | C37: =+A37 -> 280 | D37: Gramo | E37: =+'Costo relleno pie pecanas'!E82 -> 0.0053176 | F37: =IFERROR(E37*C37,"") -> 1.488928 | G37: =IFERROR(F37/$F$67,"") -> 0.00027974569 | H37: NUEVO
A38: =+A19 -> 700 | B38: RELLENO CHEESECAKE PREMIUM | C38: =+A38 -> 700 | D38: Gramo | E38: =+'Costo Relleno CK Premium'!E82 -> 5.8e-05 | F38: =IFERROR(E38*C38,"") -> 0.0406 | G38: =IFERROR(F38/$F$67,"") -> 7.6280889e-06 | H38: NUEVO
A39: =+A20 -> 180 | B39: TOPPING CARAMELO Y PECANA | C39: =+A39 -> 180 | D39: Gramo | E39: =+'Costo Topping caramelo pecana '!E76 -> 0.0057665794 | F39: =IFERROR(E39*C39,"") -> 1.0379843 | G39: =IFERROR(F39/$F$67,"") -> 0.0001950206
A40: =+A21 -> 0 | B40: =IFERROR(VLOOKUP(H40,[1]SEMIELABORADOS!$A$2:$M$6000,2,0),"") | C40: =+A40 -> 0 | D40: =IFERROR(VLOOKUP(H40,[1]SEMIELABORADOS!$A$2:$M$6000,6,0),"") | E40: =IFERROR(VLOOKUP(H40,[1]SEMIELABORADOS!$A$2:$M$65536,10,0),"") | F40: =IFERROR(E40*C40,"") | G40: =IFERROR(F40/$F$67,"")
A41: =+A22 -> 0 | B41: =IFERROR(VLOOKUP(H41,[1]SEMIELABORADOS!$A$2:$M$6000,2,0),"") | C41: =+A41 -> 0 | D41: =IFERROR(VLOOKUP(H41,[1]SEMIELABORADOS!$A$2:$M$6000,6,0),"") | E41: =IFERROR(VLOOKUP(H41,[1]SEMIELABORADOS!$A$2:$M$65536,10,0),"") | F41: =IFERROR(E41*C41,"") | G41: =IFERROR(F41/$F$67,"")
A42: =+A23 -> 0 | B42: =IFERROR(VLOOKUP(H42,[1]SEMIELABORADOS!$A$2:$M$6000,2,0),"") | C42: =+A42 -> 0 | D42: =IFERROR(VLOOKUP(H42,[1]SEMIELABORADOS!$A$2:$M$6000,6,0),"") | E42: =IFERROR(VLOOKUP(H42,[1]SEMIELABORADOS!$A$2:$M$65536,10,0),"") | F42: =IFERROR(E42*C42,"") | G42: =IFERROR(F42/$F$67,"")
A44: UNIDADES | B44: MODI | C44: UNIDADES | D44: UND MEDIDA | E44: COSTO UNITARIO | F44: TOTAL COSTO | G44: % PREC. DEFINIDO | H44: CODIGOS
A45: =+A36 -> 200 | B45: =IFERROR(VLOOKUP(H45,[1]SEMIELABORADOS!$A$2:$M$6000,2,0),"") -> BASE GALLETA P/CHEESE CAKE (KILO) | C45: =+A45 -> 200 | D45: =IFERROR(VLOOKUP(H45,[1]SEMIELABORADOS!$A$2:$M$6000,6,0),"") -> Gramo | E45: =IFERROR(VLOOKUP(H45,[1]SEMIELABORADOS!$A$2:$M$65536,12,0),"") -> 0.46147167 | F45: =IFERROR(E45*C45,"") -> 92.294334 | G45: =IFERROR(F45/$F$67,"") -> 0.017340625 | H45: 907000002
A46: =+A37 -> 280 | B46: RELLENO PIE DE PECANAS | C46: =+A46 -> 280 | D46: Gramo | E46: =+'Costo relleno pie pecanas'!E80 -> 0.09521 | F46: =IFERROR(E46*C46,"") -> 26.6588 | G46: =IFERROR(F46/$F$67,"") -> 0.005008761 | H46: NUEVO
A47: =+A38 -> 700 | B47: RELLENO CHEESECAKE PREMIUM | C47: =+A47 -> 700 | D47: Gramo | E47: =+'Costo Relleno CK Premium'!E80 -> 0.077 | F47: =IFERROR(E47*C47,"") -> 53.9 | G47: =IFERROR(F47/$F$67,"") -> 0.010126946 | H47: NUEVO
A48: =+A39 -> 180 | B48: TOPPING CARAMELO Y PECANA | C48: =+A48 -> 180 | D48: Gramo | E48: =+'Costo Topping caramelo pecana '!E74 -> 0.089309746 | F48: =IFERROR(E48*C48,"") -> 16.075754 | G48: =IFERROR(F48/$F$67,"") -> 0.0030203764
A49: =+A40 -> 0 | B49: =IFERROR(VLOOKUP(H49,[1]SEMIELABORADOS!$A$2:$M$6000,2,0),"") | C49: =+A49 -> 0 | D49: =IFERROR(VLOOKUP(H49,[1]SEMIELABORADOS!$A$2:$M$6000,6,0),"") | E49: =IFERROR(VLOOKUP(H49,[1]SEMIELABORADOS!$A$2:$M$65536,12,0),"") | F49: =IFERROR(E49*C49,"") | G49: =IFERROR(F49/$F$67,"")
A50: =+A41 -> 0 | B50: =IFERROR(VLOOKUP(H50,[1]SEMIELABORADOS!$A$2:$M$6000,2,0),"") | C50: =+A50 -> 0 | D50: =IFERROR(VLOOKUP(H50,[1]SEMIELABORADOS!$A$2:$M$6000,6,0),"") | E50: =IFERROR(VLOOKUP(H50,[1]SEMIELABORADOS!$A$2:$M$65536,12,0),"") | F50: =IFERROR(E50*C50,"") | G50: =IFERROR(F50/$F$67,"")
A51: =+A42 -> 0 | B51: =IFERROR(VLOOKUP(H51,[1]SEMIELABORADOS!$A$2:$M$6000,2,0),"") | C51: =+A51 -> 0 | D51: =IFERROR(VLOOKUP(H51,[1]SEMIELABORADOS!$A$2:$M$6000,6,0),"") | E51: =IFERROR(VLOOKUP(H51,[1]SEMIELABORADOS!$A$2:$M$65536,12,0),"") | F51: =IFERROR(E51*C51,"") | G51: =IFERROR(F51/$F$67,"")
A52: 1 | B52: MODI PREPARACION | C52: =+A52 -> 1 | D52: N/A | E52: =+F66 -> 385 | F52: =IFERROR(C52*E52,"") -> 385 | G52: =IFERROR(F52/$F$67,"") -> 0.072335326
B54: TOTAL MATERIA PRIMA | F54: =SUM(F8:F14,F17:F24) -> 4340.7685 | G54: =+F54/$F$67 -> 0.81556078 | H54: =+F54/$D$61 -> 4340.7685
B55: TOTAL EMPAQUE | F55: =SUM(F27:F33,F36:F42) -> 509.8502 | G55: =+F55/$F$67 -> 0.095792677 | H55: =+F55/$D$61 -> 509.8502 | K55: TOTAL MATERIA PRIMA + EMPAQUE | O55: =+F56 -> 4850.6187
B56: TOTAL MATERIAS P. + EMPAQUES | F56: =+F54+F55 -> 4850.6187 | G56: =+F56/$F$67 -> 0.91135346 | H56: =+F56/$D$61 -> 4850.6187 | M56: MODI PLANTA | O56: =+H57 -> 573.92889
C57: TOTAL MODI | F57: =SUM(F45:F52) -> 573.92889 | G57: =+F57/$F$67 -> 0.10783203 | H57: =+F57/$D$61 -> 573.92889 | M57: DESECHO | O57: =O55*N57 -> 0
M58: COSTO PLANTA | O58: =SUM(O55:O57) -> 5424.5475
B59: GRAMOS | D59: 1417 | H59: =+H57/77 -> 7.4536219 | M59: % GIF | O59: =+H60 -> 477.0318
B60: PESO POR UNIDAD | D60: 1417 | H60: =+H59*64 -> 477.0318 | M60: COSTO PLANTA | O60: =SUM(O58:O59) -> 5901.5793
B61: UNIDADES TOTALES | D61: =+D59/D60 -> 1 | O61: =+O60*N61 -> 0
B62: UNIDAD MEDIDA | K62: PRECIO DE VENTA PLANTA A LOCAL | O62: =SUM(O60:O61) -> 5901.5793 | P62: GR
E63: S/ COSTO | F63: TOTAL | L63: UNIDAD | O63: =+O62/D61 -> 5901.5793 | P63: =+O63/D60 -> 4.1648408
B64: TOTAL MATERIAS P. + EMPAQUES | E64: =+F64/F64 -> 1 | F64: =SUM(F56) -> 4850.6187 | G64: =+F64/$F$67 -> 0.91135346
B65: DESECHOS Y PERDIDAS | E65: 0.02 | F65: =+F54*E65 -> 86.815369 | G65: =+F65/$F$67 -> 0.016311216 | N65: 1 | O65: 6276.05
B66: MANO OBRA DIRECTA | D66: 5 | E66: 77 | F66: =+E66*D66 -> 385 | G66: =+F66/$F$67 -> 0.072335326 | N66: 2 | O66: 5831.47
B67: TOTAL COSTO PLANTA | F67: =SUM(F64:F66) -> 5322.434 | G67: =+F67/$F$67 -> 1 | M67: MODI 77 COLONES X MIN | N67: 3 | O67: 6321.16
M68: Gf 64 colones min
B69: COSTO POR GRAMO | M69: , | O69: =+O62-250 -> 5651.5793
B70: TOTAL COSTO MATERIA PRIMA | C70: =+F54 -> 4340.7685 | D70: =+D59 -> 1417 | E70: =+C70/D70 -> 3.0633511
O71: =5831-6321 -> -490
B72: TOTAL COSTO UNIDAD MP+DESECHO+EMPAQUE | C72: =SUM(F64:F65) -> 4937.434 | D72: =+D59 -> 1417 | E72: =+C72/D72 -> 3.4844277
B74: TOTAL MODI PREPARACION POR GRAMO | C74: =+F66 -> 385 | D74: =+D59 -> 1417 | E74: =+C74/D74 -> 0.27170078
B75: TOTAL MODI POR GRAMO | C75: =+F57 -> 573.92889 | D75: =+D74 -> 1417 | E75: =+C75/D75 -> 0.40503097
B77: TOTAL EMPAQUE POR GRAMO | C77: =+F55 -> 509.8502 | D77: =+D75 -> 1417 | E77: =+C77/D77 -> 0.3598096
B79: TOTAL GRAMO MP+MODI | E79: =+E70+E75 -> 3.468382
B81: COSTO POR UNIDAD
B82: TOTAL COSTO MATERIA PRIMA | C82: =+C70 -> 4340.7685 | D82: =+D61 -> 1 | E82: =+C82/D82 -> 4340.7685
B84: TOTAL COSTO UNIDAD MP+DESECHO+EMPAQUE | C84: =+C72 -> 4937.434 | D84: =+D61 -> 1 | E84: =+C84/D84 -> 4937.434
B86: TOTAL MODI POR GRAMO | C86: =+C74 -> 385 | D86: =+D61 -> 1 | E86: =+C86/D86 -> 385
B87: TOTAL MODI POR GRAMO | C87: =+C75 -> 573.92889 | D87: =+D86 -> 1 | E87: =+C87/D87 -> 573.92889

Sheet Corte Galleta Chilena 
C1: SERVICIOS DE PASTELERIA S.A. | H1: CÓDIGO: | I1: ESP-RE-PAPS-002
C2: ESPECIFICACION DE RECETA | H2: REVISIÓN: | I2: 01
C3: Corte Galleta Chilena Grande 143g 906000002(SE00204) | H3: FECHA DE APROBACIÓN: | I3: 45611
C4: Elaborado | D4: Javier Tong, Chef
C5: Aprobado | D5: Esteban Cartin, Gte Manufactura
A6: AREA QUE PRODUCE: | D6: Pastas | G6: AREA QUE EMPACA: | I6: Pastas
A7: # Código | B7: # Código Netsuite | C7: Descripción del ingrediente | D7: Marca | E7: Unidad Internacional | G7: Medida alternativa | I7: Costo - Referencia
E8: Cantidad | F8: Unidad medida | G8: Cantidad | H8: Unidad medida | I8: Colones
C9: Ensamble
A10: 906000035 | B10: SE00177 | C10: PASTA TORTA CHILENA SPOON KILO | D10: FAS | E10: 1001 | F10: g
A11: 90100137 | B11: SE00183 | C11: EMPAQUE HARINA ESTANDAR (KILO) | D11: FAS | E11: 20 | F11: g
C18: Decoración
C24: Empaque
D35: Cantidad | E35: Unidad
A36: PESO TOTAL OBTENIDO | D36: 1001 | E36: g | F36: Tiempo de Horneo:
A37: TIEMPO TOTAL DE PREPARACION | D37: 2 | E37: min | F37: Horno:
A38: CANTIDAD DE PORCIONES OBTENIDAS | D38: 7 | E38: Galletas | F38: Temperatura de Horneo:
A39: PESO DE CADA PORCIÓN | D39: 143 | E39: g | F39: Otros
A40: MERMA | D40: 0 | E40: g
A41: PROCEDIMIENTO DE PREPARACION DE LA RECETA
A42: 1-. Laminar la masa hasta 4 mm con ayuda e la maquina, hacer huecos con el zorro. En la laminadora Rondo a 2.8, en la laminadora Kemplex 3.
A43: 2-. Cortar con cortador redondo de 23 cm diametro y colocar los 7 circulos en la bandeja
A44: 3-. Llevar al horno en Dicte 1 por 23 min a 170°C o Dicte 2 por 22 a 24 min a 170°C.
A45: 4-. Enfriar.
A51: CONTROL DE CAMBIOS

Sheet Pasta Torta Chilena 
C1: SERVICIOS DE PASTELERIA S.A. | H1: CÓDIGO: | I1: ESP-RE-PAPS-011
C2: ESPECIFICACION DE RECETA | H2: REVISIÓN: | I2: 01
C3: PASTA TORTA CHILENA SPOON KILO SE00177 | H3: FECHA DE APROBACIÓN: | I3: 45611
C4: Elaborado | D4: Javier Tong, Chef
C5: Aprobado | D5: Esteban Cartin, Gte Manufactura
A6: AREA QUE PRODUCE: | D6: Pastas | G6: AREA QUE EMPACA: | I6: Pastas
A7: # Código | B7: # Código Netsuite | C7: Descripción del ingrediente | D7: Marca | E7: Unidad Internacional | G7: Medida alternativa | I7: Costo - Referencia
E8: Cantidad | F8: Unidad medida | G8: Cantidad | H8: Unidad medida | I8: Colones
C9: Ensamble
A10: 901000014 | B10: SE00178 | C10: PREMEZCLA P/PASTA CHILENA SPOON | D10: Spoon | E10: 23524 | F10: g
C16: Decoración
C22: Empaque
D33: Cantidad | E33: Unidad
A34: PESO TOTAL OBTENIDO | D34: 23300 | E34: g | F34: Tiempo de Horneo: | H34: 60 min
A35: TIEMPO TOTAL DE PREPARACION | D35: 8 | E35: min | F35: Horno: | H35: Dicte 1,2,3
A36: CANTIDAD DE PORCIONES OBTENIDAS | D36: 1 | E36: Tanda | F36: Temperatura de Horneo: | H36: 185 C
A37: PESO DE CADA PORCIÓN | D37: 23300 | E37: g | F37: Otros
A38: MERMA | D38: 224 | E38: g
A39: PROCEDIMIENTO DE PREPARACION DE LA RECETA
A40: 1.- Colocar la margarina, azucar y harina y preservante. Batir en velocidad 1 por 3 minutos, con ayuda de la paleta.
A41: 2.- Utilizar de inmediato.
A49: CONTROL DE CAMBIOS

Sheet Premezcla pasta Chilena 
C1: SERVICIOS DE PASTELERIA S.A. | H1: CÓDIGO: | I1: ESP-RE-PRES-008
C2: ESPECIFICACION DE RECETA | H2: REVISIÓN: | I2: 01
C3: PREMEZCLA P/PASTA CHILENA SPOON 901000014(SE00178) | H3: FECHA DE APROBACIÓN: | I3: 45616
C4: Elaborado | D4: Javier Tong, Chef
C5: Aprobado | D5: Esteban Cartin, Gte Manufactura
A6: AREA QUE PRODUCE: | D6: Premezclas | G6: AREA QUE EMPACA: | I6: Premezclas
A7: # Código | B7: # Código Netsuite | C7: Descripción del ingrediente | D7: Marca | E7: Unidad Internacional | G7: Medida alternativa | I7: Costo - Referencia
E8: Cantidad | F8: Unidad medida | G8: Cantidad | H8: Unidad medida | I8: Colones
C9: Ensamble
B10: MP10040 | C10: MARGARINA BAKER TABLETA (CAJA: 25 K) | D10: NUMAR | E10: 9000 | F10: g
B11: MP10049 | C11: AZUCAR POLVO P.REAL (PAQ:2.5 Kg) | D11: PASTELERO REAL | E11: 1 | F11: Bolsa
B12: MP10051 | C12: HARINA TRIGO NACARINA (SACO: 25 K) | D12: NACARINA | E12: 12000 | F12: g
B13: MP10008 | C13: PRESERVANTE 1047S (PAQ=5 KILO) | D13: ASEAL | E13: 24 | F13: g
C18: Decoración
C25: Empaque
B26: EM10011 | C26: ETIQUETA BLANCA 2 5/8X1 15/16 (UND) | D26: ETIPLAST | E26: 2 | F26: ud
B27: EM10013 | C27: BOLSA 17x25 TRANSP | D27: PLASTICOS P | E27: 2 | F27: ud
B28: EM10133 | C28: ETIQUETA ROJA LETRA ALERJENO (UND) | D28: ETIPLAST | E28: 1 | F28: ud
B29: AS00020 | C29: GUANTE LATEX CORRIENTE (CAJA:100 UND) | D29: MAYCA | E29: 2 | F29: ud
D38: Cantidad | E38: Unidad
A39: PESO TOTAL OBTENIDO | D39: 23524 | E39: g | F39: Tiempo de Horneo:
A40: TIEMPO TOTAL DE PREPARACION | D40: 0.14583333 | E40: Minutos | F40: Horno:
A41: CANTIDAD DE PORCIONES OBTENIDAS | D41: 1 | E41: Tanda | F41: Temperatura de Horneo:
A42: PESO DE CADA PORCIÓN | D42: 23524 | E42: g | F42: Otros
A43: MERMA | D43: 0 | E43: g
A44: PROCEDIMIENTO DE PREPARACION DE LA RECETA
A45: 1.- Colocar en 1 bolsa 17*25 la margarina. Etiquetar con nombre y alerjeno
A46: 2.- Colocar la harina, preservante en otra bolsa 17*25, enviar 1 bolsa de azucar en polvo entera.
A47: 3.- Etiquetar ambas bolsas con nombre y alerjeno.
A53: CONTROL DE CAMBIOS

Sheet Crema Dulce Leche
C1: SERVICIOS DE PASTELERIA S.A. | H1: CÓDIGO: | I1: ESP-RE-DES-020
C2: ESPECIFICACION DE RECETA | H2: REVISIÓN: | I2: 02
C3: Crema de Dulce de Leche(24500g) SE00032 | H3: FECHA DE APROBACIÓN: | I3: 45613
C4: Elaborado | D4: Javier Tong, Chef
C5: Aprobado | D5: Esteban Cartin, Gte Manufactura
A6: AREA QUE PRODUCE: | D6: Decoración | G6: AREA QUE EMPACA: | I6: Decoracion
A7: # Código | B7: # Código Netsuite | C7: Descripción del ingrediente | D7: Marca | E7: Unidad Internacional | G7: Medida alternativa | I7: Costo - Referencia
E8: Cantidad | F8: Unidad medida | G8: Cantidad | H8: Unidad medida | I8: Colones
C9: Ensamble
A10: 11400029 | B10: MP10165 | C10: CREMA BETTER DULCE LECHE RICH (UND:4 K) | D10: RICHS | E10: 16000 | F10: g | H10: 4 GALON
A11: 11400031 | B11: MP10048 | C11: CREMA PRESTIGE GRAND (UND:4 K) | D11: RICHS | E11: 8000 | F11: g | H11: 2 GALON
A12: 10415 | C12: AGUA POTABLE (PLANTA) | D12: FAS | E12: 1000 | F12: g
A13: 1212410 | B13: MP10008 | C13: PRESERVANTE 1047S (PAQ=5 KILO) | D13: ASEAL | E13: 22 | F13: g
C20: Decoración
C29: Empaque
A30: 702123 | B30: EM10011 | C30: ETIQUETA BLANCA 2 5/8X1 15/16 (UND) | E30: 1 | F30: ud
D40: Cantidad | E40: Unidad
A41: PESO TOTAL OBTENIDO | D41: 24500 | E41: g | F41: Tiempo de Horneo:
A42: TIEMPO TOTAL DE PREPARACION | D42: 21 | E42: min | F42: Horno:
A43: CANTIDAD DE PORCIONES OBTENIDAS | D43: 1 | E43: ud | F43: Temperatura de Horneo:
A44: PESO DE CADA PORCIÓN | D44: 24500 | E44: g | F44: Otros
A45: MERMA | D45: 500 | E45: g
A46: PROCEDIMIENTO DE PREPARACION DE LA RECETA
A47: 1.- Colocar en la top cream, la crema de dulce de leche y la prestige y el agua con el preservante. (Cumpliendo un temperatura de 5° liquida)
A48: 2.- Batir por 21 minutos.
A49: 3,- Una vez lista a una temperatura de 18° batida, retirar, etiquetar y guardar hasta que sean usadas.
A57: 2, Actualización tiempo de preparación y procedimiento

Sheet Topping caramelo pecana
C1: SERVICIOS DE PASTELERIA S.A. | H1: CÓDIGO:
C2: ESPECIFICACION DE RECETA | H2: REVISIÓN:
C3: Topping de caramelo y pecanas | H3: FECHA DE APROBACIÓN:
C4: Elaborado | D4: Javier Tong, Chef
C5: Aprobado | D5: Esteban Cartin, Gte Manufactura
A7: AREA QUE PRODUCE: | D7: Postre | G7: AREA QUE EMPACA: | I7: Postre
A8: # Código | B8: # Codigo Netsuite | C8: Descripción del ingrediente | D8: Marca | E8: Unidad Internacional | G8: Medida alternativa | I8: Costo - Referencia
E9: Cantidad | F9: Unidad medida | G9: Cantidad | H9: Unidad medida | I9: Colones
C10: SALSA DE CARAMELO PARA PECANAS | D10: FAS | E10: 4400 | F10: g
A11: MP10089 | B11: 410118 | C11: Brillo Glit | D11: GLIT | E11: 3000 | F11: g | K11: =SUM(E10:E12) -> 10400
C12: PECANA TOSTADA | D12: FAS | E12: 3000 | F12: g
D18: Cantidad | E18: Unidad
A19: PESO TOTAL OBTENIDO | D19: 10400 | E19: g
A20: TIEMPO TOTAL DE PREPARACION | D20: 5 | E20: min
A21: CANTIDAD DE PORCIONES OBTENIDAS | D21: 1 | E21: ud
A22: PESO DE CADA PORCIÓN | D22: =+D19 -> 10400 | E22: g
A23: MERMA | D23: =SUM(E10:E14)-D19 -> 0 | E23: g
A24: PROCEDIMIENTO DE PREPARACION DE LA RECETA
A25: 1.- Mezclar todos los ingredientes con ayuda de una paleta hasta homogenea en velocidad 1.
A34: Control de cambios

Sheet Costo Topping caramelo pecana 
E1: Precio Local | F1: Costo MP | G1: Costo EM | H1: Costo MO
E2: =IFERROR(O62,"") -> 51298.061 | F2: =IFERROR(H53,"") -> 49604.983 | G2: =IFERROR(H54,"") -> 57.665794 | H2: =IFERROR(H56,"") -> 893.09746
A5: ESTRUCTURA DE COSTOS
F6: Fecha: | H6: =TODAY() -> 45831
A7: UNIDADES | B7: DESCRIPCION MAT.PRIMA | C7: UNIDADES | D7: UND MEDIDA | E7: COSTO UNITARIO | F7: TOTAL COSTO | G7: % PREC. DEFINIDO | H7: CODIGOS
A8: 3200 | B8: =IFERROR(VLOOKUP(H8,'[1]Consolidado MP Planta'!$A$2:$M$823,3,0),"") -> BRILLO GLIT (UND:5 KILOS) | C8: =+A8 -> 3200 | D8: =IFERROR(VLOOKUP(H8,'[1]Consolidado MP Planta'!$A$2:$M$823,13,0),"") -> 0 | E8: 4.59 | F8: =IFERROR(C8*E8,"") -> 14688 | G8: =IFERROR(F8/$F$66,"") -> 0.28777571 | H8: 410118
B9: =IFERROR(VLOOKUP(H9,'[1]Consolidado MP Planta'!$A$2:$M$823,3,0),"") | C9: =+A9 -> 0 | D9: =IFERROR(VLOOKUP(H9,'[1]Consolidado MP Planta'!$A$2:$M$823,13,0),"") | E9: =IFERROR(VLOOKUP(H9,'[1]Consolidado MP Planta'!$A$2:$M$823,12,0),"") | F9: =IFERROR(C9*E9,"") | G9: =IFERROR(F9/$F$66,"")
B10: =IFERROR(VLOOKUP(H10,'[1]Consolidado MP Planta'!$A$2:$M$823,3,0),"") | C10: =+A10 -> 0 | D10: =IFERROR(VLOOKUP(H10,'[1]Consolidado MP Planta'!$A$2:$M$823,13,0),"") | E10: =IFERROR(VLOOKUP(H10,'[1]Consolidado MP Planta'!$A$2:$M$823,12,0),"") | F10: =IFERROR(C10*E10,"") | G10: =IFERROR(F10/$F$66,"")
B11: =IFERROR(VLOOKUP(H11,'[1]Consolidado MP Planta'!$A$2:$M$823,3,0),"") | C11: =+A11 -> 0 | D11: =IFERROR(VLOOKUP(H11,'[1]Consolidado MP Planta'!$A$2:$M$823,13,0),"") | E11: =IFERROR(VLOOKUP(H11,'[1]Consolidado MP Planta'!$A$2:$M$823,12,0),"") | F11: =IFERROR(C11*E11,"") | G11: =IFERROR(F11/$F$66,"")
B12: =IFERROR(VLOOKUP(H12,'[1]Consolidado MP Planta'!$A$2:$M$823,3,0),"") | C12: =+A12 -> 0 | D12: =IFERROR(VLOOKUP(H12,'[1]Consolidado MP Planta'!$A$2:$M$823,13,0),"") | E12: =IFERROR(VLOOKUP(H12,'[1]Consolidado MP Planta'!$A$2:$M$823,12,0),"") | F12: =IFERROR(C12*E12,"") | G12: =IFERROR(F12/$F$66,"")
B13: =IFERROR(VLOOKUP(H13,'[1]Consolidado MP Planta'!$A$2:$M$823,3,0),"") | C13: =+A13 -> 0 | D13: =IFERROR(VLOOKUP(H13,'[1]Consolidado MP Planta'!$A$2:$M$823,13,0),"") | E13: =IFERROR(VLOOKUP(H13,'[1]Consolidado MP Planta'!$A$2:$M$823,12,0),"") | F13: =IFERROR(C13*E13,"") | G13: =IFERROR(F13/$F$66,"")
B14: =IFERROR(VLOOKUP(H14,'[1]Consolidado MP Planta'!$A$2:$M$823,3,0),"") | C14: =+A14 -> 0 | D14: =IFERROR(VLOOKUP(H14,'[1]Consolidado MP Planta'!$A$2:$M$823,13,0),"") | E14: =IFERROR(VLOOKUP(H14,'[1]Consolidado MP Planta'!$A$2:$M$823,12,0),"") | F14: =IFERROR(C14*E14,"") | G14: =IFERROR(F14/$F$66,"")
B15: =IFERROR(VLOOKUP(H15,'[2]ARTICULOS MP PLANTA'!$A$2:$G$589,2,0),"")
A16: UNIDADES | B16: MATERIA PRIMA SEMIELABORADOS | C16: UNIDADES | D16: UND MEDIDA | E16: COSTO UNITARIO | F16: TOTAL COSTO | G16: % PREC. DEFINIDO | H16: CODIGOS
A17: 4000 | B17: SALSA DE CARAMELO PARA PECANAS | C17: =+A17 -> 4000 | D17: Gramos | E17: =+'Costo Salsa Caramelo'!E69 -> 2.2471028 | F17: =IFERROR(E17*C17,"") -> 8988.4112 | G17: =IFERROR(F17/$F$66,"") -> 0.1761061 | H17: NUEVO
A18: 3000 | B18: PECANA TOSTADA | C18: =+A18 -> 3000 | D18: Gramos | E18: =+'Costo Pecana Tostada'!E69 -> 8.6428571 | F18: =IFERROR(E18*C18,"") -> 25928.571 | G18: =IFERROR(F18/$F$66,"") -> 0.50800743 | H18: NUEVO
B19: =IFERROR(VLOOKUP(H19,[1]SEMIELABORADOS!$A$2:$M$6000,2,0),"") | C19: =+A19 -> 0 | D19: =IFERROR(VLOOKUP(H19,[1]SEMIELABORADOS!$A$2:$M$6000,6,0),"") | E19: =IFERROR(VLOOKUP(H19,[1]SEMIELABORADOS!$A$2:$H$65536,8,0),"") | F19: =IFERROR(E19*C19,"") | G19: =IFERROR(F19/$F$66,"")
B20: =IFERROR(VLOOKUP(H20,[1]SEMIELABORADOS!$A$2:$M$6000,2,0),"") | C20: =+A20 -> 0 | D20: =IFERROR(VLOOKUP(H20,[1]SEMIELABORADOS!$A$2:$M$6000,6,0),"") | E20: =IFERROR(VLOOKUP(H20,[1]SEMIELABORADOS!$A$2:$H$65536,8,0),"") | F20: =IFERROR(E20*C20,"") | G20: =IFERROR(F20/$F$66,"")
B21: =IFERROR(VLOOKUP(H21,[1]SEMIELABORADOS!$A$2:$M$6000,2,0),"") | C21: =+A21 -> 0 | D21: =IFERROR(VLOOKUP(H21,[1]SEMIELABORADOS!$A$2:$M$6000,6,0),"") | E21: =IFERROR(VLOOKUP(H21,[1]SEMIELABORADOS!$A$2:$H$65536,8,0),"") | F21: =IFERROR(E21*C21,"") | G21: =IFERROR(F21/$F$66,"")
B22: =IFERROR(VLOOKUP(H22,[1]SEMIELABORADOS!$A$2:$M$6000,2,0),"") | C22: =+A22 -> 0 | D22: =IFERROR(VLOOKUP(H22,[1]SEMIELABORADOS!$A$2:$M$6000,6,0),"") | E22: =IFERROR(VLOOKUP(H22,[1]SEMIELABORADOS!$A$2:$H$65536,8,0),"") | F22: =IFERROR(E22*C22,"") | G22: =IFERROR(F22/$F$66,"")
B23: =IFERROR(VLOOKUP(H23,[1]SEMIELABORADOS!$A$2:$M$6000,2,0),"") | C23: =+A23 -> 0 | D23: =IFERROR(VLOOKUP(H23,[1]SEMIELABORADOS!$A$2:$M$6000,6,0),"") | E23: =IFERROR(VLOOKUP(H23,[1]SEMIELABORADOS!$A$2:$H$65536,8,0),"") | F23: =IFERROR(E23*C23,"") | G23: =IFERROR(F23/$F$66,"")
B24: =IFERROR(VLOOKUP(H24,[1]SEMIELABORADOS!$A$2:$M$6000,2,0),"") | C24: =+A24 -> 0 | D24: =IFERROR(VLOOKUP(H24,[1]SEMIELABORADOS!$A$2:$M$6000,6,0),"") | E24: =IFERROR(VLOOKUP(H24,[1]SEMIELABORADOS!$A$2:$H$65536,8,0),"") | F24: =IFERROR(E24*C24,"") | G24: =IFERROR(F24/$F$66,"")
A26: UNIDADES | B26: EMPAQUE | C26: UNIDADES | D26: UND MEDIDA | E26: COSTO UNITARIO | F26: TOTAL COSTO | G26: % PREC. DEFINIDO | H26: CODIGOS
A27: 0 | B27: =IFERROR(VLOOKUP(H27,'[1]Consolidado MP Planta'!$A$2:$M$823,3,0),"") | C27: =+A27 -> 0 | D27: =IFERROR(VLOOKUP(H27,'[1]Consolidado MP Planta'!$A$2:$M$823,13,0),"") | E27: =IFERROR(VLOOKUP(H27,'[1]Consolidado MP Planta'!$A$2:$M$823,12,0),"") | F27: =IFERROR(C27*E27,"") | G27: =IFERROR(F27/$F$66,"")
B28: =IFERROR(VLOOKUP(H28,'[1]Consolidado MP Planta'!$A$2:$M$823,3,0),"") | C28: =+A28 -> 0 | D28: =IFERROR(VLOOKUP(H28,'[1]Consolidado MP Planta'!$A$2:$M$823,13,0),"") | E28: =IFERROR(VLOOKUP(H28,'[1]Consolidado MP Planta'!$A$2:$M$823,12,0),"") | F28: =IFERROR(C28*E28,"") | G28: =IFERROR(F28/$F$66,"")
B29: =IFERROR(VLOOKUP(H29,'[1]Consolidado MP Planta'!$A$2:$M$823,3,0),"") | C29: =+A29 -> 0 | D29: =IFERROR(VLOOKUP(H29,'[1]Consolidado MP Planta'!$A$2:$M$823,13,0),"") | E29: =IFERROR(VLOOKUP(H29,'[1]Consolidado MP Planta'!$A$2:$M$823,12,0),"") | F29: =IFERROR(C29*E29,"") | G29: =IFERROR(F29/$F$66,"")
B30: =IFERROR(VLOOKUP(H30,'[1]Consolidado MP Planta'!$A$2:$M$823,3,0),"") | C30: =+A30 -> 0 | D30: =IFERROR(VLOOKUP(H30,'[1]Consolidado MP Planta'!$A$2:$M$823,13,0),"") | E30: =IFERROR(VLOOKUP(H30,'[1]Consolidado MP Planta'!$A$2:$M$823,12,0),"") | F30: =IFERROR(C30*E30,"") | G30: =IFERROR(F30/$F$66,"")
B31: =IFERROR(VLOOKUP(H31,'[1]Consolidado MP Planta'!$A$2:$M$823,3,0),"") | C31: =+A31 -> 0 | D31: =IFERROR(VLOOKUP(H31,'[1]Consolidado MP Planta'!$A$2:$M$823,13,0),"") | E31: =IFERROR(VLOOKUP(H31,'[1]Consolidado MP Planta'!$A$2:$M$823,12,0),"") | F31: =IFERROR(C31*E31,"") | G31: =IFERROR(F31/$F$66,"")
B32: =IFERROR(VLOOKUP(H32,'[1]Consolidado MP Planta'!$A$2:$M$823,3,0),"") | C32: =+A32 -> 0 | D32: =IFERROR(VLOOKUP(H32,'[1]Consolidado MP Planta'!$A$2:$M$823,13,0),"") | E32: =IFERROR(VLOOKUP(H32,'[1]Consolidado MP Planta'!$A$2:$M$823,12,0),"") | F32: =IFERROR(C32*E32,"") | G32: =IFERROR(F32/$F$66,"")
A34: UNIDADES | B34: EMPAQUE SEMIELABORADOS | C34: UNIDADES | D34: UND MEDIDA | E34: COSTO UNITARIO | F34: TOTAL COSTO | G34: % PREC. DEFINIDO | H34: CODIGOS
A35: =+A17 -> 4000 | B35: SALSA DE CARAMELO PARA PECANAS | C35: =+A35 -> 4000 | D35: Gramos | E35: =+'Costo Salsa Caramelo'!E76 -> 0.014416449 | F35: =IFERROR(E35*C35,"") -> 57.665794 | G35: =IFERROR(F35/$F$66,"") -> 0.0011298213 | H35: NUEVO
A36: =+A18 -> 3000 | B36: PECANA TOSTADA | C36: =+A36 -> 3000 | D36: Gramos | E36: =+'Costo Pecana Tostada'!E76 -> 0 | F36: =IFERROR(E36*C36,"") -> 0 | G36: =IFERROR(F36/$F$66,"") -> 0
A37: =+A19 -> 0 | B37: =IFERROR(VLOOKUP(H37,[1]SEMIELABORADOS!$A$2:$M$6000,2,0),"") | C37: =+A37 -> 0 | D37: =IFERROR(VLOOKUP(H37,[1]SEMIELABORADOS!$A$2:$M$6000,6,0),"") | E37: =IFERROR(VLOOKUP(H37,[1]SEMIELABORADOS!$A$2:$M$65536,10,0),"") | F37: =IFERROR(E37*C37,"") | G37: =IFERROR(F37/$F$66,"")
A38: =+A20 -> 0 | B38: =IFERROR(VLOOKUP(H38,[1]SEMIELABORADOS!$A$2:$M$6000,2,0),"") | C38: =+A38 -> 0 | D38: =IFERROR(VLOOKUP(H38,[1]SEMIELABORADOS!$A$2:$M$6000,6,0),"") | E38: =IFERROR(VLOOKUP(H38,[1]SEMIELABORADOS!$A$2:$M$65536,10,0),"") | F38: =IFERROR(E38*C38,"") | G38: =IFERROR(F38/$F$66,"")
A39: =+A21 -> 0 | B39: =IFERROR(VLOOKUP(H39,[1]SEMIELABORADOS!$A$2:$M$6000,2,0),"") | C39: =+A39 -> 0 | D39: =IFERROR(VLOOKUP(H39,[1]SEMIELABORADOS!$A$2:$M$6000,6,0),"") | E39: =IFERROR(VLOOKUP(H39,[1]SEMIELABORADOS!$A$2:$M$65536,10,0),"") | F39: =IFERROR(E39*C39,"") | G39: =IFERROR(F39/$F$66,"")
A40: =+A22 -> 0 | B40: =IFERROR(VLOOKUP(H40,[1]SEMIELABORADOS!$A$2:$M$6000,2,0),"") | C40: =+A40 -> 0 | D40: =IFERROR(VLOOKUP(H40,[1]SEMIELABORADOS!$A$2:$M$6000,6,0),"") | E40: =IFERROR(VLOOKUP(H40,[1]SEMIELABORADOS!$A$2:$M$65536,10,0),"") | F40: =IFERROR(E40*C40,"") | G40: =IFERROR(F40/$F$66,"")
A41: =+A23 -> 0 | B41: =IFERROR(VLOOKUP(H41,[1]SEMIELABORADOS!$A$2:$M$6000,2,0),"") | C41: =+A41 -> 0 | D41: =IFERROR(VLOOKUP(H41,[1]SEMIELABORADOS!$A$2:$M$6000,6,0),"") | E41: =IFERROR(VLOOKUP(H41,[1]SEMIELABORADOS!$A$2:$M$65536,10,0),"") | F41: =IFERROR(E41*C41,"") | G41: =IFERROR(F41/$F$66,"")
A43: UNIDADES | B43: MODI | C43: UNIDADES | D43: UND MEDIDA | E43: COSTO UNITARIO | F43: TOTAL COSTO | G43: % PREC. DEFINIDO | H43: CODIGOS
A44: =+A35 -> 4000 | B44: SALSA DE CARAMELO PARA PECANAS | C44: =+A44 -> 4000 | D44: Gramos | E44: =+'Costo Salsa Caramelo'!E74 -> 0.10934579 | F44: =IFERROR(E44*C44,"") -> 437.38318 | G44: =IFERROR(F44/$F$66,"") -> 0.0085694619 | H44: NUEVO
A45: =+A36 -> 3000 | B45: PECANA TOSTADA | C45: =+A45 -> 3000 | D45: Gramos | E45: =+'Costo Pecana Tostada'!E74 -> 0.023571429 | F45: =IFERROR(E45*C45,"") -> 70.714286 | G45: =IFERROR(F45/$F$66,"") -> 0.0013854748
A46: =+A37 -> 0 | B46: =IFERROR(VLOOKUP(H46,[1]SEMIELABORADOS!$A$2:$M$6000,2,0),"") | C46: =+A46 -> 0 | D46: =IFERROR(VLOOKUP(H46,[1]SEMIELABORADOS!$A$2:$M$6000,6,0),"") | E46: =IFERROR(VLOOKUP(H46,[1]SEMIELABORADOS!$A$2:$M$65536,12,0),"") | F46: =IFERROR(E46*C46,"") | G46: =IFERROR(F46/$F$66,"")
A47: =+A38 -> 0 | B47: =IFERROR(VLOOKUP(H47,[1]SEMIELABORADOS!$A$2:$M$6000,2,0),"") | C47: =+A47 -> 0 | D47: =IFERROR(VLOOKUP(H47,[1]SEMIELABORADOS!$A$2:$M$6000,6,0),"") | E47: =IFERROR(VLOOKUP(H47,[1]SEMIELABORADOS!$A$2:$M$65536,12,0),"") | F47: =IFERROR(E47*C47,"") | G47: =IFERROR(F47/$F$66,"")
A48: =+A39 -> 0 | B48: =IFERROR(VLOOKUP(H48,[1]SEMIELABORADOS!$A$2:$M$6000,2,0),"") | C48: =+A48 -> 0 | D48: =IFERROR(VLOOKUP(H48,[1]SEMIELABORADOS!$A$2:$M$6000,6,0),"") | E48: =IFERROR(VLOOKUP(H48,[1]SEMIELABORADOS!$A$2:$M$65536,12,0),"") | F48: =IFERROR(E48*C48,"") | G48: =IFERROR(F48/$F$66,"")
A49: =+A40 -> 0 | B49: =IFERROR(VLOOKUP(H49,[1]SEMIELABORADOS!$A$2:$M$6000,2,0),"") | C49: =+A49 -> 0 | D49: =IFERROR(VLOOKUP(H49,[1]SEMIELABORADOS!$A$2:$M$6000,6,0),"") | E49: =IFERROR(VLOOKUP(H49,[1]SEMIELABORADOS!$A$2:$M$65536,12,0),"") | F49: =IFERROR(E49*C49,"") | G49: =IFERROR(F49/$F$66,"")
A50: =+A41 -> 0 | B50: =IFERROR(VLOOKUP(H50,[1]SEMIELABORADOS!$A$2:$M$6000,2,0),"") | C50: =+A50 -> 0 | D50: =IFERROR(VLOOKUP(H50,[1]SEMIELABORADOS!$A$2:$M$6000,6,0),"") | E50: =IFERROR(VLOOKUP(H50,[1]SEMIELABORADOS!$A$2:$M$65536,12,0),"") | F50: =IFERROR(E50*C50,"") | G50: =IFERROR(F50/$F$66,"")
A51: 1 | B51: MODI PREPARACION | C51: =+A51 -> 1 | D51: N/A | E51: =+F65 -> 385 | F51: =IFERROR(C51*E51,"") -> 385 | G51: =IFERROR(F51/$F$66,"") -> 0.0075431407
B53: TOTAL MATERIA PRIMA | F53: =SUM(F8:F14,F17:F24) -> 49604.983 | G53: =+F53/$F$66 -> 0.97188925 | H53: =+F53/$D$60 -> 49604.983
B54: TOTAL EMPAQUE | F54: =SUM(F27:F32,F35:F41) -> 57.665794 | G54: =+F54/$F$66 -> 0.0011298213 | H54: =+F54/$D$60 -> 57.665794 | K54: TOTAL MATERIA PRIMA + EMPAQUE | O54: =+F55 -> 49662.648
B55: TOTAL MATERIAS P. + EMPAQUES | F55: =+F53+F54 -> 49662.648 | G55: =+F55/$F$66 -> 0.97301907 | H55: =+F55/$D$60 -> 49662.648 | M55: MODI PLANTA | O55: =+H56 -> 893.09746
C56: TOTAL MODI | F56: =SUM(F44:F51) -> 893.09746 | G56: =+F56/$F$66 -> 0.017498077 | H56: =+F56/$D$60 -> 893.09746 | M56: DESECHO | O56: =O54*N56 -> 0
M57: COSTO PLANTA | O57: =SUM(O54:O56) -> 50555.746
B58: GRAMOS | D58: 10000 | H58: =+H56/77 -> 11.598668 | M58: % GIF | O58: =+H59 -> 742.31477
B59: PESO POR UNIDAD | D59: 10000 | H59: =+H58*64 -> 742.31477 | M59: COSTO PLANTA | O59: =SUM(O57:O58) -> 51298.061
B60: UNIDADES TOTALES | D60: =+D58/D59 -> 1 | O60: =+O59*N60 -> 0
B61: UNIDAD MEDIDA | K61: PRECIO DE VENTA PLANTA A LOCAL | O61: =SUM(O59:O60) -> 51298.061 | P61: GR
E62: S/ COSTO | F62: TOTAL | L62: UNIDAD | O62: =+O61/D60 -> 51298.061 | P62: =+O62/D59 -> 5.1298061
B63: TOTAL MATERIAS P. + EMPAQUES | E63: =+F63/F63 -> 1 | F63: =SUM(F55) -> 49662.648 | G63: =+F63/$F$66 -> 0.97301907
B64: DESECHOS Y PERDIDAS | E64: 0.02 | F64: =+F53*E64 -> 992.09965 | G64: =+F64/$F$66 -> 0.019437785
B65: MANO OBRA DIRECTA | D65: 5 | E65: 77 | F65: =+E65*D65 -> 385 | G65: =+F65/$F$66 -> 0.0075431407
B66: TOTAL COSTO PLANTA | F66: =SUM(F63:F65) -> 51039.748 | G66: =+F66/$F$66 -> 1 | M66: MODI 77 COLONES X MIN
M67: Gf 64 colones min
B68: COSTO POR GRAMO | M68: ,
B69: TOTAL COSTO MATERIA PRIMA | C69: =+F53 -> 49604.983 | D69: =+D58 -> 10000 | E69: =+C69/D69 -> 4.9604983
B71: TOTAL COSTO UNIDAD MP+DESECHO+EMPAQUE | C71: =SUM(F63:F64) -> 50654.748 | D71: =+D58 -> 10000 | E71: =+C71/D71 -> 5.0654748
B73: TOTAL MODI PREPARACION POR GRAMO | C73: =+F65 -> 385 | D73: =+D58 -> 10000 | E73: =+C73/D73 -> 0.0385
B74: TOTAL MODI POR GRAMO | C74: =+F56 -> 893.09746 | D74: =+D73 -> 10000 | E74: =+C74/D74 -> 0.089309746
B76: TOTAL EMPAQUE POR GRAMO | C76: =+F54 -> 57.665794 | D76: =+D74 -> 10000 | E76: =+C76/D76 -> 0.0057665794
B78: TOTAL GRAMO MP+MODI | E78: =+E69+E74 -> 5.049808
B80: COSTO POR UNIDAD
B81: TOTAL COSTO MATERIA PRIMA | C81: =+C69 -> 49604.983 | D81: =+D60 -> 1 | E81: =+C81/D81 -> 49604.983
B83: TOTAL COSTO UNIDAD MP+DESECHO+EMPAQUE | C83: =+C71 -> 50654.748 | D83: =+D60 -> 1 | E83: =+C83/D83 -> 50654.748
B85: TOTAL MODI POR GRAMO | C85: =+C73 -> 385 | D85: =+D60 -> 1 | E85: =+C85/D85 -> 385
B86: TOTAL MODI POR GRAMO | C86: =+C74 -> 893.09746 | D86: =+D85 -> 1 | E86: =+C86/D86 -> 893.09746

Sheet Salsa caramelo
C1: SERVICIOS DE PASTELERIA S.A. | H1: CÓDIGO:
C2: ESPECIFICACION DE RECETA | H2: REVISIÓN:
C3: SALSA DE CARAMELO PARA PECANAS | H3: FECHA DE APROBACIÓN:
C4: Elaborado | D4: Javier Tong, Chef
C5: Aprobado | D5: Esteban Cartin, Gte Manufactura
A7: AREA QUE PRODUCE: | D7: Postre | G7: AREA QUE EMPACA: | I7: Postre
A8: # Código | B8: # Codigo Netsuite | C8: Descripción del ingrediente | D8: Marca | E8: Unidad Internacional | G8: Medida alternativa | I8: Costo - Referencia
E9: Cantidad | F9: Unidad medida | G9: Cantidad | H9: Unidad medida | I9: Colones
A10: 90100132 | B10: SE00226 | C10: AZUCAR REFINADA (BOLSA:1500g) | D10: FAS | E10: 5000 | F10: g
A11: 0310107 | B11: MP10022 | C11: LACTOCREMA GRANEL | D11: Dos Pinos | E11: 1000 | F11: g
A12: 102000061 | B12: MP10504 | C12: Sirope Maple | D12: EL ANGEL | E12: 3000 | J12: =SUM(E10:E14) -> 13020
A13: 1110414 | B13: MP10024 | C13: Leche Evaporada | D13: NESTLE | E13: 4000 | F13: g
A14: 1212412 | B14: MP10025 | C14: Preservante 1017S | D14: ASEL | E14: 20 | F14: g
A15: 51600050 | B15: EM10307 | C15: BOLSA MARMITA 14 x 20 (KILO) | E15: 2 | F15: ud
A16: 702123 | B16: EM10011 | C16: ETIQUETA BLANCA 2 5/8X1 15/16 (UND) | D16: Etiplas | E16: 2 | F16: ud
D18: Cantidad | E18: Unidad
A19: PESO TOTAL OBTENIDO | D19: 13020 | E19: g
A20: TIEMPO TOTAL DE PREPARACION | D20: 10 | E20: min
A21: CANTIDAD DE PORCIONES OBTENIDAS | D21: 1 | E21: ud
A22: PESO DE CADA PORCIÓN | D22: =+D19 -> 13020 | E22: g
A23: MERMA | D23: =SUM(E10:E14)-D19 -> 0 | E23: g
A24: PROCEDIMIENTO DE PREPARACION DE LA RECETA
A25: 1.- Derretir el azucar sin dejar de mezclar, agregar la lactocrema en trozos. Hasta derretir.
A26: 2.- Agregar la miel de maple, preservante y la leche evaporada.
A27: 3.- Sacar de la olla ne bolsas termicas de aprox 5 kg.
A34: Control de cambios

Sheet Costo Salsa Caramelo
E1: Precio Local | F1: Costo MP | G1: Costo EM | H1: Costo MO
E2: =IFERROR(O62,"") -> 26340.724 | F2: =IFERROR(H53,"") -> 24044 | G2: =IFERROR(H54,"") -> 154.256 | H2: =IFERROR(H56,"") -> 1170
A5: ESTRUCTURA DE COSTOS
F6: Fecha: | H6: =TODAY() -> 45831
A7: UNIDADES | B7: DESCRIPCION MAT.PRIMA | C7: UNIDADES | D7: UND MEDIDA | E7: COSTO UNITARIO | F7: TOTAL COSTO | G7: % PREC. DEFINIDO | H7: CODIGOS
A8: 1000 | B8: =IFERROR(VLOOKUP(H8,'[1]Consolidado MP Planta'!$A$2:$M$823,3,0),"") -> LACTOCREMA GRANEL (CAJA:25 KG) | C8: =+A8 -> 1000 | D8: =IFERROR(VLOOKUP(H8,'[1]Consolidado MP Planta'!$A$2:$M$823,13,0),"") -> Gramos | E8: 3.5 | F8: =IFERROR(C8*E8,"") -> 3500 | G8: =IFERROR(F8/$F$66,"") -> 0.13752923 | H8: 0310107
A9: 3000 | B9: Sirope Maple | C9: =+A9 -> 3000 | D9: Gramos | E9: 3.33 | F9: =IFERROR(C9*E9,"") -> 9990 | G9: =IFERROR(F9/$F$66,"") -> 0.39254771 | H9: 102000061
A10: 4000 | B10: =IFERROR(VLOOKUP(H10,'[1]Consolidado MP Planta'!$A$2:$M$823,3,0),"") -> LECHE EVAPORADA (UND: 1 L) | C10: =+A10 -> 4000 | D10: =IFERROR(VLOOKUP(H10,'[1]Consolidado MP Planta'!$A$2:$M$823,13,0),"") -> Mililitros | E10: 1.97 | F10: =IFERROR(C10*E10,"") -> 7880 | G10: =IFERROR(F10/$F$66,"") -> 0.30963723 | H10: 1110414
A11: 20 | B11: =IFERROR(VLOOKUP(H11,'[1]Consolidado MP Planta'!$A$2:$M$823,3,0),"") -> PRESERVANTE 1017S (PAQ=5 KILO) | C11: =+A11 -> 20 | D11: =IFERROR(VLOOKUP(H11,'[1]Consolidado MP Planta'!$A$2:$M$823,13,0),"") -> Gramos | E11: 8.7 | F11: =IFERROR(C11*E11,"") -> 174 | G11: =IFERROR(F11/$F$66,"") -> 0.0068371673 | H11: 1212412
B12: =IFERROR(VLOOKUP(H12,'[1]Consolidado MP Planta'!$A$2:$M$823,3,0),"") | C12: =+A12 -> 0 | D12: =IFERROR(VLOOKUP(H12,'[1]Consolidado MP Planta'!$A$2:$M$823,13,0),"") | E12: =IFERROR(VLOOKUP(H12,'[1]Consolidado MP Planta'!$A$2:$M$823,12,0),"") | F12: =IFERROR(C12*E12,"") | G12: =IFERROR(F12/$F$66,"")
B13: =IFERROR(VLOOKUP(H13,'[1]Consolidado MP Planta'!$A$2:$M$823,3,0),"") | C13: =+A13 -> 0 | D13: =IFERROR(VLOOKUP(H13,'[1]Consolidado MP Planta'!$A$2:$M$823,13,0),"") | E13: =IFERROR(VLOOKUP(H13,'[1]Consolidado MP Planta'!$A$2:$M$823,12,0),"") | F13: =IFERROR(C13*E13,"") | G13: =IFERROR(F13/$F$66,"")
B14: =IFERROR(VLOOKUP(H14,'[1]Consolidado MP Planta'!$A$2:$M$823,3,0),"") | C14: =+A14 -> 0 | D14: =IFERROR(VLOOKUP(H14,'[1]Consolidado MP Planta'!$A$2:$M$823,13,0),"") | E14: =IFERROR(VLOOKUP(H14,'[1]Consolidado MP Planta'!$A$2:$M$823,12,0),"") | F14: =IFERROR(C14*E14,"") | G14: =IFERROR(F14/$F$66,"")
B15: =IFERROR(VLOOKUP(H15,'[2]ARTICULOS MP PLANTA'!$A$2:$G$589,2,0),"")
A16: UNIDADES | B16: MATERIA PRIMA SEMIELABORADOS | C16: UNIDADES | D16: UND MEDIDA | E16: COSTO UNITARIO | F16: TOTAL COSTO | G16: % PREC. DEFINIDO | H16: CODIGOS
A17: 5000 | B17: =IFERROR(VLOOKUP(H17,[1]SEMIELABORADOS!$A$2:$M$6000,2,0),"") -> AZUCAR REFINADA (BOLSA:1500g) | C17: =+A17 -> 5000 | D17: =IFERROR(VLOOKUP(H17,[1]SEMIELABORADOS!$A$2:$M$6000,6,0),"") -> Gramo | E17: 0.5 | F17: =IFERROR(E17*C17,"") -> 2500 | G17: =IFERROR(F17/$F$66,"") -> 0.098235162 | H17: 90100132
B18: =IFERROR(VLOOKUP(H18,[1]SEMIELABORADOS!$A$2:$M$6000,2,0),"") | C18: =+A18 -> 0 | D18: =IFERROR(VLOOKUP(H18,[1]SEMIELABORADOS!$A$2:$M$6000,6,0),"") | E18: =IFERROR(VLOOKUP(H18,[1]SEMIELABORADOS!$A$2:$H$65536,8,0),"") | F18: =IFERROR(E18*C18,"") | G18: =IFERROR(F18/$F$66,"")
B19: =IFERROR(VLOOKUP(H19,[1]SEMIELABORADOS!$A$2:$M$6000,2,0),"") | C19: =+A19 -> 0 | D19: =IFERROR(VLOOKUP(H19,[1]SEMIELABORADOS!$A$2:$M$6000,6,0),"") | E19: =IFERROR(VLOOKUP(H19,[1]SEMIELABORADOS!$A$2:$H$65536,8,0),"") | F19: =IFERROR(E19*C19,"") | G19: =IFERROR(F19/$F$66,"")
B20: =IFERROR(VLOOKUP(H20,[1]SEMIELABORADOS!$A$2:$M$6000,2,0),"") | C20: =+A20 -> 0 | D20: =IFERROR(VLOOKUP(H20,[1]SEMIELABORADOS!$A$2:$M$6000,6,0),"") | E20: =IFERROR(VLOOKUP(H20,[1]SEMIELABORADOS!$A$2:$H$65536,8,0),"") | F20: =IFERROR(E20*C20,"") | G20: =IFERROR(F20/$F$66,"")
B21: =IFERROR(VLOOKUP(H21,[1]SEMIELABORADOS!$A$2:$M$6000,2,0),"") | C21: =+A21 -> 0 | D21: =IFERROR(VLOOKUP(H21,[1]SEMIELABORADOS!$A$2:$M$6000,6,0),"") | E21: =IFERROR(VLOOKUP(H21,[1]SEMIELABORADOS!$A$2:$H$65536,8,0),"") | F21: =IFERROR(E21*C21,"") | G21: =IFERROR(F21/$F$66,"")
B22: =IFERROR(VLOOKUP(H22,[1]SEMIELABORADOS!$A$2:$M$6000,2,0),"") | C22: =+A22 -> 0 | D22: =IFERROR(VLOOKUP(H22,[1]SEMIELABORADOS!$A$2:$M$6000,6,0),"") | E22: =IFERROR(VLOOKUP(H22,[1]SEMIELABORADOS!$A$2:$H$65536,8,0),"") | F22: =IFERROR(E22*C22,"") | G22: =IFERROR(F22/$F$66,"")
B23: =IFERROR(VLOOKUP(H23,[1]SEMIELABORADOS!$A$2:$M$6000,2,0),"") | C23: =+A23 -> 0 | D23: =IFERROR(VLOOKUP(H23,[1]SEMIELABORADOS!$A$2:$M$6000,6,0),"") | E23: =IFERROR(VLOOKUP(H23,[1]SEMIELABORADOS!$A$2:$H$65536,8,0),"") | F23: =IFERROR(E23*C23,"") | G23: =IFERROR(F23/$F$66,"")
B24: =IFERROR(VLOOKUP(H24,[1]SEMIELABORADOS!$A$2:$M$6000,2,0),"") | C24: =+A24 -> 0 | D24: =IFERROR(VLOOKUP(H24,[1]SEMIELABORADOS!$A$2:$M$6000,6,0),"") | E24: =IFERROR(VLOOKUP(H24,[1]SEMIELABORADOS!$A$2:$H$65536,8,0),"") | F24: =IFERROR(E24*C24,"") | G24: =IFERROR(F24/$F$66,"")
A26: UNIDADES | B26: EMPAQUE | C26: UNIDADES | D26: UND MEDIDA | E26: COSTO UNITARIO | F26: TOTAL COSTO | G26: % PREC. DEFINIDO | H26: CODIGOS
A27: 2 | B27: BOLSA MARMITA 14 x 20 (KILO) | C27: =+A27 -> 2 | D27: Und | E27: 25 | F27: =IFERROR(C27*E27,"") -> 50 | G27: =IFERROR(F27/$F$66,"") -> 0.0019647032 | H27: 51600050
A28: 2 | B28: =IFERROR(VLOOKUP(H28,'[1]Consolidado MP Planta'!$A$2:$M$823,3,0),"") -> ETIQUETA BLANCA 2 5/8X1 15/16 (UND) | C28: =+A28 -> 2 | D28: =IFERROR(VLOOKUP(H28,'[1]Consolidado MP Planta'!$A$2:$M$823,13,0),"") -> Und | E28: =IFERROR(VLOOKUP(H28,'[1]Consolidado MP Planta'!$A$2:$M$823,12,0),"") -> 2.128 | F28: =IFERROR(C28*E28,"") -> 4.256 | G28: =IFERROR(F28/$F$66,"") -> 0.00016723554 | H28: 0702123
B29: =IFERROR(VLOOKUP(H29,'[1]Consolidado MP Planta'!$A$2:$M$823,3,0),"") | C29: =+A29 -> 0 | D29: =IFERROR(VLOOKUP(H29,'[1]Consolidado MP Planta'!$A$2:$M$823,13,0),"") | E29: =IFERROR(VLOOKUP(H29,'[1]Consolidado MP Planta'!$A$2:$M$823,12,0),"") | F29: =IFERROR(C29*E29,"") | G29: =IFERROR(F29/$F$66,"")
B30: =IFERROR(VLOOKUP(H30,'[1]Consolidado MP Planta'!$A$2:$M$823,3,0),"") | C30: =+A30 -> 0 | D30: =IFERROR(VLOOKUP(H30,'[1]Consolidado MP Planta'!$A$2:$M$823,13,0),"") | E30: =IFERROR(VLOOKUP(H30,'[1]Consolidado MP Planta'!$A$2:$M$823,12,0),"") | F30: =IFERROR(C30*E30,"") | G30: =IFERROR(F30/$F$66,"")
B31: =IFERROR(VLOOKUP(H31,'[1]Consolidado MP Planta'!$A$2:$M$823,3,0),"") | C31: =+A31 -> 0 | D31: =IFERROR(VLOOKUP(H31,'[1]Consolidado MP Planta'!$A$2:$M$823,13,0),"") | E31: =IFERROR(VLOOKUP(H31,'[1]Consolidado MP Planta'!$A$2:$M$823,12,0),"") | F31: =IFERROR(C31*E31,"") | G31: =IFERROR(F31/$F$66,"")
B32: =IFERROR(VLOOKUP(H32,'[1]Consolidado MP Planta'!$A$2:$M$823,3,0),"") | C32: =+A32 -> 0 | D32: =IFERROR(VLOOKUP(H32,'[1]Consolidado MP Planta'!$A$2:$M$823,13,0),"") | E32: =IFERROR(VLOOKUP(H32,'[1]Consolidado MP Planta'!$A$2:$M$823,12,0),"") | F32: =IFERROR(C32*E32,"") | G32: =IFERROR(F32/$F$66,"")
A34: UNIDADES | B34: EMPAQUE SEMIELABORADOS | C34: UNIDADES | D34: UND MEDIDA | E34: COSTO UNITARIO | F34: TOTAL COSTO | G34: % PREC. DEFINIDO | H34: CODIGOS
A35: =+A17 -> 5000 | B35: =IFERROR(VLOOKUP(H35,[1]SEMIELABORADOS!$A$2:$M$6000,2,0),"") -> AZUCAR REFINADA (BOLSA:1500g) | C35: =+A35 -> 5000 | D35: =IFERROR(VLOOKUP(H35,[1]SEMIELABORADOS!$A$2:$M$6000,6,0),"") -> Gramo | E35: 0.02 | F35: =IFERROR(E35*C35,"") -> 100 | G35: =IFERROR(F35/$F$66,"") -> 0.0039294065 | H35: 90100132
A36: =+A18 -> 0 | B36: =IFERROR(VLOOKUP(H36,[1]SEMIELABORADOS!$A$2:$M$6000,2,0),"") | C36: =+A36 -> 0 | D36: =IFERROR(VLOOKUP(H36,[1]SEMIELABORADOS!$A$2:$M$6000,6,0),"") | E36: =IFERROR(VLOOKUP(H36,[1]SEMIELABORADOS!$A$2:$M$65536,10,0),"") | F36: =IFERROR(E36*C36,"") | G36: =IFERROR(F36/$F$66,"")
A37: =+A19 -> 0 | B37: =IFERROR(VLOOKUP(H37,[1]SEMIELABORADOS!$A$2:$M$6000,2,0),"") | C37: =+A37 -> 0 | D37: =IFERROR(VLOOKUP(H37,[1]SEMIELABORADOS!$A$2:$M$6000,6,0),"") | E37: =IFERROR(VLOOKUP(H37,[1]SEMIELABORADOS!$A$2:$M$65536,10,0),"") | F37: =IFERROR(E37*C37,"") | G37: =IFERROR(F37/$F$66,"")
A38: =+A20 -> 0 | B38: =IFERROR(VLOOKUP(H38,[1]SEMIELABORADOS!$A$2:$M$6000,2,0),"") | C38: =+A38 -> 0 | D38: =IFERROR(VLOOKUP(H38,[1]SEMIELABORADOS!$A$2:$M$6000,6,0),"") | E38: =IFERROR(VLOOKUP(H38,[1]SEMIELABORADOS!$A$2:$M$65536,10,0),"") | F38: =IFERROR(E38*C38,"") | G38: =IFERROR(F38/$F$66,"")
A39: =+A21 -> 0 | B39: =IFERROR(VLOOKUP(H39,[1]SEMIELABORADOS!$A$2:$M$6000,2,0),"") | C39: =+A39 -> 0 | D39: =IFERROR(VLOOKUP(H39,[1]SEMIELABORADOS!$A$2:$M$6000,6,0),"") | E39: =IFERROR(VLOOKUP(H39,[1]SEMIELABORADOS!$A$2:$M$65536,10,0),"") | F39: =IFERROR(E39*C39,"") | G39: =IFERROR(F39/$F$66,"")
A40: =+A22 -> 0 | B40: =IFERROR(VLOOKUP(H40,[1]SEMIELABORADOS!$A$2:$M$6000,2,0),"") | C40: =+A40 -> 0 | D40: =IFERROR(VLOOKUP(H40,[1]SEMIELABORADOS!$A$2:$M$6000,6,0),"") | E40: =IFERROR(VLOOKUP(H40,[1]SEMIELABORADOS!$A$2:$M$65536,10,0),"") | F40: =IFERROR(E40*C40,"") | G40: =IFERROR(F40/$F$66,"")
A41: =+A23 -> 0 | B41: =IFERROR(VLOOKUP(H41,[1]SEMIELABORADOS!$A$2:$M$6000,2,0),"") | C41: =+A41 -> 0 | D41: =IFERROR(VLOOKUP(H41,[1]SEMIELABORADOS!$A$2:$M$6000,6,0),"") | E41: =IFERROR(VLOOKUP(H41,[1]SEMIELABORADOS!$A$2:$M$65536,10,0),"") | F41: =IFERROR(E41*C41,"") | G41: =IFERROR(F41/$F$66,"")
A43: UNIDADES | B43: MODI | C43: UNIDADES | D43: UND MEDIDA | E43: COSTO UNITARIO | F43: TOTAL COSTO | G43: % PREC. DEFINIDO | H43: CODIGOS
A44: =+A35 -> 5000 | B44: =IFERROR(VLOOKUP(H44,[1]SEMIELABORADOS!$A$2:$M$6000,2,0),"") -> AZUCAR REFINADA (BOLSA:1500g) | C44: =+A44 -> 5000 | D44: =IFERROR(VLOOKUP(H44,[1]SEMIELABORADOS!$A$2:$M$6000,6,0),"") -> Gramo | E44: 0.08 | F44: =IFERROR(E44*C44,"") -> 400 | G44: =IFERROR(F44/$F$66,"") -> 0.015717626 | H44: 90100132
A45: =+A36 -> 0 | B45: =IFERROR(VLOOKUP(H45,[1]SEMIELABORADOS!$A$2:$M$6000,2,0),"") | C45: =+A45 -> 0 | D45: =IFERROR(VLOOKUP(H45,[1]SEMIELABORADOS!$A$2:$M$6000,6,0),"") | E45: =IFERROR(VLOOKUP(H45,[1]SEMIELABORADOS!$A$2:$M$65536,12,0),"") | F45: =IFERROR(E45*C45,"") | G45: =IFERROR(F45/$F$66,"")
A46: =+A37 -> 0 | B46: =IFERROR(VLOOKUP(H46,[1]SEMIELABORADOS!$A$2:$M$6000,2,0),"") | C46: =+A46 -> 0 | D46: =IFERROR(VLOOKUP(H46,[1]SEMIELABORADOS!$A$2:$M$6000,6,0),"") | E46: =IFERROR(VLOOKUP(H46,[1]SEMIELABORADOS!$A$2:$M$65536,12,0),"") | F46: =IFERROR(E46*C46,"") | G46: =IFERROR(F46/$F$66,"")
A47: =+A38 -> 0 | B47: =IFERROR(VLOOKUP(H47,[1]SEMIELABORADOS!$A$2:$M$6000,2,0),"") | C47: =+A47 -> 0 | D47: =IFERROR(VLOOKUP(H47,[1]SEMIELABORADOS!$A$2:$M$6000,6,0),"") | E47: =IFERROR(VLOOKUP(H47,[1]SEMIELABORADOS!$A$2:$M$65536,12,0),"") | F47: =IFERROR(E47*C47,"") | G47: =IFERROR(F47/$F$66,"")
A48: =+A39 -> 0 | B48: =IFERROR(VLOOKUP(H48,[1]SEMIELABORADOS!$A$2:$M$6000,2,0),"") | C48: =+A48 -> 0 | D48: =IFERROR(VLOOKUP(H48,[1]SEMIELABORADOS!$A$2:$M$6000,6,0),"") | E48: =IFERROR(VLOOKUP(H48,[1]SEMIELABORADOS!$A$2:$M$65536,12,0),"") | F48: =IFERROR(E48*C48,"") | G48: =IFERROR(F48/$F$66,"")
A49: =+A40 -> 0 | B49: =IFERROR(VLOOKUP(H49,[1]SEMIELABORADOS!$A$2:$M$6000,2,0),"") | C49: =+A49 -> 0 | D49: =IFERROR(VLOOKUP(H49,[1]SEMIELABORADOS!$A$2:$M$6000,6,0),"") | E49: =IFERROR(VLOOKUP(H49,[1]SEMIELABORADOS!$A$2:$M$65536,12,0),"") | F49: =IFERROR(E49*C49,"") | G49: =IFERROR(F49/$F$66,"")
A50: =+A41 -> 0 | B50: =IFERROR(VLOOKUP(H50,[1]SEMIELABORADOS!$A$2:$M$6000,2,0),"") | C50: =+A50 -> 0 | D50: =IFERROR(VLOOKUP(H50,[1]SEMIELABORADOS!$A$2:$M$6000,6,0),"") | E50: =IFERROR(VLOOKUP(H50,[1]SEMIELABORADOS!$A$2:$M$65536,12,0),"") | F50: =IFERROR(E50*C50,"") | G50: =IFERROR(F50/$F$66,"")
A51: 1 | B51: MODI PREPARACION | C51: =+A51 -> 1 | D51: N/A | E51: =+F65 -> 770 | F51: =IFERROR(C51*E51,"") -> 770 | G51: =IFERROR(F51/$F$66,"") -> 0.03025643
B53: TOTAL MATERIA PRIMA | F53: =SUM(F8:F14,F17:F24) -> 24044 | G53: =+F53/$F$66 -> 0.94478649 | H53: =+F53/$D$60 -> 24044
B54: TOTAL EMPAQUE | F54: =SUM(F27:F32,F35:F41) -> 154.256 | G54: =+F54/$F$66 -> 0.0060613453 | H54: =+F54/$D$60 -> 154.256 | K54: TOTAL MATERIA PRIMA + EMPAQUE | O54: =+F55 -> 24198.256
B55: TOTAL MATERIAS P. + EMPAQUES | F55: =+F53+F54 -> 24198.256 | G55: =+F55/$F$66 -> 0.95084784 | H55: =+F55/$D$60 -> 24198.256 | M55: MODI PLANTA | O55: =+H56 -> 1170
C56: TOTAL MODI | F56: =SUM(F44:F51) -> 1170 | G56: =+F56/$F$66 -> 0.045974056 | H56: =+F56/$D$60 -> 1170 | M56: DESECHO | O56: =O54*N56 -> 0
M57: COSTO PLANTA | O57: =SUM(O54:O56) -> 25368.256
B58: GRAMOS | D58: 10700 | H58: =+H56/77 -> 15.194805 | M58: % GIF | O58: =+H59 -> 972.46753
B59: PESO POR UNIDAD | D59: 10700 | H59: =+H58*64 -> 972.46753 | M59: COSTO PLANTA | O59: =SUM(O57:O58) -> 26340.724
B60: UNIDADES TOTALES | D60: =+D58/D59 -> 1 | O60: =+O59*N60 -> 0
B61: UNIDAD MEDIDA | K61: PRECIO DE VENTA PLANTA A LOCAL | O61: =SUM(O59:O60) -> 26340.724 | P61: GR
E62: S/ COSTO | F62: TOTAL | L62: UNIDAD | O62: =+O61/D60 -> 26340.724 | P62: =+O62/D59 -> 2.4617499
B63: TOTAL MATERIAS P. + EMPAQUES | E63: =+F63/F63 -> 1 | F63: =SUM(F55) -> 24198.256 | G63: =+F63/$F$66 -> 0.95084784
B64: DESECHOS Y PERDIDAS | E64: 0.02 | F64: =+F53*E64 -> 480.88 | G64: =+F64/$F$66 -> 0.01889573
B65: MANO OBRA DIRECTA | D65: 10 | E65: 77 | F65: =+E65*D65 -> 770 | G65: =+F65/$F$66 -> 0.03025643
B66: TOTAL COSTO PLANTA | F66: =SUM(F63:F65) -> 25449.136 | G66: =+F66/$F$66 -> 1 | M66: MODI 77 COLONES X MIN
M67: Gf 64 colones min
B68: COSTO POR GRAMO | M68: ,
B69: TOTAL COSTO MATERIA PRIMA | C69: =+F53 -> 24044 | D69: =+D58 -> 10700 | E69: =+C69/D69 -> 2.2471028
B71: TOTAL COSTO UNIDAD MP+DESECHO+EMPAQUE | C71: =SUM(F63:F64) -> 24679.136 | D71: =+D58 -> 10700 | E71: =+C71/D71 -> 2.3064613
B73: TOTAL MODI PREPARACION POR GRAMO | C73: =+F65 -> 770 | D73: =+D58 -> 10700 | E73: =+C73/D73 -> 0.071962617
B74: TOTAL MODI POR GRAMO | C74: =+F56 -> 1170 | D74: =+D73 -> 10700 | E74: =+C74/D74 -> 0.10934579
B76: TOTAL EMPAQUE POR GRAMO | C76: =+F54 -> 154.256 | D76: =+D74 -> 10700 | E76: =+C76/D76 -> 0.014416449
B78: TOTAL GRAMO MP+MODI | E78: =+E69+E74 -> 2.3564486
B80: COSTO POR UNIDAD
B81: TOTAL COSTO MATERIA PRIMA | C81: =+C69 -> 24044 | D81: =+D60 -> 1 | E81: =+C81/D81 -> 24044
B83: TOTAL COSTO UNIDAD MP+DESECHO+EMPAQUE | C83: =+C71 -> 24679.136 | D83: =+D60 -> 1 | E83: =+C83/D83 -> 24679.136
B85: TOTAL MODI POR GRAMO | C85: =+C73 -> 770 | D85: =+D60 -> 1 | E85: =+C85/D85 -> 770
B86: TOTAL MODI POR GRAMO | C86: =+C74 -> 1170 | D86: =+D85 -> 1 | E86: =+C86/D86 -> 1170

Sheet Costo Pecana Tostada
E1: Precio Local | F1: Costo MP | G1: Costo EM | H1: Costo MO
E2: =IFERROR(O62,"") -> 85123 | F2: =IFERROR(H53,"") -> 84700 | G2: =IFERROR(H54,"") -> 0 | H2: =IFERROR(H56,"") -> 231
A5: ESTRUCTURA DE COSTOS
F6: Fecha: | H6: =TODAY() -> 45831
A7: UNIDADES | B7: DESCRIPCION MAT.PRIMA | C7: UNIDADES | D7: UND MEDIDA | E7: COSTO UNITARIO | F7: TOTAL COSTO | G7: % PREC. DEFINIDO | H7: CODIGOS
A8: 10000 | B8: Pecana Entera | C8: =+A8 -> 10000 | D8: Gramos | E8: 8.47 | F8: =IFERROR(C8*E8,"") -> 84700 | G8: =IFERROR(F8/$F$66,"") -> 0.97777778 | H8: 11900028
B9: =IFERROR(VLOOKUP(H9,'[1]Consolidado MP Planta'!$A$2:$M$823,3,0),"") | C9: =+A9 -> 0 | D9: =IFERROR(VLOOKUP(H9,'[1]Consolidado MP Planta'!$A$2:$M$823,13,0),"") | E9: =IFERROR(VLOOKUP(H9,'[1]Consolidado MP Planta'!$A$2:$M$823,12,0),"") | F9: =IFERROR(C9*E9,"") | G9: =IFERROR(F9/$F$66,"")
B10: =IFERROR(VLOOKUP(H10,'[1]Consolidado MP Planta'!$A$2:$M$823,3,0),"") | C10: =+A10 -> 0 | D10: =IFERROR(VLOOKUP(H10,'[1]Consolidado MP Planta'!$A$2:$M$823,13,0),"") | E10: =IFERROR(VLOOKUP(H10,'[1]Consolidado MP Planta'!$A$2:$M$823,12,0),"") | F10: =IFERROR(C10*E10,"") | G10: =IFERROR(F10/$F$66,"")
B11: =IFERROR(VLOOKUP(H11,'[1]Consolidado MP Planta'!$A$2:$M$823,3,0),"") | C11: =+A11 -> 0 | D11: =IFERROR(VLOOKUP(H11,'[1]Consolidado MP Planta'!$A$2:$M$823,13,0),"") | E11: =IFERROR(VLOOKUP(H11,'[1]Consolidado MP Planta'!$A$2:$M$823,12,0),"") | F11: =IFERROR(C11*E11,"") | G11: =IFERROR(F11/$F$66,"")
B12: =IFERROR(VLOOKUP(H12,'[1]Consolidado MP Planta'!$A$2:$M$823,3,0),"") | C12: =+A12 -> 0 | D12: =IFERROR(VLOOKUP(H12,'[1]Consolidado MP Planta'!$A$2:$M$823,13,0),"") | E12: =IFERROR(VLOOKUP(H12,'[1]Consolidado MP Planta'!$A$2:$M$823,12,0),"") | F12: =IFERROR(C12*E12,"") | G12: =IFERROR(F12/$F$66,"")
B13: =IFERROR(VLOOKUP(H13,'[1]Consolidado MP Planta'!$A$2:$M$823,3,0),"") | C13: =+A13 -> 0 | D13: =IFERROR(VLOOKUP(H13,'[1]Consolidado MP Planta'!$A$2:$M$823,13,0),"") | E13: =IFERROR(VLOOKUP(H13,'[1]Consolidado MP Planta'!$A$2:$M$823,12,0),"") | F13: =IFERROR(C13*E13,"") | G13: =IFERROR(F13/$F$66,"")
B14: =IFERROR(VLOOKUP(H14,'[1]Consolidado MP Planta'!$A$2:$M$823,3,0),"") | C14: =+A14 -> 0 | D14: =IFERROR(VLOOKUP(H14,'[1]Consolidado MP Planta'!$A$2:$M$823,13,0),"") | E14: =IFERROR(VLOOKUP(H14,'[1]Consolidado MP Planta'!$A$2:$M$823,12,0),"") | F14: =IFERROR(C14*E14,"") | G14: =IFERROR(F14/$F$66,"")
B15: =IFERROR(VLOOKUP(H15,'[2]ARTICULOS MP PLANTA'!$A$2:$G$589,2,0),"")
A16: UNIDADES | B16: MATERIA PRIMA SEMIELABORADOS | C16: UNIDADES | D16: UND MEDIDA | E16: COSTO UNITARIO | F16: TOTAL COSTO | G16: % PREC. DEFINIDO | H16: CODIGOS
B17: =IFERROR(VLOOKUP(H17,[1]SEMIELABORADOS!$A$2:$M$6000,2,0),"") | C17: =+A17 -> 0 | D17: =IFERROR(VLOOKUP(H17,[1]SEMIELABORADOS!$A$2:$M$6000,6,0),"") | E17: =IFERROR(VLOOKUP(H17,[1]SEMIELABORADOS!$A$2:$H$65536,8,0),"") | F17: =IFERROR(E17*C17,"") | G17: =IFERROR(F17/$F$66,"")
B18: =IFERROR(VLOOKUP(H18,[1]SEMIELABORADOS!$A$2:$M$6000,2,0),"") | C18: =+A18 -> 0 | D18: =IFERROR(VLOOKUP(H18,[1]SEMIELABORADOS!$A$2:$M$6000,6,0),"") | E18: =IFERROR(VLOOKUP(H18,[1]SEMIELABORADOS!$A$2:$H$65536,8,0),"") | F18: =IFERROR(E18*C18,"") | G18: =IFERROR(F18/$F$66,"")
B19: =IFERROR(VLOOKUP(H19,[1]SEMIELABORADOS!$A$2:$M$6000,2,0),"") | C19: =+A19 -> 0 | D19: =IFERROR(VLOOKUP(H19,[1]SEMIELABORADOS!$A$2:$M$6000,6,0),"") | E19: =IFERROR(VLOOKUP(H19,[1]SEMIELABORADOS!$A$2:$H$65536,8,0),"") | F19: =IFERROR(E19*C19,"") | G19: =IFERROR(F19/$F$66,"")
B20: =IFERROR(VLOOKUP(H20,[1]SEMIELABORADOS!$A$2:$M$6000,2,0),"") | C20: =+A20 -> 0 | D20: =IFERROR(VLOOKUP(H20,[1]SEMIELABORADOS!$A$2:$M$6000,6,0),"") | E20: =IFERROR(VLOOKUP(H20,[1]SEMIELABORADOS!$A$2:$H$65536,8,0),"") | F20: =IFERROR(E20*C20,"") | G20: =IFERROR(F20/$F$66,"")
B21: =IFERROR(VLOOKUP(H21,[1]SEMIELABORADOS!$A$2:$M$6000,2,0),"") | C21: =+A21 -> 0 | D21: =IFERROR(VLOOKUP(H21,[1]SEMIELABORADOS!$A$2:$M$6000,6,0),"") | E21: =IFERROR(VLOOKUP(H21,[1]SEMIELABORADOS!$A$2:$H$65536,8,0),"") | F21: =IFERROR(E21*C21,"") | G21: =IFERROR(F21/$F$66,"")
B22: =IFERROR(VLOOKUP(H22,[1]SEMIELABORADOS!$A$2:$M$6000,2,0),"") | C22: =+A22 -> 0 | D22: =IFERROR(VLOOKUP(H22,[1]SEMIELABORADOS!$A$2:$M$6000,6,0),"") | E22: =IFERROR(VLOOKUP(H22,[1]SEMIELABORADOS!$A$2:$H$65536,8,0),"") | F22: =IFERROR(E22*C22,"") | G22: =IFERROR(F22/$F$66,"")
B23: =IFERROR(VLOOKUP(H23,[1]SEMIELABORADOS!$A$2:$M$6000,2,0),"") | C23: =+A23 -> 0 | D23: =IFERROR(VLOOKUP(H23,[1]SEMIELABORADOS!$A$2:$M$6000,6,0),"") | E23: =IFERROR(VLOOKUP(H23,[1]SEMIELABORADOS!$A$2:$H$65536,8,0),"") | F23: =IFERROR(E23*C23,"") | G23: =IFERROR(F23/$F$66,"")
B24: =IFERROR(VLOOKUP(H24,[1]SEMIELABORADOS!$A$2:$M$6000,2,0),"") | C24: =+A24 -> 0 | D24: =IFERROR(VLOOKUP(H24,[1]SEMIELABORADOS!$A$2:$M$6000,6,0),"") | E24: =IFERROR(VLOOKUP(H24,[1]SEMIELABORADOS!$A$2:$H$65536,8,0),"") | F24: =IFERROR(E24*C24,"") | G24: =IFERROR(F24/$F$66,"")
A26: UNIDADES | B26: EMPAQUE | C26: UNIDADES | D26: UND MEDIDA | E26: COSTO UNITARIO | F26: TOTAL COSTO | G26: % PREC. DEFINIDO | H26: CODIGOS
A27: 0 | B27: =IFERROR(VLOOKUP(H27,'[1]Consolidado MP Planta'!$A$2:$M$823,3,0),"") | C27: =+A27 -> 0 | D27: =IFERROR(VLOOKUP(H27,'[1]Consolidado MP Planta'!$A$2:$M$823,13,0),"") | E27: =IFERROR(VLOOKUP(H27,'[1]Consolidado MP Planta'!$A$2:$M$823,12,0),"") | F27: =IFERROR(C27*E27,"") | G27: =IFERROR(F27/$F$66,"")
B28: =IFERROR(VLOOKUP(H28,'[1]Consolidado MP Planta'!$A$2:$M$823,3,0),"") | C28: =+A28 -> 0 | D28: =IFERROR(VLOOKUP(H28,'[1]Consolidado MP Planta'!$A$2:$M$823,13,0),"") | E28: =IFERROR(VLOOKUP(H28,'[1]Consolidado MP Planta'!$A$2:$M$823,12,0),"") | F28: =IFERROR(C28*E28,"") | G28: =IFERROR(F28/$F$66,"")
B29: =IFERROR(VLOOKUP(H29,'[1]Consolidado MP Planta'!$A$2:$M$823,3,0),"") | C29: =+A29 -> 0 | D29: =IFERROR(VLOOKUP(H29,'[1]Consolidado MP Planta'!$A$2:$M$823,13,0),"") | E29: =IFERROR(VLOOKUP(H29,'[1]Consolidado MP Planta'!$A$2:$M$823,12,0),"") | F29: =IFERROR(C29*E29,"") | G29: =IFERROR(F29/$F$66,"")
B30: =IFERROR(VLOOKUP(H30,'[1]Consolidado MP Planta'!$A$2:$M$823,3,0),"") | C30: =+A30 -> 0 | D30: =IFERROR(VLOOKUP(H30,'[1]Consolidado MP Planta'!$A$2:$M$823,13,0),"") | E30: =IFERROR(VLOOKUP(H30,'[1]Consolidado MP Planta'!$A$2:$M$823,12,0),"") | F30: =IFERROR(C30*E30,"") | G30: =IFERROR(F30/$F$66,"")
B31: =IFERROR(VLOOKUP(H31,'[1]Consolidado MP Planta'!$A$2:$M$823,3,0),"") | C31: =+A31 -> 0 | D31: =IFERROR(VLOOKUP(H31,'[1]Consolidado MP Planta'!$A$2:$M$823,13,0),"") | E31: =IFERROR(VLOOKUP(H31,'[1]Consolidado MP Planta'!$A$2:$M$823,12,0),"") | F31: =IFERROR(C31*E31,"") | G31: =IFERROR(F31/$F$66,"")
B32: =IFERROR(VLOOKUP(H32,'[1]Consolidado MP Planta'!$A$2:$M$823,3,0),"") | C32: =+A32 -> 0 | D32: =IFERROR(VLOOKUP(H32,'[1]Consolidado MP Planta'!$A$2:$M$823,13,0),"") | E32: =IFERROR(VLOOKUP(H32,'[1]Consolidado MP Planta'!$A$2:$M$823,12,0),"") | F32: =IFERROR(C32*E32,"") | G32: =IFERROR(F32/$F$66,"")
A34: UNIDADES | B34: EMPAQUE SEMIELABORADOS | C34: UNIDADES | D34: UND MEDIDA | E34: COSTO UNITARIO | F34: TOTAL COSTO | G34: % PREC. DEFINIDO | H34: CODIGOS
A35: =+A17 -> 0 | B35: =IFERROR(VLOOKUP(H35,[1]SEMIELABORADOS!$A$2:$M$6000,2,0),"") | C35: =+A35 -> 0 | D35: =IFERROR(VLOOKUP(H35,[1]SEMIELABORADOS!$A$2:$M$6000,6,0),"") | E35: =IFERROR(VLOOKUP(H35,[1]SEMIELABORADOS!$A$2:$M$65536,10,0),"") | F35: =IFERROR(E35*C35,"") | G35: =IFERROR(F35/$F$66,"")
A36: =+A18 -> 0 | B36: =IFERROR(VLOOKUP(H36,[1]SEMIELABORADOS!$A$2:$M$6000,2,0),"") | C36: =+A36 -> 0 | D36: =IFERROR(VLOOKUP(H36,[1]SEMIELABORADOS!$A$2:$M$6000,6,0),"") | E36: =IFERROR(VLOOKUP(H36,[1]SEMIELABORADOS!$A$2:$M$65536,10,0),"") | F36: =IFERROR(E36*C36,"") | G36: =IFERROR(F36/$F$66,"")
A37: =+A19 -> 0 | B37: =IFERROR(VLOOKUP(H37,[1]SEMIELABORADOS!$A$2:$M$6000,2,0),"") | C37: =+A37 -> 0 | D37: =IFERROR(VLOOKUP(H37,[1]SEMIELABORADOS!$A$2:$M$6000,6,0),"") | E37: =IFERROR(VLOOKUP(H37,[1]SEMIELABORADOS!$A$2:$M$65536,10,0),"") | F37: =IFERROR(E37*C37,"") | G37: =IFERROR(F37/$F$66,"")
A38: =+A20 -> 0 | B38: =IFERROR(VLOOKUP(H38,[1]SEMIELABORADOS!$A$2:$M$6000,2,0),"") | C38: =+A38 -> 0 | D38: =IFERROR(VLOOKUP(H38,[1]SEMIELABORADOS!$A$2:$M$6000,6,0),"") | E38: =IFERROR(VLOOKUP(H38,[1]SEMIELABORADOS!$A$2:$M$65536,10,0),"") | F38: =IFERROR(E38*C38,"") | G38: =IFERROR(F38/$F$66,"")
A39: =+A21 -> 0 | B39: =IFERROR(VLOOKUP(H39,[1]SEMIELABORADOS!$A$2:$M$6000,2,0),"") | C39: =+A39 -> 0 | D39: =IFERROR(VLOOKUP(H39,[1]SEMIELABORADOS!$A$2:$M$6000,6,0),"") | E39: =IFERROR(VLOOKUP(H39,[1]SEMIELABORADOS!$A$2:$M$65536,10,0),"") | F39: =IFERROR(E39*C39,"") | G39: =IFERROR(F39/$F$66,"")
A40: =+A22 -> 0 | B40: =IFERROR(VLOOKUP(H40,[1]SEMIELABORADOS!$A$2:$M$6000,2,0),"") | C40: =+A40 -> 0 | D40: =IFERROR(VLOOKUP(H40,[1]SEMIELABORADOS!$A$2:$M$6000,6,0),"") | E40: =IFERROR(VLOOKUP(H40,[1]SEMIELABORADOS!$A$2:$M$65536,10,0),"") | F40: =IFERROR(E40*C40,"") | G40: =IFERROR(F40/$F$66,"")
A41: =+A23 -> 0 | B41: =IFERROR(VLOOKUP(H41,[1]SEMIELABORADOS!$A$2:$M$6000,2,0),"") | C41: =+A41 -> 0 | D41: =IFERROR(VLOOKUP(H41,[1]SEMIELABORADOS!$A$2:$M$6000,6,0),"") | E41: =IFERROR(VLOOKUP(H41,[1]SEMIELABORADOS!$A$2:$M$65536,10,0),"") | F41: =IFERROR(E41*C41,"") | G41: =IFERROR(F41/$F$66,"")
A43: UNIDADES | B43: MODI | C43: UNIDADES | D43: UND MEDIDA | E43: COSTO UNITARIO | F43: TOTAL COSTO | G43: % PREC. DEFINIDO | H43: CODIGOS
A44: =+A35 -> 0 | B44: =IFERROR(VLOOKUP(H44,[1]SEMIELABORADOS!$A$2:$M$6000,2,0),"") | C44: =+A44 -> 0 | D44: =IFERROR(VLOOKUP(H44,[1]SEMIELABORADOS!$A$2:$M$6000,6,0),"") | E44: =IFERROR(VLOOKUP(H44,[1]SEMIELABORADOS!$A$2:$M$65536,12,0),"") | F44: =IFERROR(E44*C44,"") | G44: =IFERROR(F44/$F$66,"")
A45: =+A36 -> 0 | B45: =IFERROR(VLOOKUP(H45,[1]SEMIELABORADOS!$A$2:$M$6000,2,0),"") | C45: =+A45 -> 0 | D45: =IFERROR(VLOOKUP(H45,[1]SEMIELABORADOS!$A$2:$M$6000,6,0),"") | E45: =IFERROR(VLOOKUP(H45,[1]SEMIELABORADOS!$A$2:$M$65536,12,0),"") | F45: =IFERROR(E45*C45,"") | G45: =IFERROR(F45/$F$66,"")
A46: =+A37 -> 0 | B46: =IFERROR(VLOOKUP(H46,[1]SEMIELABORADOS!$A$2:$M$6000,2,0),"") | C46: =+A46 -> 0 | D46: =IFERROR(VLOOKUP(H46,[1]SEMIELABORADOS!$A$2:$M$6000,6,0),"") | E46: =IFERROR(VLOOKUP(H46,[1]SEMIELABORADOS!$A$2:$M$65536,12,0),"") | F46: =IFERROR(E46*C46,"") | G46: =IFERROR(F46/$F$66,"")
A47: =+A38 -> 0 | B47: =IFERROR(VLOOKUP(H47,[1]SEMIELABORADOS!$A$2:$M$6000,2,0),"") | C47: =+A47 -> 0 | D47: =IFERROR(VLOOKUP(H47,[1]SEMIELABORADOS!$A$2:$M$6000,6,0),"") | E47: =IFERROR(VLOOKUP(H47,[1]SEMIELABORADOS!$A$2:$M$65536,12,0),"") | F47: =IFERROR(E47*C47,"") | G47: =IFERROR(F47/$F$66,"")
A48: =+A39 -> 0 | B48: =IFERROR(VLOOKUP(H48,[1]SEMIELABORADOS!$A$2:$M$6000,2,0),"") | C48: =+A48 -> 0 | D48: =IFERROR(VLOOKUP(H48,[1]SEMIELABORADOS!$A$2:$M$6000,6,0),"") | E48: =IFERROR(VLOOKUP(H48,[1]SEMIELABORADOS!$A$2:$M$65536,12,0),"") | F48: =IFERROR(E48*C48,"") | G48: =IFERROR(F48/$F$66,"")
A49: =+A40 -> 0 | B49: =IFERROR(VLOOKUP(H49,[1]SEMIELABORADOS!$A$2:$M$6000,2,0),"") | C49: =+A49 -> 0 | D49: =IFERROR(VLOOKUP(H49,[1]SEMIELABORADOS!$A$2:$M$6000,6,0),"") | E49: =IFERROR(VLOOKUP(H49,[1]SEMIELABORADOS!$A$2:$M$65536,12,0),"") | F49: =IFERROR(E49*C49,"") | G49: =IFERROR(F49/$F$66,"")
A50: =+A41 -> 0 | B50: =IFERROR(VLOOKUP(H50,[1]SEMIELABORADOS!$A$2:$M$6000,2,0),"") | C50: =+A50 -> 0 | D50: =IFERROR(VLOOKUP(H50,[1]SEMIELABORADOS!$A$2:$M$6000,6,0),"") | E50: =IFERROR(VLOOKUP(H50,[1]SEMIELABORADOS!$A$2:$M$65536,12,0),"") | F50: =IFERROR(E50*C50,"") | G50: =IFERROR(F50/$F$66,"")
A51: 1 | B51: MODI PREPARACION | C51: =+A51 -> 1 | D51: N/A | E51: =+F65 -> 231 | F51: =IFERROR(C51*E51,"") -> 231 | G51: =IFERROR(F51/$F$66,"") -> 0.0026666667
B53: TOTAL MATERIA PRIMA | F53: =SUM(F8:F14,F17:F24) -> 84700 | G53: =+F53/$F$66 -> 0.97777778 | H53: =+F53/$D$60 -> 84700
B54: TOTAL EMPAQUE | F54: =SUM(F27:F32,F35:F41) -> 0 | G54: =+F54/$F$66 -> 0 | H54: =+F54/$D$60 -> 0 | K54: TOTAL MATERIA PRIMA + EMPAQUE | O54: =+F55 -> 84700
B55: TOTAL MATERIAS P. + EMPAQUES | F55: =+F53+F54 -> 84700 | G55: =+F55/$F$66 -> 0.97777778 | H55: =+F55/$D$60 -> 84700 | M55: MODI PLANTA | O55: =+H56 -> 231
C56: TOTAL MODI | F56: =SUM(F44:F51) -> 231 | G56: =+F56/$F$66 -> 0.0026666667 | H56: =+F56/$D$60 -> 231 | M56: DESECHO | O56: =O54*N56 -> 0
M57: COSTO PLANTA | O57: =SUM(O54:O56) -> 84931
B58: GRAMOS | D58: 9800 | H58: =+H56/77 -> 3 | M58: % GIF | O58: =+H59 -> 192
B59: PESO POR UNIDAD | D59: 9800 | H59: =+H58*64 -> 192 | M59: COSTO PLANTA | O59: =SUM(O57:O58) -> 85123
B60: UNIDADES TOTALES | D60: =+D58/D59 -> 1 | O60: =+O59*N60 -> 0
B61: UNIDAD MEDIDA | K61: PRECIO DE VENTA PLANTA A LOCAL | O61: =SUM(O59:O60) -> 85123 | P61: GR
E62: S/ COSTO | F62: TOTAL | L62: UNIDAD | O62: =+O61/D60 -> 85123 | P62: =+O62/D59 -> 8.6860204
B63: TOTAL MATERIAS P. + EMPAQUES | E63: =+F63/F63 -> 1 | F63: =SUM(F55) -> 84700 | G63: =+F63/$F$66 -> 0.97777778
B64: DESECHOS Y PERDIDAS | E64: 0.02 | F64: =+F53*E64 -> 1694 | G64: =+F64/$F$66 -> 0.019555556
B65: MANO OBRA DIRECTA | D65: 3 | E65: 77 | F65: =+E65*D65 -> 231 | G65: =+F65/$F$66 -> 0.0026666667
B66: TOTAL COSTO PLANTA | F66: =SUM(F63:F65) -> 86625 | G66: =+F66/$F$66 -> 1 | M66: MODI 77 COLONES X MIN
M67: Gf 64 colones min
B68: COSTO POR GRAMO | M68: ,
B69: TOTAL COSTO MATERIA PRIMA | C69: =+F53 -> 84700 | D69: =+D58 -> 9800 | E69: =+C69/D69 -> 8.6428571
B71: TOTAL COSTO UNIDAD MP+DESECHO+EMPAQUE | C71: =SUM(F63:F64) -> 86394 | D71: =+D58 -> 9800 | E71: =+C71/D71 -> 8.8157143
B73: TOTAL MODI PREPARACION POR GRAMO | C73: =+F65 -> 231 | D73: =+D58 -> 9800 | E73: =+C73/D73 -> 0.023571429
B74: TOTAL MODI POR GRAMO | C74: =+F56 -> 231 | D74: =+D73 -> 9800 | E74: =+C74/D74 -> 0.023571429
B76: TOTAL EMPAQUE POR GRAMO | C76: =+F54 -> 0 | D76: =+D74 -> 9800 | E76: =+C76/D76 -> 0
B78: TOTAL GRAMO MP+MODI | E78: =+E69+E74 -> 8.6664286
B80: COSTO POR UNIDAD
B81: TOTAL COSTO MATERIA PRIMA | C81: =+C69 -> 84700 | D81: =+D60 -> 1 | E81: =+C81/D81 -> 84700
B83: TOTAL COSTO UNIDAD MP+DESECHO+EMPAQUE | C83: =+C71 -> 86394 | D83: =+D60 -> 1 | E83: =+C83/D83 -> 86394
B85: TOTAL MODI POR GRAMO | C85: =+C73 -> 231 | D85: =+D60 -> 1 | E85: =+C85/D85 -> 231
B86: TOTAL MODI POR GRAMO | C86: =+C74 -> 231 | D86: =+D85 -> 1 | E86: =+C86/D86 -> 231

Sheet RELLENO PIE PECANAS
C1: SERVICIOS DE PASTELERIA S.A. | H1: CÓDIGO: | I1: ESP-RE-POS-083
C2: ESPECIFICACION DE RECETA | H2: REVISIÓN: | I2: 04
C3: SE00708 RELLENO PIE DE PECANAS | H3: FECHA DE APROBACIÓN: | I3: 45783
C4: Elaborado | D4: Javier Tong, Chef
C5: Aprobado | D5: Esteban Cartin, Gte Manufactura
A6: AREA QUE PRODUCE: | D6: Postres | G6: AREA QUE EMPACA: | I6: Postres
A7: # Código | B7: # Codigo Netsuite | C7: Descripción del ingrediente | D7: Marca | E7: Unidad Internacional | G7: Medida alternativa | I7: Costo - Referencia
E8: Cantidad | F8: Unidad medida | G8: Cantidad | H8: Unidad medida | I8: Colones
A10: 0310107 | B10: MP10022 | C10: LACTOCREMA GRANEL | D10: Dos Pinos | E10: 1875 | F10: g
A11: 10100045 | B11: MP10075 | C11: Azucar Caramelo | D11: Doña María | E11: 1875 | F11: g
A12: 90100132 | B12: SE00226 | C12: AZUCAR REFINADA (BOLSA:1500g) | D12: FAS | E12: 2187.5 | F12: g
A13: 90100142 | B13: SE00104 | C13: EMPAQUE SAL KILO | D13: FAS | E13: 37.5 | F13: g
A14: 10100048 | B14: MP10573 | C14: SIROPE KARO DARK (UND: 3.78 K) | D14: Karo | E14: 2187.5 | F14: g
A15: 1210482 | B15: MP10005 | C15: Huevo Liquido Refrigerado | D15: Debel | E15: 1500 | F15: g
A16: 90100129 | B16: SE00014 | C16: EMPAQUE ALMIDON MODIFICADO KILO | D16: Prima | E16: 475 | F16: g
A17: 1212410 | B17: MP10008 | C17: PRESERVANTE 1047S KILO | D17: Aseal | E17: 12.5 | F17: g
A22: 702123 | B22: EM10011 | C22: ETIQUETA BLANCA 2 5/8X1 15/16 (UND) | D22: Cemusa | E22: 2 | F22: ud
D24: Cantidad | E24: Unidad
A25: PESO TOTAL OBTENIDO | D25: 8880 | E25: g | F25: Tiempo de Horneo: | J25: =D25-840 -> 8040
A26: TIEMPO TOTAL DE PREPARACION | D26: 10 | E26: min | F26: Horno:
A27: CANTIDAD DE PORCIONES OBTENIDAS | D27: 1 | E27: TANDA | F27: Temperatura de Horneo:
A28: PESO DE CADA PORCIÓN | D28: =D25/D27 -> 8880 | E28: g | F28: Otros
A29: MERMA | D29: =SUM(E10:E19)-D25 -> 1270 | E29: g
A30: PROCEDIMIENTO DE PREPARACION DE LA RECETA
A31: 1.- Derretir la lactocrema en fuego medio aproximadamente 2 minutos.
A32: 2.- En la batidora agregar la mantequilla recien derretida, agregar el azúcar, el azúcar moreno y mezclar hasta que quede bien incorporado.
A33: 3, Despues agregar el almidon, preservante, huevo, sirope, mezclar por 3 minutos con paleta en velocidad media o hasta que la mezcla este Homogeneo.
A34: 4, Utilizar inmediatamente.
A36: Control de cambios
A37: 2, Se actualiza procedimeinto y rendimiento
A38: 3, Se actualiza procedimiento
A39: 4, Se actualiza rendimiento

Sheet Costo relleno pie pecanas
E1: Precio Local | F1: Costo MP | G1: Costo EM | H1: Costo MO
E2: =IFERROR(O68,"") -> 23476.392 | F2: =IFERROR(H59,"") -> 21679.76 | G2: =IFERROR(H60,"") -> 53.176 | H2: =IFERROR(H62,"") -> 952.1
A5: ESTRUCTURA DE COSTOS
F6: Fecha: | H6: =TODAY() -> 45831
A7: UNIDADES | B7: DESCRIPCION MAT.PRIMA | C7: UNIDADES | D7: UND MEDIDA | E7: COSTO UNITARIO | F7: TOTAL COSTO | G7: % PREC. DEFINIDO | H7: CODIGOS
A8: 1875 | B8: =IFERROR(VLOOKUP(H8,'[1]Consolidado MP Planta'!$A$2:$M$823,3,0),"") -> LACTOCREMA GRANEL (CAJA:25 KG) | C8: =+A8 -> 1875 | D8: =IFERROR(VLOOKUP(H8,'[1]Consolidado MP Planta'!$A$2:$M$823,13,0),"") -> Gramos | E8: 3.49 | F8: =IFERROR(C8*E8,"") -> 6543.75 | G8: =IFERROR(F8/$F$72,"") -> 0.28529815 | H8: 0310107
A9: 1875 | B9: =IFERROR(VLOOKUP(H9,'[1]Consolidado MP Planta'!$A$2:$M$823,3,0),"") -> AZUCAR CARAMELO (PAQ:0.5 K) | C9: =+A9 -> 1875 | D9: =IFERROR(VLOOKUP(H9,'[1]Consolidado MP Planta'!$A$2:$M$823,13,0),"") -> Gramos | E9: 1.11 | F9: =IFERROR(C9*E9,"") -> 2081.25 | G9: =IFERROR(F9/$F$72,"") -> 0.090739527 | H9: 10100045
A10: 2188 | B10: =IFERROR(VLOOKUP(H10,'[1]Consolidado MP Planta'!$A$2:$M$823,3,0),"") -> SIROPE KARO DARK (UND: 3.78 K) | C10: =+A10 -> 2188 | D10: =IFERROR(VLOOKUP(H10,'[1]Consolidado MP Planta'!$A$2:$M$823,13,0),"") -> Mililitros | E10: 3.4 | F10: =IFERROR(C10*E10,"") -> 7439.2 | G10: =IFERROR(F10/$F$72,"") -> 0.32433849 | H10: 10100048
A11: 1500 | B11: =IFERROR(VLOOKUP(H11,'[1]Consolidado MP Planta'!$A$2:$M$823,3,0),"") -> HUEVO ENTERO PASTERI INNOVO (CAJA:10 K) | C11: =+A11 -> 1500 | D11: =IFERROR(VLOOKUP(H11,'[1]Consolidado MP Planta'!$A$2:$M$823,13,0),"") -> Gramos | E11: 2.27 | F11: =IFERROR(C11*E11,"") -> 3405 | G11: =IFERROR(F11/$F$72,"") -> 0.14845314 | H11: 1210482
A12: 13 | B12: =IFERROR(VLOOKUP(H12,'[1]Consolidado MP Planta'!$A$2:$M$823,3,0),"") -> PRESERVANTE 1047S (PAQ=5 KILO) | C12: =+A12 -> 13 | D12: =IFERROR(VLOOKUP(H12,'[1]Consolidado MP Planta'!$A$2:$M$823,13,0),"") -> Gramos | E12: 7.4 | F12: =IFERROR(C12*E12,"") -> 96.2 | G12: =IFERROR(F12/$F$72,"") -> 0.0041941826 | H12: 1212410
B13: =IFERROR(VLOOKUP(H13,'[1]Consolidado MP Planta'!$A$2:$M$823,3,0),"") | C13: =+A13 -> 0 | D13: =IFERROR(VLOOKUP(H13,'[1]Consolidado MP Planta'!$A$2:$M$823,13,0),"") | E13: =IFERROR(VLOOKUP(H13,'[1]Consolidado MP Planta'!$A$2:$M$823,12,0),"") | F13: =IFERROR(C13*E13,"") | G13: =IFERROR(F13/$F$72,"")
B14: =IFERROR(VLOOKUP(H14,'[1]Consolidado MP Planta'!$A$2:$M$823,3,0),"") | C14: =+A14 -> 0 | D14: =IFERROR(VLOOKUP(H14,'[1]Consolidado MP Planta'!$A$2:$M$823,13,0),"") | E14: =IFERROR(VLOOKUP(H14,'[1]Consolidado MP Planta'!$A$2:$M$823,12,0),"") | F14: =IFERROR(C14*E14,"") | G14: =IFERROR(F14/$F$72,"")
B15: =IFERROR(VLOOKUP(H15,'[1]Consolidado MP Planta'!$A$2:$M$823,3,0),"") | C15: =+A15 -> 0 | D15: =IFERROR(VLOOKUP(H15,'[1]Consolidado MP Planta'!$A$2:$M$823,13,0),"") | E15: =IFERROR(VLOOKUP(H15,'[1]Consolidado MP Planta'!$A$2:$M$823,12,0),"") | F15: =IFERROR(C15*E15,"") | G15: =IFERROR(F15/$F$72,"")
B16: =IFERROR(VLOOKUP(H16,'[1]Consolidado MP Planta'!$A$2:$M$823,3,0),"") | C16: =+A16 -> 0 | D16: =IFERROR(VLOOKUP(H16,'[1]Consolidado MP Planta'!$A$2:$M$823,13,0),"") | E16: =IFERROR(VLOOKUP(H16,'[1]Consolidado MP Planta'!$A$2:$M$823,12,0),"") | F16: =IFERROR(C16*E16,"") | G16: =IFERROR(F16/$F$72,"")
B17: =IFERROR(VLOOKUP(H17,'[1]Consolidado MP Planta'!$A$2:$M$823,3,0),"") | C17: =+A17 -> 0 | D17: =IFERROR(VLOOKUP(H17,'[1]Consolidado MP Planta'!$A$2:$M$823,13,0),"") | E17: =IFERROR(VLOOKUP(H17,'[1]Consolidado MP Planta'!$A$2:$M$823,12,0),"") | F17: =IFERROR(C17*E17,"") | G17: =IFERROR(F17/$F$72,"")
B18: =IFERROR(VLOOKUP(H18,'[1]Consolidado MP Planta'!$A$2:$M$823,3,0),"") | C18: =+A18 -> 0 | D18: =IFERROR(VLOOKUP(H18,'[1]Consolidado MP Planta'!$A$2:$M$823,13,0),"") | E18: =IFERROR(VLOOKUP(H18,'[1]Consolidado MP Planta'!$A$2:$M$823,12,0),"") | F18: =IFERROR(C18*E18,"") | G18: =IFERROR(F18/$F$72,"")
B19: =IFERROR(VLOOKUP(H19,'[1]Consolidado MP Planta'!$A$2:$M$823,3,0),"") | C19: =+A19 -> 0 | D19: =IFERROR(VLOOKUP(H19,'[1]Consolidado MP Planta'!$A$2:$M$823,13,0),"") | E19: =IFERROR(VLOOKUP(H19,'[1]Consolidado MP Planta'!$A$2:$M$823,12,0),"") | F19: =IFERROR(C19*E19,"") | G19: =IFERROR(F19/$F$72,"")
B20: =IFERROR(VLOOKUP(H20,'[1]Consolidado MP Planta'!$A$2:$M$823,3,0),"") | C20: =+A20 -> 0 | D20: =IFERROR(VLOOKUP(H20,'[1]Consolidado MP Planta'!$A$2:$M$823,13,0),"") | E20: =IFERROR(VLOOKUP(H20,'[1]Consolidado MP Planta'!$A$2:$M$823,12,0),"") | F20: =IFERROR(C20*E20,"") | G20: =IFERROR(F20/$F$72,"")
B21: =IFERROR(VLOOKUP(H21,'[2]ARTICULOS MP PLANTA'!$A$2:$G$589,2,0),"")
A22: UNIDADES | B22: MATERIA PRIMA SEMIELABORADOS | C22: UNIDADES | D22: UND MEDIDA | E22: COSTO UNITARIO | F22: TOTAL COSTO | G22: % PREC. DEFINIDO | H22: CODIGOS
A23: 2188 | B23: =IFERROR(VLOOKUP(H23,[1]SEMIELABORADOS!$A$2:$M$6000,2,0),"") -> AZUCAR REFINADA (BOLSA:1500g) | C23: =+A23 -> 2188 | D23: =IFERROR(VLOOKUP(H23,[1]SEMIELABORADOS!$A$2:$M$6000,6,0),"") -> Gramo | E23: 0.5 | F23: =IFERROR(E23*C23,"") -> 1094 | G23: =IFERROR(F23/$F$72,"") -> 0.047696837 | H23: 90100132
A24: 38 | B24: =IFERROR(VLOOKUP(H24,[1]SEMIELABORADOS!$A$2:$M$6000,2,0),"") -> EMPAQUE SAL KILO | C24: =+A24 -> 38 | D24: =IFERROR(VLOOKUP(H24,[1]SEMIELABORADOS!$A$2:$M$6000,6,0),"") -> Gramo | E24: 0.31 | F24: =IFERROR(E24*C24,"") -> 11.78 | G24: =IFERROR(F24/$F$72,"") -> 0.00051359117 | H24: 90100142
A25: 478 | B25: =IFERROR(VLOOKUP(H25,[1]SEMIELABORADOS!$A$2:$M$6000,2,0),"") -> EMPAQUE ALMIDON MODIFICADO KILO | C25: =+A25 -> 478 | D25: =IFERROR(VLOOKUP(H25,[1]SEMIELABORADOS!$A$2:$M$6000,6,0),"") -> Gramo | E25: 2.11 | F25: =IFERROR(E25*C25,"") -> 1008.58 | G25: =IFERROR(F25/$F$72,"") -> 0.043972647 | H25: 90100129
B26: =IFERROR(VLOOKUP(H26,[1]SEMIELABORADOS!$A$2:$M$6000,2,0),"") | C26: =+A26 -> 0 | D26: =IFERROR(VLOOKUP(H26,[1]SEMIELABORADOS!$A$2:$M$6000,6,0),"") | E26: =IFERROR(VLOOKUP(H26,[1]SEMIELABORADOS!$A$2:$H$65536,8,0),"") | F26: =IFERROR(E26*C26,"") | G26: =IFERROR(F26/$F$72,"")
B27: =IFERROR(VLOOKUP(H27,[1]SEMIELABORADOS!$A$2:$M$6000,2,0),"") | C27: =+A27 -> 0 | D27: =IFERROR(VLOOKUP(H27,[1]SEMIELABORADOS!$A$2:$M$6000,6,0),"") | E27: =IFERROR(VLOOKUP(H27,[1]SEMIELABORADOS!$A$2:$H$65536,8,0),"") | F27: =IFERROR(E27*C27,"") | G27: =IFERROR(F27/$F$72,"")
B28: =IFERROR(VLOOKUP(H28,[1]SEMIELABORADOS!$A$2:$M$6000,2,0),"") | C28: =+A28 -> 0 | D28: =IFERROR(VLOOKUP(H28,[1]SEMIELABORADOS!$A$2:$M$6000,6,0),"") | E28: =IFERROR(VLOOKUP(H28,[1]SEMIELABORADOS!$A$2:$H$65536,8,0),"") | F28: =IFERROR(E28*C28,"") | G28: =IFERROR(F28/$F$72,"")
B29: =IFERROR(VLOOKUP(H29,[1]SEMIELABORADOS!$A$2:$M$6000,2,0),"") | C29: =+A29 -> 0 | D29: =IFERROR(VLOOKUP(H29,[1]SEMIELABORADOS!$A$2:$M$6000,6,0),"") | E29: =IFERROR(VLOOKUP(H29,[1]SEMIELABORADOS!$A$2:$H$65536,8,0),"") | F29: =IFERROR(E29*C29,"") | G29: =IFERROR(F29/$F$72,"")
B30: =IFERROR(VLOOKUP(H30,[1]SEMIELABORADOS!$A$2:$M$6000,2,0),"") | C30: =+A30 -> 0 | D30: =IFERROR(VLOOKUP(H30,[1]SEMIELABORADOS!$A$2:$M$6000,6,0),"") | E30: =IFERROR(VLOOKUP(H30,[1]SEMIELABORADOS!$A$2:$H$65536,8,0),"") | F30: =IFERROR(E30*C30,"") | G30: =IFERROR(F30/$F$72,"")
A32: UNIDADES | B32: EMPAQUE | C32: UNIDADES | D32: UND MEDIDA | E32: COSTO UNITARIO | F32: TOTAL COSTO | G32: % PREC. DEFINIDO | H32: CODIGOS
A33: 2 | B33: =IFERROR(VLOOKUP(H33,'[1]Consolidado MP Planta'!$A$2:$M$823,3,0),"") -> ETIQUETA BLANCA 2 5/8X1 15/16 (UND) | C33: =+A33 -> 2 | D33: =IFERROR(VLOOKUP(H33,'[1]Consolidado MP Planta'!$A$2:$M$823,13,0),"") -> Und | E33: =IFERROR(VLOOKUP(H33,'[1]Consolidado MP Planta'!$A$2:$M$823,12,0),"") -> 2.128 | F33: =IFERROR(C33*E33,"") -> 4.256 | G33: =IFERROR(F33/$F$72,"") -> 0.00018555552 | H33: 0702123
B34: =IFERROR(VLOOKUP(H34,'[1]Consolidado MP Planta'!$A$2:$M$823,3,0),"") | C34: =+A34 -> 0 | D34: =IFERROR(VLOOKUP(H34,'[1]Consolidado MP Planta'!$A$2:$M$823,13,0),"") | E34: =IFERROR(VLOOKUP(H34,'[1]Consolidado MP Planta'!$A$2:$M$823,12,0),"") | F34: =IFERROR(C34*E34,"") | G34: =IFERROR(F34/$F$72,"")
B35: =IFERROR(VLOOKUP(H35,'[1]Consolidado MP Planta'!$A$2:$M$823,3,0),"") | C35: =+A35 -> 0 | D35: =IFERROR(VLOOKUP(H35,'[1]Consolidado MP Planta'!$A$2:$M$823,13,0),"") | E35: =IFERROR(VLOOKUP(H35,'[1]Consolidado MP Planta'!$A$2:$M$823,12,0),"") | F35: =IFERROR(C35*E35,"") | G35: =IFERROR(F35/$F$72,"")
B36: =IFERROR(VLOOKUP(H36,'[1]Consolidado MP Planta'!$A$2:$M$823,3,0),"") | C36: =+A36 -> 0 | D36: =IFERROR(VLOOKUP(H36,'[1]Consolidado MP Planta'!$A$2:$M$823,13,0),"") | E36: =IFERROR(VLOOKUP(H36,'[1]Consolidado MP Planta'!$A$2:$M$823,12,0),"") | F36: =IFERROR(C36*E36,"") | G36: =IFERROR(F36/$F$72,"")
B37: =IFERROR(VLOOKUP(H37,'[1]Consolidado MP Planta'!$A$2:$M$823,3,0),"") | C37: =+A37 -> 0 | D37: =IFERROR(VLOOKUP(H37,'[1]Consolidado MP Planta'!$A$2:$M$823,13,0),"") | E37: =IFERROR(VLOOKUP(H37,'[1]Consolidado MP Planta'!$A$2:$M$823,12,0),"") | F37: =IFERROR(C37*E37,"") | G37: =IFERROR(F37/$F$72,"")
B38: =IFERROR(VLOOKUP(H38,'[1]Consolidado MP Planta'!$A$2:$M$823,3,0),"") | C38: =+A38 -> 0 | D38: =IFERROR(VLOOKUP(H38,'[1]Consolidado MP Planta'!$A$2:$M$823,13,0),"") | E38: =IFERROR(VLOOKUP(H38,'[1]Consolidado MP Planta'!$A$2:$M$823,12,0),"") | F38: =IFERROR(C38*E38,"") | G38: =IFERROR(F38/$F$72,"")
A40: UNIDADES | B40: EMPAQUE SEMIELABORADOS | C40: UNIDADES | D40: UND MEDIDA | E40: COSTO UNITARIO | F40: TOTAL COSTO | G40: % PREC. DEFINIDO | H40: CODIGOS
A41: =+A23 -> 2188 | B41: =IFERROR(VLOOKUP(H41,[1]SEMIELABORADOS!$A$2:$M$6000,2,0),"") -> AZUCAR REFINADA (BOLSA:1500g) | C41: =+A41 -> 2188 | D41: =IFERROR(VLOOKUP(H41,[1]SEMIELABORADOS!$A$2:$M$6000,6,0),"") -> Gramo | E41: 0.02 | F41: =IFERROR(E41*C41,"") -> 43.76 | G41: =IFERROR(F41/$F$72,"") -> 0.0019078735 | H41: 90100132
A42: =+A24 -> 38 | B42: =IFERROR(VLOOKUP(H42,[1]SEMIELABORADOS!$A$2:$M$6000,2,0),"") -> EMPAQUE SAL KILO | C42: =+A42 -> 38 | D42: =IFERROR(VLOOKUP(H42,[1]SEMIELABORADOS!$A$2:$M$6000,6,0),"") -> Gramo | E42: 0.01 | F42: =IFERROR(E42*C42,"") -> 0.38 | G42: =IFERROR(F42/$F$72,"") -> 1.6567457e-05 | H42: 90100142
A43: =+A25 -> 478 | B43: =IFERROR(VLOOKUP(H43,[1]SEMIELABORADOS!$A$2:$M$6000,2,0),"") -> EMPAQUE ALMIDON MODIFICADO KILO | C43: =+A43 -> 478 | D43: =IFERROR(VLOOKUP(H43,[1]SEMIELABORADOS!$A$2:$M$6000,6,0),"") -> Gramo | E43: 0.01 | F43: =IFERROR(E43*C43,"") -> 4.78 | G43: =IFERROR(F43/$F$72,"") -> 0.00020840117 | H43: 90100129
A44: =+A26 -> 0 | B44: =IFERROR(VLOOKUP(H44,[1]SEMIELABORADOS!$A$2:$M$6000,2,0),"") | C44: =+A44 -> 0 | D44: =IFERROR(VLOOKUP(H44,[1]SEMIELABORADOS!$A$2:$M$6000,6,0),"") | E44: =IFERROR(VLOOKUP(H44,[1]SEMIELABORADOS!$A$2:$M$65536,10,0),"") | F44: =IFERROR(E44*C44,"") | G44: =IFERROR(F44/$F$72,"")
A45: =+A27 -> 0 | B45: =IFERROR(VLOOKUP(H45,[1]SEMIELABORADOS!$A$2:$M$6000,2,0),"") | C45: =+A45 -> 0 | D45: =IFERROR(VLOOKUP(H45,[1]SEMIELABORADOS!$A$2:$M$6000,6,0),"") | E45: =IFERROR(VLOOKUP(H45,[1]SEMIELABORADOS!$A$2:$M$65536,10,0),"") | F45: =IFERROR(E45*C45,"") | G45: =IFERROR(F45/$F$72,"")
A46: =+A28 -> 0 | B46: =IFERROR(VLOOKUP(H46,[1]SEMIELABORADOS!$A$2:$M$6000,2,0),"") | C46: =+A46 -> 0 | D46: =IFERROR(VLOOKUP(H46,[1]SEMIELABORADOS!$A$2:$M$6000,6,0),"") | E46: =IFERROR(VLOOKUP(H46,[1]SEMIELABORADOS!$A$2:$M$65536,10,0),"") | F46: =IFERROR(E46*C46,"") | G46: =IFERROR(F46/$F$72,"")
A47: =+A29 -> 0 | B47: =IFERROR(VLOOKUP(H47,[1]SEMIELABORADOS!$A$2:$M$6000,2,0),"") | C47: =+A47 -> 0 | D47: =IFERROR(VLOOKUP(H47,[1]SEMIELABORADOS!$A$2:$M$6000,6,0),"") | E47: =IFERROR(VLOOKUP(H47,[1]SEMIELABORADOS!$A$2:$M$65536,10,0),"") | F47: =IFERROR(E47*C47,"") | G47: =IFERROR(F47/$F$72,"")
A49: UNIDADES | B49: MODI | C49: UNIDADES | D49: UND MEDIDA | E49: COSTO UNITARIO | F49: TOTAL COSTO | G49: % PREC. DEFINIDO | H49: CODIGOS
A50: =+A41 -> 2188 | B50: =IFERROR(VLOOKUP(H50,[1]SEMIELABORADOS!$A$2:$M$6000,2,0),"") -> AZUCAR REFINADA (BOLSA:1500g) | C50: =+A50 -> 2188 | D50: =IFERROR(VLOOKUP(H50,[1]SEMIELABORADOS!$A$2:$M$6000,6,0),"") -> Gramo | E50: 0.08 | F50: =IFERROR(E50*C50,"") -> 175.04 | G50: =IFERROR(F50/$F$72,"") -> 0.007631494 | H50: 90100132
A51: =+A42 -> 38 | B51: =IFERROR(VLOOKUP(H51,[1]SEMIELABORADOS!$A$2:$M$6000,2,0),"") -> EMPAQUE SAL KILO | C51: =+A51 -> 38 | D51: =IFERROR(VLOOKUP(H51,[1]SEMIELABORADOS!$A$2:$M$6000,6,0),"") -> Gramo | E51: 0.06 | F51: =IFERROR(E51*C51,"") -> 2.28 | G51: =IFERROR(F51/$F$72,"") -> 9.9404743e-05 | H51: 90100142
A52: =+A43 -> 478 | B52: =IFERROR(VLOOKUP(H52,[1]SEMIELABORADOS!$A$2:$M$6000,2,0),"") -> EMPAQUE ALMIDON MODIFICADO KILO | C52: =+A52 -> 478 | D52: =IFERROR(VLOOKUP(H52,[1]SEMIELABORADOS!$A$2:$M$6000,6,0),"") -> Gramo | E52: 0.01 | F52: =IFERROR(E52*C52,"") -> 4.78 | G52: =IFERROR(F52/$F$72,"") -> 0.00020840117 | H52: 90100129
A53: =+A44 -> 0 | B53: =IFERROR(VLOOKUP(H53,[1]SEMIELABORADOS!$A$2:$M$6000,2,0),"") | C53: =+A53 -> 0 | D53: =IFERROR(VLOOKUP(H53,[1]SEMIELABORADOS!$A$2:$M$6000,6,0),"") | E53: =IFERROR(VLOOKUP(H53,[1]SEMIELABORADOS!$A$2:$M$65536,12,0),"") | F53: =IFERROR(E53*C53,"") | G53: =IFERROR(F53/$F$72,"")
A54: =+A45 -> 0 | B54: =IFERROR(VLOOKUP(H54,[1]SEMIELABORADOS!$A$2:$M$6000,2,0),"") | C54: =+A54 -> 0 | D54: =IFERROR(VLOOKUP(H54,[1]SEMIELABORADOS!$A$2:$M$6000,6,0),"") | E54: =IFERROR(VLOOKUP(H54,[1]SEMIELABORADOS!$A$2:$M$65536,12,0),"") | F54: =IFERROR(E54*C54,"") | G54: =IFERROR(F54/$F$72,"")
A55: =+A46 -> 0 | B55: =IFERROR(VLOOKUP(H55,[1]SEMIELABORADOS!$A$2:$M$6000,2,0),"") | C55: =+A55 -> 0 | D55: =IFERROR(VLOOKUP(H55,[1]SEMIELABORADOS!$A$2:$M$6000,6,0),"") | E55: =IFERROR(VLOOKUP(H55,[1]SEMIELABORADOS!$A$2:$M$65536,12,0),"") | F55: =IFERROR(E55*C55,"") | G55: =IFERROR(F55/$F$72,"")
A56: =+A47 -> 0 | B56: =IFERROR(VLOOKUP(H56,[1]SEMIELABORADOS!$A$2:$M$6000,2,0),"") | C56: =+A56 -> 0 | D56: =IFERROR(VLOOKUP(H56,[1]SEMIELABORADOS!$A$2:$M$6000,6,0),"") | E56: =IFERROR(VLOOKUP(H56,[1]SEMIELABORADOS!$A$2:$M$65536,12,0),"") | F56: =IFERROR(E56*C56,"") | G56: =IFERROR(F56/$F$72,"")
A57: 1 | B57: MODI PREPARACION | C57: =+A57 -> 1 | D57: N/A | E57: =+F71 -> 770 | F57: =IFERROR(C57*E57,"") -> 770 | G57: =IFERROR(F57/$F$72,"") -> 0.0335709
B59: TOTAL MATERIA PRIMA | F59: =SUM(F8:F20,F23:F30) -> 21679.76 | G59: =+F59/$F$72 -> 0.94520657 | H59: =+F59/$D$66 -> 21679.76
B60: TOTAL EMPAQUE | F60: =SUM(F33:F38,F41:F47) -> 53.176 | G60: =+F60/$F$72 -> 0.0023183976 | H60: =+F60/$D$66 -> 53.176 | K60: TOTAL MATERIA PRIMA + EMPAQUE | O60: =+F61 -> 21732.936
B61: TOTAL MATERIAS P. + EMPAQUES | F61: =+F59+F60 -> 21732.936 | G61: =+F61/$F$72 -> 0.94752497 | H61: =+F61/$D$66 -> 21732.936 | M61: MODI PLANTA | O61: =+H62 -> 952.1
C62: TOTAL MODI | F62: =SUM(F50:F57) -> 952.1 | G62: =+F62/$F$72 -> 0.0415102 | H62: =+F62/$D$66 -> 952.1 | M62: DESECHO | O62: =O60*N62 -> 0
M63: COSTO PLANTA | O63: =SUM(O60:O62) -> 22685.036
B64: GRAMOS | D64: 10000 | H64: =+H62/77 -> 12.364935 | M64: % GIF | O64: =+H65 -> 791.35584
B65: PESO POR UNIDAD | D65: 10000 | H65: =+H64*64 -> 791.35584 | M65: COSTO PLANTA | O65: =SUM(O63:O64) -> 23476.392
B66: UNIDADES TOTALES | D66: =+D64/D65 -> 1 | O66: =+O65*N66 -> 0
B67: UNIDAD MEDIDA | K67: PRECIO DE VENTA PLANTA A LOCAL | O67: =SUM(O65:O66) -> 23476.392 | P67: GR
E68: S/ COSTO | F68: TOTAL | L68: UNIDAD | O68: =+O67/D66 -> 23476.392 | P68: =+O68/D65 -> 2.3476392
B69: TOTAL MATERIAS P. + EMPAQUES | E69: =+F69/F69 -> 1 | F69: =SUM(F61) -> 21732.936 | G69: =+F69/$F$72 -> 0.94752497
B70: DESECHOS Y PERDIDAS | E70: 0.02 | F70: =+F59*E70 -> 433.5952 | G70: =+F70/$F$72 -> 0.018904131
B71: MANO OBRA DIRECTA | D71: 10 | E71: 77 | F71: =+E71*D71 -> 770 | G71: =+F71/$F$72 -> 0.0335709
B72: TOTAL COSTO PLANTA | F72: =SUM(F69:F71) -> 22936.531 | G72: =+F72/$F$72 -> 1 | M72: MODI 77 COLONES X MIN
M73: Gf 64 colones min
B74: COSTO POR GRAMO | M74: ,
B75: TOTAL COSTO MATERIA PRIMA | C75: =+F59 -> 21679.76 | D75: =+D64 -> 10000 | E75: =+C75/D75 -> 2.167976
B77: TOTAL COSTO UNIDAD MP+DESECHO+EMPAQUE | C77: =SUM(F69:F70) -> 22166.531 | D77: =+D64 -> 10000 | E77: =+C77/D77 -> 2.2166531
B79: TOTAL MODI PREPARACION POR GRAMO | C79: =+F71 -> 770 | D79: =+D64 -> 10000 | E79: =+C79/D79 -> 0.077
B80: TOTAL MODI POR GRAMO | C80: =+F62 -> 952.1 | D80: =+D79 -> 10000 | E80: =+C80/D80 -> 0.09521
B82: TOTAL EMPAQUE POR GRAMO | C82: =+F60 -> 53.176 | D82: =+D80 -> 10000 | E82: =+C82/D82 -> 0.0053176
B84: TOTAL GRAMO MP+MODI | E84: =+E75+E80 -> 2.263186
B86: COSTO POR UNIDAD
B87: TOTAL COSTO MATERIA PRIMA | C87: =+C75 -> 21679.76 | D87: =+D66 -> 1 | E87: =+C87/D87 -> 21679.76
B89: TOTAL COSTO UNIDAD MP+DESECHO+EMPAQUE | C89: =+C77 -> 22166.531 | D89: =+D66 -> 1 | E89: =+C89/D89 -> 22166.531
B91: TOTAL MODI POR GRAMO | C91: =+C79 -> 770 | D91: =+D66 -> 1 | E91: =+C91/D91 -> 770
B92: TOTAL MODI POR GRAMO | C92: =+C80 -> 952.1 | D92: =+D91 -> 1 | E92: =+C92/D92 -> 952.1

Sheet RELLENO CK Y MANJAR
C1: SERVICIOS DE PASTELERIA S.A. | H1: CÓDIGO:
C2: ESPECIFICACION DE RECETA | H2: REVISIÓN:
C3: RELLENO DE CHEESECAKE Y MANJAR | H3: FECHA DE APROBACIÓN:
C4: Elaborado | D4: Javier Tong, Chef
C5: Aprobado | D5: Esteban Cartin, Gte Manufactura
A6: AREA QUE PRODUCE: | D6: Postres | G6: AREA QUE EMPACA: | I6: Postres
A8: # Código | B8: # Codigo Netsuite | C8: Descripción del ingrediente | D8: Marca | E8: Unidad Internacional | G8: Medida alternativa | I8: Costo - Referencia
E9: Cantidad | F9: Unidad medida | G9: Cantidad | H9: Unidad medida | I9: Colones
A10: 1730660 | B10: MP10046 | C10: QUESO CREMA PANADERO (CAJA =5 KILOS ) | D10: DOS PINOS | E10: 3500 | F10: g | K10: =SUM(E10:E16) -> 10378.03
A11: 11400066 | B11: MP10007 | C11: Manjar Leche Condensada | D11: NESTLE | E11: 3500 | F11: g
A12: 11400031 | B12: MP10048 | C12: Crema Prestige Grand | D12: RICHS | E12: 2700 | F12: g
A13: 0101132 | B13: MP10239 | C13: Limon En Polvo | D13: NIUCO | E13: 3.030303 | F13: g
A14: 1100022 | B14: MP10043 | C14: Gelatina Pura | D14: DESINID MAYCA | E14: 60 | F14: g
C15: AGUA | D15: FAS | E15: 600 | F15: g
A16: 1212410 | B16: MP10008 | C16: PRESERVANTE 1047S (PAQ=5 KILO) | D16: ASEAL | E16: 15 | F16: g
A18: 512000002 | B18: EM10259 | C18: PLAST. AUTOAD 18 * 2000 | D18: Mayca | E18: 20 | F18: cm
A19: 0702069 | B19: EM10002 | C19: ETIQ.BLANCA 1 1/4 * 3/4 | D19: Cemusa | E19: 1 | F19: ud
D22: Cantidad | E22: Unidad
A23: PESO TOTAL OBTENIDO | D23: 10378 | E23: g | F23: Tiempo de Horneo:
A24: TIEMPO TOTAL DE PREPARACION | D24: 10 | E24: min | F24: Horno:
A25: CANTIDAD DE PORCIONES OBTENIDAS | D25: 1 | E25: Tanda | F25: Temperatura de Horneo:
A26: PESO POR PORCION | D26: =+D23 -> 10378 | E26: g | F26: Otros
A27: MERMA | D27: =SUM(E10:E16)-D23 -> 0.03030303 | E27: g
A28: PROCEDIMIENTO DE PREPARACION DE LA RECETA
A29: 1.- Colocar en la batidora el queso, preservante, manjar y limon en polvo. batir a maxima velocidad por 2 a 3 minutos. Hasta que la mezcla quede homogenea. Agregar la crema prestie y batir por 3 min mas hasta homogeneo.
A30: 2.- Disolver la gelatina en agua y agregar a la mezcla, baitr en velocidad 2 por 1 minuto.
A31: 3.- Limpiar bordes, mezclar 10 segundos y trasvasar. Utilizar de inmediato
A35: Control de cambios

Sheet Costo relleno CK y Manjar 
E1: Precio Local | F1: Costo MP | G1: Costo EM | H1: Costo MO
E2: =IFERROR(O68,"") -> 27706.43 | F2: =IFERROR(H59,"") -> 26295.85 | G2: =IFERROR(H60,"") -> 0.58 | H2: =IFERROR(H62,"") -> 770
A5: ESTRUCTURA DE COSTOS
F6: Fecha: | H6: =TODAY() -> 45831
A7: UNIDADES | B7: DESCRIPCION MAT.PRIMA | C7: UNIDADES | D7: UND MEDIDA | E7: COSTO UNITARIO | F7: TOTAL COSTO | G7: % PREC. DEFINIDO | H7: CODIGOS
A8: 3500 | B8: =IFERROR(VLOOKUP(H8,'[1]Consolidado MP Planta'!$A$2:$M$823,3,0),"") -> QUESO CREMA PANADERO (CAJA: 5 K) | C8: =+A8 -> 3500 | D8: =IFERROR(VLOOKUP(H8,'[1]Consolidado MP Planta'!$A$2:$M$823,13,0),"") -> Gramos | E8: 3.07 | F8: =IFERROR(C8*E8,"") -> 10745 | G8: =IFERROR(F8/$F$72,"") -> 0.38941957 | H8: 1730660
A9: 3500 | B9: Manjar Leche Condensada | C9: =+A9 -> 3500 | D9: Gramos | E9: 2.56 | F9: =IFERROR(C9*E9,"") -> 8960 | G9: =IFERROR(F9/$F$72,"") -> 0.32472772 | H9: 11400066
A10: 2700 | B10: =IFERROR(VLOOKUP(H10,'[1]Consolidado MP Planta'!$A$2:$M$823,3,0),"") -> CREMA PRESTIGE GRAND (UND:4 K) * | C10: =+A10 -> 2700 | D10: =IFERROR(VLOOKUP(H10,'[1]Consolidado MP Planta'!$A$2:$M$823,13,0),"") -> Gramos | E10: 2.09 | F10: =IFERROR(C10*E10,"") -> 5643 | G10: =IFERROR(F10/$F$72,"") -> 0.20451323 | H10: 11400031
A11: 3 | B11: =IFERROR(VLOOKUP(H11,'[1]Consolidado MP Planta'!$A$2:$M$823,3,0),"") -> LIMON EN POLVO (SACO:25 KG) | C11: =+A11 -> 3 | D11: =IFERROR(VLOOKUP(H11,'[1]Consolidado MP Planta'!$A$2:$M$823,13,0),"") -> Gramos | E11: 6 | F11: =IFERROR(C11*E11,"") -> 18 | G11: =IFERROR(F11/$F$72,"") -> 0.0006523548 | H11: 0101132
A12: 60 | B12: Gelatina Pura | C12: =+A12 -> 60 | D12: Gramos | E12: 13.01 | F12: =IFERROR(C12*E12,"") -> 780.6 | G12: =IFERROR(F12/$F$72,"") -> 0.028290453 | H12: 1100022
A13: 15 | B13: =IFERROR(VLOOKUP(H13,'[1]Consolidado MP Planta'!$A$2:$M$823,3,0),"") -> PRESERVANTE 1047S (PAQ=5 KILO) | C13: =+A13 -> 15 | D13: =IFERROR(VLOOKUP(H13,'[1]Consolidado MP Planta'!$A$2:$M$823,13,0),"") -> Gramos | E13: 9.95 | F13: =IFERROR(C13*E13,"") -> 149.25 | G13: =IFERROR(F13/$F$72,"") -> 0.0054091085 | H13: 1212410
B14: =IFERROR(VLOOKUP(H14,'[1]Consolidado MP Planta'!$A$2:$M$823,3,0),"") | C14: =+A14 -> 0 | D14: =IFERROR(VLOOKUP(H14,'[1]Consolidado MP Planta'!$A$2:$M$823,13,0),"") | E14: =IFERROR(VLOOKUP(H14,'[1]Consolidado MP Planta'!$A$2:$M$823,12,0),"") | F14: =IFERROR(C14*E14,"") | G14: =IFERROR(F14/$F$72,"")
B15: =IFERROR(VLOOKUP(H15,'[1]Consolidado MP Planta'!$A$2:$M$823,3,0),"") | C15: =+A15 -> 0 | D15: =IFERROR(VLOOKUP(H15,'[1]Consolidado MP Planta'!$A$2:$M$823,13,0),"") | E15: =IFERROR(VLOOKUP(H15,'[1]Consolidado MP Planta'!$A$2:$M$823,12,0),"") | F15: =IFERROR(C15*E15,"") | G15: =IFERROR(F15/$F$72,"")
B16: =IFERROR(VLOOKUP(H16,'[1]Consolidado MP Planta'!$A$2:$M$823,3,0),"") | C16: =+A16 -> 0 | D16: =IFERROR(VLOOKUP(H16,'[1]Consolidado MP Planta'!$A$2:$M$823,13,0),"") | E16: =IFERROR(VLOOKUP(H16,'[1]Consolidado MP Planta'!$A$2:$M$823,12,0),"") | F16: =IFERROR(C16*E16,"") | G16: =IFERROR(F16/$F$72,"")
B17: =IFERROR(VLOOKUP(H17,'[1]Consolidado MP Planta'!$A$2:$M$823,3,0),"") | C17: =+A17 -> 0 | D17: =IFERROR(VLOOKUP(H17,'[1]Consolidado MP Planta'!$A$2:$M$823,13,0),"") | E17: =IFERROR(VLOOKUP(H17,'[1]Consolidado MP Planta'!$A$2:$M$823,12,0),"") | F17: =IFERROR(C17*E17,"") | G17: =IFERROR(F17/$F$72,"")
B18: =IFERROR(VLOOKUP(H18,'[1]Consolidado MP Planta'!$A$2:$M$823,3,0),"") | C18: =+A18 -> 0 | D18: =IFERROR(VLOOKUP(H18,'[1]Consolidado MP Planta'!$A$2:$M$823,13,0),"") | E18: =IFERROR(VLOOKUP(H18,'[1]Consolidado MP Planta'!$A$2:$M$823,12,0),"") | F18: =IFERROR(C18*E18,"") | G18: =IFERROR(F18/$F$72,"")
B19: =IFERROR(VLOOKUP(H19,'[1]Consolidado MP Planta'!$A$2:$M$823,3,0),"") | C19: =+A19 -> 0 | D19: =IFERROR(VLOOKUP(H19,'[1]Consolidado MP Planta'!$A$2:$M$823,13,0),"") | E19: =IFERROR(VLOOKUP(H19,'[1]Consolidado MP Planta'!$A$2:$M$823,12,0),"") | F19: =IFERROR(C19*E19,"") | G19: =IFERROR(F19/$F$72,"")
B20: =IFERROR(VLOOKUP(H20,'[1]Consolidado MP Planta'!$A$2:$M$823,3,0),"") | C20: =+A20 -> 0 | D20: =IFERROR(VLOOKUP(H20,'[1]Consolidado MP Planta'!$A$2:$M$823,13,0),"") | E20: =IFERROR(VLOOKUP(H20,'[1]Consolidado MP Planta'!$A$2:$M$823,12,0),"") | F20: =IFERROR(C20*E20,"") | G20: =IFERROR(F20/$F$72,"")
B21: =IFERROR(VLOOKUP(H21,'[2]ARTICULOS MP PLANTA'!$A$2:$G$589,2,0),"")
A22: UNIDADES | B22: MATERIA PRIMA SEMIELABORADOS | C22: UNIDADES | D22: UND MEDIDA | E22: COSTO UNITARIO | F22: TOTAL COSTO | G22: % PREC. DEFINIDO | H22: CODIGOS
B23: =IFERROR(VLOOKUP(H23,[1]SEMIELABORADOS!$A$2:$M$6000,2,0),"") | C23: =+A23 -> 0 | D23: =IFERROR(VLOOKUP(H23,[1]SEMIELABORADOS!$A$2:$M$6000,6,0),"") | E23: =IFERROR(VLOOKUP(H23,[1]SEMIELABORADOS!$A$2:$H$65536,8,0),"") | F23: =IFERROR(E23*C23,"") | G23: =IFERROR(F23/$F$72,"")
B24: =IFERROR(VLOOKUP(H24,[1]SEMIELABORADOS!$A$2:$M$6000,2,0),"") | C24: =+A24 -> 0 | D24: =IFERROR(VLOOKUP(H24,[1]SEMIELABORADOS!$A$2:$M$6000,6,0),"") | E24: =IFERROR(VLOOKUP(H24,[1]SEMIELABORADOS!$A$2:$H$65536,8,0),"") | F24: =IFERROR(E24*C24,"") | G24: =IFERROR(F24/$F$72,"")
B25: =IFERROR(VLOOKUP(H25,[1]SEMIELABORADOS!$A$2:$M$6000,2,0),"") | C25: =+A25 -> 0 | D25: =IFERROR(VLOOKUP(H25,[1]SEMIELABORADOS!$A$2:$M$6000,6,0),"") | E25: =IFERROR(VLOOKUP(H25,[1]SEMIELABORADOS!$A$2:$H$65536,8,0),"") | F25: =IFERROR(E25*C25,"") | G25: =IFERROR(F25/$F$72,"")
B26: =IFERROR(VLOOKUP(H26,[1]SEMIELABORADOS!$A$2:$M$6000,2,0),"") | C26: =+A26 -> 0 | D26: =IFERROR(VLOOKUP(H26,[1]SEMIELABORADOS!$A$2:$M$6000,6,0),"") | E26: =IFERROR(VLOOKUP(H26,[1]SEMIELABORADOS!$A$2:$H$65536,8,0),"") | F26: =IFERROR(E26*C26,"") | G26: =IFERROR(F26/$F$72,"")
B27: =IFERROR(VLOOKUP(H27,[1]SEMIELABORADOS!$A$2:$M$6000,2,0),"") | C27: =+A27 -> 0 | D27: =IFERROR(VLOOKUP(H27,[1]SEMIELABORADOS!$A$2:$M$6000,6,0),"") | E27: =IFERROR(VLOOKUP(H27,[1]SEMIELABORADOS!$A$2:$H$65536,8,0),"") | F27: =IFERROR(E27*C27,"") | G27: =IFERROR(F27/$F$72,"")
B28: =IFERROR(VLOOKUP(H28,[1]SEMIELABORADOS!$A$2:$M$6000,2,0),"") | C28: =+A28 -> 0 | D28: =IFERROR(VLOOKUP(H28,[1]SEMIELABORADOS!$A$2:$M$6000,6,0),"") | E28: =IFERROR(VLOOKUP(H28,[1]SEMIELABORADOS!$A$2:$H$65536,8,0),"") | F28: =IFERROR(E28*C28,"") | G28: =IFERROR(F28/$F$72,"")
B29: =IFERROR(VLOOKUP(H29,[1]SEMIELABORADOS!$A$2:$M$6000,2,0),"") | C29: =+A29 -> 0 | D29: =IFERROR(VLOOKUP(H29,[1]SEMIELABORADOS!$A$2:$M$6000,6,0),"") | E29: =IFERROR(VLOOKUP(H29,[1]SEMIELABORADOS!$A$2:$H$65536,8,0),"") | F29: =IFERROR(E29*C29,"") | G29: =IFERROR(F29/$F$72,"")
B30: =IFERROR(VLOOKUP(H30,[1]SEMIELABORADOS!$A$2:$M$6000,2,0),"") | C30: =+A30 -> 0 | D30: =IFERROR(VLOOKUP(H30,[1]SEMIELABORADOS!$A$2:$M$6000,6,0),"") | E30: =IFERROR(VLOOKUP(H30,[1]SEMIELABORADOS!$A$2:$H$65536,8,0),"") | F30: =IFERROR(E30*C30,"") | G30: =IFERROR(F30/$F$72,"")
A32: UNIDADES | B32: EMPAQUE | C32: UNIDADES | D32: UND MEDIDA | E32: COSTO UNITARIO | F32: TOTAL COSTO | G32: % PREC. DEFINIDO | H32: CODIGOS
A33: 1 | B33: =IFERROR(VLOOKUP(H33,'[1]Consolidado MP Planta'!$A$2:$M$823,3,0),"") -> ETIQ.BLANCA 1 1/4 * 3/4 (UND) | C33: =+A33 -> 1 | D33: =IFERROR(VLOOKUP(H33,'[1]Consolidado MP Planta'!$A$2:$M$823,13,0),"") -> Und | E33: 0.58 | F33: =IFERROR(C33*E33,"") -> 0.58 | G33: =IFERROR(F33/$F$72,"") -> 2.1020321e-05 | H33: 0702069
B34: =IFERROR(VLOOKUP(H34,'[1]Consolidado MP Planta'!$A$2:$M$823,3,0),"") | C34: =+A34 -> 0 | D34: =IFERROR(VLOOKUP(H34,'[1]Consolidado MP Planta'!$A$2:$M$823,13,0),"") | E34: =IFERROR(VLOOKUP(H34,'[1]Consolidado MP Planta'!$A$2:$M$823,12,0),"") | F34: =IFERROR(C34*E34,"") | G34: =IFERROR(F34/$F$72,"")
B35: =IFERROR(VLOOKUP(H35,'[1]Consolidado MP Planta'!$A$2:$M$823,3,0),"") | C35: =+A35 -> 0 | D35: =IFERROR(VLOOKUP(H35,'[1]Consolidado MP Planta'!$A$2:$M$823,13,0),"") | E35: =IFERROR(VLOOKUP(H35,'[1]Consolidado MP Planta'!$A$2:$M$823,12,0),"") | F35: =IFERROR(C35*E35,"") | G35: =IFERROR(F35/$F$72,"")
B36: =IFERROR(VLOOKUP(H36,'[1]Consolidado MP Planta'!$A$2:$M$823,3,0),"") | C36: =+A36 -> 0 | D36: =IFERROR(VLOOKUP(H36,'[1]Consolidado MP Planta'!$A$2:$M$823,13,0),"") | E36: =IFERROR(VLOOKUP(H36,'[1]Consolidado MP Planta'!$A$2:$M$823,12,0),"") | F36: =IFERROR(C36*E36,"") | G36: =IFERROR(F36/$F$72,"")
B37: =IFERROR(VLOOKUP(H37,'[1]Consolidado MP Planta'!$A$2:$M$823,3,0),"") | C37: =+A37 -> 0 | D37: =IFERROR(VLOOKUP(H37,'[1]Consolidado MP Planta'!$A$2:$M$823,13,0),"") | E37: =IFERROR(VLOOKUP(H37,'[1]Consolidado MP Planta'!$A$2:$M$823,12,0),"") | F37: =IFERROR(C37*E37,"") | G37: =IFERROR(F37/$F$72,"")
B38: =IFERROR(VLOOKUP(H38,'[1]Consolidado MP Planta'!$A$2:$M$823,3,0),"") | C38: =+A38 -> 0 | D38: =IFERROR(VLOOKUP(H38,'[1]Consolidado MP Planta'!$A$2:$M$823,13,0),"") | E38: =IFERROR(VLOOKUP(H38,'[1]Consolidado MP Planta'!$A$2:$M$823,12,0),"") | F38: =IFERROR(C38*E38,"") | G38: =IFERROR(F38/$F$72,"")
A40: UNIDADES | B40: EMPAQUE SEMIELABORADOS | C40: UNIDADES | D40: UND MEDIDA | E40: COSTO UNITARIO | F40: TOTAL COSTO | G40: % PREC. DEFINIDO | H40: CODIGOS
A41: =+A23 -> 0 | B41: =IFERROR(VLOOKUP(H41,[1]SEMIELABORADOS!$A$2:$M$6000,2,0),"") | C41: =+A41 -> 0 | D41: =IFERROR(VLOOKUP(H41,[1]SEMIELABORADOS!$A$2:$M$6000,6,0),"") | E41: =IFERROR(VLOOKUP(H41,[1]SEMIELABORADOS!$A$2:$M$65536,10,0),"") | F41: =IFERROR(E41*C41,"") | G41: =IFERROR(F41/$F$72,"")
A42: =+A24 -> 0 | B42: =IFERROR(VLOOKUP(H42,[1]SEMIELABORADOS!$A$2:$M$6000,2,0),"") | C42: =+A42 -> 0 | D42: =IFERROR(VLOOKUP(H42,[1]SEMIELABORADOS!$A$2:$M$6000,6,0),"") | E42: =IFERROR(VLOOKUP(H42,[1]SEMIELABORADOS!$A$2:$M$65536,10,0),"") | F42: =IFERROR(E42*C42,"") | G42: =IFERROR(F42/$F$72,"")
A43: =+A25 -> 0 | B43: =IFERROR(VLOOKUP(H43,[1]SEMIELABORADOS!$A$2:$M$6000,2,0),"") | C43: =+A43 -> 0 | D43: =IFERROR(VLOOKUP(H43,[1]SEMIELABORADOS!$A$2:$M$6000,6,0),"") | E43: =IFERROR(VLOOKUP(H43,[1]SEMIELABORADOS!$A$2:$M$65536,10,0),"") | F43: =IFERROR(E43*C43,"") | G43: =IFERROR(F43/$F$72,"")
A44: =+A26 -> 0 | B44: =IFERROR(VLOOKUP(H44,[1]SEMIELABORADOS!$A$2:$M$6000,2,0),"") | C44: =+A44 -> 0 | D44: =IFERROR(VLOOKUP(H44,[1]SEMIELABORADOS!$A$2:$M$6000,6,0),"") | E44: =IFERROR(VLOOKUP(H44,[1]SEMIELABORADOS!$A$2:$M$65536,10,0),"") | F44: =IFERROR(E44*C44,"") | G44: =IFERROR(F44/$F$72,"")
A45: =+A27 -> 0 | B45: =IFERROR(VLOOKUP(H45,[1]SEMIELABORADOS!$A$2:$M$6000,2,0),"") | C45: =+A45 -> 0 | D45: =IFERROR(VLOOKUP(H45,[1]SEMIELABORADOS!$A$2:$M$6000,6,0),"") | E45: =IFERROR(VLOOKUP(H45,[1]SEMIELABORADOS!$A$2:$M$65536,10,0),"") | F45: =IFERROR(E45*C45,"") | G45: =IFERROR(F45/$F$72,"")
A46: =+A28 -> 0 | B46: =IFERROR(VLOOKUP(H46,[1]SEMIELABORADOS!$A$2:$M$6000,2,0),"") | C46: =+A46 -> 0 | D46: =IFERROR(VLOOKUP(H46,[1]SEMIELABORADOS!$A$2:$M$6000,6,0),"") | E46: =IFERROR(VLOOKUP(H46,[1]SEMIELABORADOS!$A$2:$M$65536,10,0),"") | F46: =IFERROR(E46*C46,"") | G46: =IFERROR(F46/$F$72,"")
A47: =+A29 -> 0 | B47: =IFERROR(VLOOKUP(H47,[1]SEMIELABORADOS!$A$2:$M$6000,2,0),"") | C47: =+A47 -> 0 | D47: =IFERROR(VLOOKUP(H47,[1]SEMIELABORADOS!$A$2:$M$6000,6,0),"") | E47: =IFERROR(VLOOKUP(H47,[1]SEMIELABORADOS!$A$2:$M$65536,10,0),"") | F47: =IFERROR(E47*C47,"") | G47: =IFERROR(F47/$F$72,"")
A49: UNIDADES | B49: MODI | C49: UNIDADES | D49: UND MEDIDA | E49: COSTO UNITARIO | F49: TOTAL COSTO | G49: % PREC. DEFINIDO | H49: CODIGOS
A50: =+A41 -> 0 | B50: =IFERROR(VLOOKUP(H50,[1]SEMIELABORADOS!$A$2:$M$6000,2,0),"") | C50: =+A50 -> 0 | D50: =IFERROR(VLOOKUP(H50,[1]SEMIELABORADOS!$A$2:$M$6000,6,0),"") | E50: =IFERROR(VLOOKUP(H50,[1]SEMIELABORADOS!$A$2:$M$65536,12,0),"") | F50: =IFERROR(E50*C50,"") | G50: =IFERROR(F50/$F$72,"")
A51: =+A42 -> 0 | B51: =IFERROR(VLOOKUP(H51,[1]SEMIELABORADOS!$A$2:$M$6000,2,0),"") | C51: =+A51 -> 0 | D51: =IFERROR(VLOOKUP(H51,[1]SEMIELABORADOS!$A$2:$M$6000,6,0),"") | E51: =IFERROR(VLOOKUP(H51,[1]SEMIELABORADOS!$A$2:$M$65536,12,0),"") | F51: =IFERROR(E51*C51,"") | G51: =IFERROR(F51/$F$72,"")
A52: =+A43 -> 0 | B52: =IFERROR(VLOOKUP(H52,[1]SEMIELABORADOS!$A$2:$M$6000,2,0),"") | C52: =+A52 -> 0 | D52: =IFERROR(VLOOKUP(H52,[1]SEMIELABORADOS!$A$2:$M$6000,6,0),"") | E52: =IFERROR(VLOOKUP(H52,[1]SEMIELABORADOS!$A$2:$M$65536,12,0),"") | F52: =IFERROR(E52*C52,"") | G52: =IFERROR(F52/$F$72,"")
A53: =+A44 -> 0 | B53: =IFERROR(VLOOKUP(H53,[1]SEMIELABORADOS!$A$2:$M$6000,2,0),"") | C53: =+A53 -> 0 | D53: =IFERROR(VLOOKUP(H53,[1]SEMIELABORADOS!$A$2:$M$6000,6,0),"") | E53: =IFERROR(VLOOKUP(H53,[1]SEMIELABORADOS!$A$2:$M$65536,12,0),"") | F53: =IFERROR(E53*C53,"") | G53: =IFERROR(F53/$F$72,"")
A54: =+A45 -> 0 | B54: =IFERROR(VLOOKUP(H54,[1]SEMIELABORADOS!$A$2:$M$6000,2,0),"") | C54: =+A54 -> 0 | D54: =IFERROR(VLOOKUP(H54,[1]SEMIELABORADOS!$A$2:$M$6000,6,0),"") | E54: =IFERROR(VLOOKUP(H54,[1]SEMIELABORADOS!$A$2:$M$65536,12,0),"") | F54: =IFERROR(E54*C54,"") | G54: =IFERROR(F54/$F$72,"")
A55: =+A46 -> 0 | B55: =IFERROR(VLOOKUP(H55,[1]SEMIELABORADOS!$A$2:$M$6000,2,0),"") | C55: =+A55 -> 0 | D55: =IFERROR(VLOOKUP(H55,[1]SEMIELABORADOS!$A$2:$M$6000,6,0),"") | E55: =IFERROR(VLOOKUP(H55,[1]SEMIELABORADOS!$A$2:$M$65536,12,0),"") | F55: =IFERROR(E55*C55,"") | G55: =IFERROR(F55/$F$72,"")
A56: =+A47 -> 0 | B56: =IFERROR(VLOOKUP(H56,[1]SEMIELABORADOS!$A$2:$M$6000,2,0),"") | C56: =+A56 -> 0 | D56: =IFERROR(VLOOKUP(H56,[1]SEMIELABORADOS!$A$2:$M$6000,6,0),"") | E56: =IFERROR(VLOOKUP(H56,[1]SEMIELABORADOS!$A$2:$M$65536,12,0),"") | F56: =IFERROR(E56*C56,"") | G56: =IFERROR(F56/$F$72,"")
A57: 1 | B57: MODI PREPARACION | C57: =+A57 -> 1 | D57: N/A | E57: =+F71 -> 770 | F57: =IFERROR(C57*E57,"") -> 770 | G57: =IFERROR(F57/$F$72,"") -> 0.027906289
B59: TOTAL MATERIA PRIMA | F59: =SUM(F8:F20,F23:F30) -> 26295.85 | G59: =+F59/$F$72 -> 0.95301244 | H59: =+F59/$D$66 -> 26295.85
B60: TOTAL EMPAQUE | F60: =SUM(F33:F38,F41:F47) -> 0.58 | G60: =+F60/$F$72 -> 2.1020321e-05 | H60: =+F60/$D$66 -> 0.58 | K60: TOTAL MATERIA PRIMA + EMPAQUE | O60: =+F61 -> 26296.43
B61: TOTAL MATERIAS P. + EMPAQUES | F61: =+F59+F60 -> 26296.43 | G61: =+F61/$F$72 -> 0.95303346 | H61: =+F61/$D$66 -> 26296.43 | M61: MODI PLANTA | O61: =+H62 -> 770
C62: TOTAL MODI | F62: =SUM(F50:F57) -> 770 | G62: =+F62/$F$72 -> 0.027906289 | H62: =+F62/$D$66 -> 770 | M62: DESECHO | O62: =O60*N62 -> 0
M63: COSTO PLANTA | O63: =SUM(O60:O62) -> 27066.43
B64: GRAMOS | D64: 10378 | H64: =+H62/77 -> 10 | M64: % GIF | O64: =+H65 -> 640
B65: PESO POR UNIDAD | D65: 10378 | H65: =+H64*64 -> 640 | M65: COSTO PLANTA | O65: =SUM(O63:O64) -> 27706.43
B66: UNIDADES TOTALES | D66: =+D64/D65 -> 1 | O66: =+O65*N66 -> 0
B67: UNIDAD MEDIDA | K67: PRECIO DE VENTA PLANTA A LOCAL | O67: =SUM(O65:O66) -> 27706.43 | P67: GR
E68: S/ COSTO | F68: TOTAL | L68: UNIDAD | O68: =+O67/D66 -> 27706.43 | P68: =+O68/D65 -> 2.6697273
B69: TOTAL MATERIAS P. + EMPAQUES | E69: =+F69/F69 -> 1 | F69: =SUM(F61) -> 26296.43 | G69: =+F69/$F$72 -> 0.95303346
B70: DESECHOS Y PERDIDAS | E70: 0.02 | F70: =+F59*E70 -> 525.917 | G70: =+F70/$F$72 -> 0.019060249
B71: MANO OBRA DIRECTA | D71: 10 | E71: 77 | F71: =+E71*D71 -> 770 | G71: =+F71/$F$72 -> 0.027906289
B72: TOTAL COSTO PLANTA | F72: =SUM(F69:F71) -> 27592.347 | G72: =+F72/$F$72 -> 1 | M72: MODI 77 COLONES X MIN
M73: Gf 64 colones min
B74: COSTO POR GRAMO | M74: ,
B75: TOTAL COSTO MATERIA PRIMA | C75: =+F59 -> 26295.85 | D75: =+D64 -> 10378 | E75: =+C75/D75 -> 2.5338071
B77: TOTAL COSTO UNIDAD MP+DESECHO+EMPAQUE | C77: =SUM(F69:F70) -> 26822.347 | D77: =+D64 -> 10378 | E77: =+C77/D77 -> 2.5845391
B79: TOTAL MODI PREPARACION POR GRAMO | C79: =+F71 -> 770 | D79: =+D64 -> 10378 | E79: =+C79/D79 -> 0.074195413
B80: TOTAL MODI POR GRAMO | C80: =+F62 -> 770 | D80: =+D79 -> 10378 | E80: =+C80/D80 -> 0.074195413
B82: TOTAL EMPAQUE POR GRAMO | C82: =+F60 -> 0.58 | D82: =+D80 -> 10378 | E82: =+C82/D82 -> 5.5887454e-05
B84: TOTAL GRAMO MP+MODI | E84: =+E75+E80 -> 2.6080025
B86: COSTO POR UNIDAD
B87: TOTAL COSTO MATERIA PRIMA | C87: =+C75 -> 26295.85 | D87: =+D66 -> 1 | E87: =+C87/D87 -> 26295.85
B89: TOTAL COSTO UNIDAD MP+DESECHO+EMPAQUE | C89: =+C77 -> 26822.347 | D89: =+D66 -> 1 | E89: =+C89/D89 -> 26822.347
B91: TOTAL MODI POR GRAMO | C91: =+C79 -> 770 | D91: =+D66 -> 1 | E91: =+C91/D91 -> 770
B92: TOTAL MODI POR GRAMO | C92: =+C80 -> 770 | D92: =+D91 -> 1 | E92: =+C92/D92 -> 770

Sheet Costo Relleno CK Premium
E1: Precio Local | F1: Costo MP | G1: Costo EM | H1: Costo MO
E2: =IFERROR(O68,"") -> 27791.43 | F2: =IFERROR(H59,"") -> 26380.85 | G2: =IFERROR(H60,"") -> 0.58 | H2: =IFERROR(H62,"") -> 770
A5: ESTRUCTURA DE COSTOS
F6: Fecha: | H6: =TODAY() -> 45831
A7: UNIDADES | B7: DESCRIPCION MAT.PRIMA | C7: UNIDADES | D7: UND MEDIDA | E7: COSTO UNITARIO | F7: TOTAL COSTO | G7: % PREC. DEFINIDO | H7: CODIGOS
A8: 5000 | B8: =IFERROR(VLOOKUP(H8,'[1]Consolidado MP Planta'!$A$2:$M$823,3,0),"") -> QUESO CREMA PANADERO (CAJA: 5 K) | C8: =+A8 -> 5000 | D8: =IFERROR(VLOOKUP(H8,'[1]Consolidado MP Planta'!$A$2:$M$823,13,0),"") -> Gramos | E8: 3.07 | F8: =IFERROR(C8*E8,"") -> 15350 | G8: =IFERROR(F8/$F$72,"") -> 0.55457112 | H8: 1730660
A9: 2000 | B9: Leche Condensada | C9: =+A9 -> 2000 | D9: Gramos | E9: 2.22 | F9: =IFERROR(C9*E9,"") -> 4440 | G9: =IFERROR(F9/$F$72,"") -> 0.16041015 | H9: 11400046
A10: 2700 | B10: =IFERROR(VLOOKUP(H10,'[1]Consolidado MP Planta'!$A$2:$M$823,3,0),"") -> CREMA PRESTIGE GRAND (UND:4 K) * | C10: =+A10 -> 2700 | D10: =IFERROR(VLOOKUP(H10,'[1]Consolidado MP Planta'!$A$2:$M$823,13,0),"") -> Gramos | E10: 2.09 | F10: =IFERROR(C10*E10,"") -> 5643 | G10: =IFERROR(F10/$F$72,"") -> 0.20387263 | H10: 11400031
A11: 3 | B11: =IFERROR(VLOOKUP(H11,'[1]Consolidado MP Planta'!$A$2:$M$823,3,0),"") -> LIMON EN POLVO (SACO:25 KG) | C11: =+A11 -> 3 | D11: =IFERROR(VLOOKUP(H11,'[1]Consolidado MP Planta'!$A$2:$M$823,13,0),"") -> Gramos | E11: 6 | F11: =IFERROR(C11*E11,"") -> 18 | G11: =IFERROR(F11/$F$72,"") -> 0.00065031141 | H11: 0101132
A12: 60 | B12: Gelatina Pura | C12: =+A12 -> 60 | D12: Gramos | E12: 13.01 | F12: =IFERROR(C12*E12,"") -> 780.6 | G12: =IFERROR(F12/$F$72,"") -> 0.028201838 | H12: 1100022
A13: 15 | B13: =IFERROR(VLOOKUP(H13,'[1]Consolidado MP Planta'!$A$2:$M$823,3,0),"") -> PRESERVANTE 1047S (PAQ=5 KILO) | C13: =+A13 -> 15 | D13: =IFERROR(VLOOKUP(H13,'[1]Consolidado MP Planta'!$A$2:$M$823,13,0),"") -> Gramos | E13: 9.95 | F13: =IFERROR(C13*E13,"") -> 149.25 | G13: =IFERROR(F13/$F$72,"") -> 0.0053921654 | H13: 1212410
B14: =IFERROR(VLOOKUP(H14,'[1]Consolidado MP Planta'!$A$2:$M$823,3,0),"") | C14: =+A14 -> 0 | D14: =IFERROR(VLOOKUP(H14,'[1]Consolidado MP Planta'!$A$2:$M$823,13,0),"") | E14: =IFERROR(VLOOKUP(H14,'[1]Consolidado MP Planta'!$A$2:$M$823,12,0),"") | F14: =IFERROR(C14*E14,"") | G14: =IFERROR(F14/$F$72,"")
B15: =IFERROR(VLOOKUP(H15,'[1]Consolidado MP Planta'!$A$2:$M$823,3,0),"") | C15: =+A15 -> 0 | D15: =IFERROR(VLOOKUP(H15,'[1]Consolidado MP Planta'!$A$2:$M$823,13,0),"") | E15: =IFERROR(VLOOKUP(H15,'[1]Consolidado MP Planta'!$A$2:$M$823,12,0),"") | F15: =IFERROR(C15*E15,"") | G15: =IFERROR(F15/$F$72,"")
B16: =IFERROR(VLOOKUP(H16,'[1]Consolidado MP Planta'!$A$2:$M$823,3,0),"") | C16: =+A16 -> 0 | D16: =IFERROR(VLOOKUP(H16,'[1]Consolidado MP Planta'!$A$2:$M$823,13,0),"") | E16: =IFERROR(VLOOKUP(H16,'[1]Consolidado MP Planta'!$A$2:$M$823,12,0),"") | F16: =IFERROR(C16*E16,"") | G16: =IFERROR(F16/$F$72,"")
B17: =IFERROR(VLOOKUP(H17,'[1]Consolidado MP Planta'!$A$2:$M$823,3,0),"") | C17: =+A17 -> 0 | D17: =IFERROR(VLOOKUP(H17,'[1]Consolidado MP Planta'!$A$2:$M$823,13,0),"") | E17: =IFERROR(VLOOKUP(H17,'[1]Consolidado MP Planta'!$A$2:$M$823,12,0),"") | F17: =IFERROR(C17*E17,"") | G17: =IFERROR(F17/$F$72,"")
B18: =IFERROR(VLOOKUP(H18,'[1]Consolidado MP Planta'!$A$2:$M$823,3,0),"") | C18: =+A18 -> 0 | D18: =IFERROR(VLOOKUP(H18,'[1]Consolidado MP Planta'!$A$2:$M$823,13,0),"") | E18: =IFERROR(VLOOKUP(H18,'[1]Consolidado MP Planta'!$A$2:$M$823,12,0),"") | F18: =IFERROR(C18*E18,"") | G18: =IFERROR(F18/$F$72,"")
B19: =IFERROR(VLOOKUP(H19,'[1]Consolidado MP Planta'!$A$2:$M$823,3,0),"") | C19: =+A19 -> 0 | D19: =IFERROR(VLOOKUP(H19,'[1]Consolidado MP Planta'!$A$2:$M$823,13,0),"") | E19: =IFERROR(VLOOKUP(H19,'[1]Consolidado MP Planta'!$A$2:$M$823,12,0),"") | F19: =IFERROR(C19*E19,"") | G19: =IFERROR(F19/$F$72,"")
B20: =IFERROR(VLOOKUP(H20,'[1]Consolidado MP Planta'!$A$2:$M$823,3,0),"") | C20: =+A20 -> 0 | D20: =IFERROR(VLOOKUP(H20,'[1]Consolidado MP Planta'!$A$2:$M$823,13,0),"") | E20: =IFERROR(VLOOKUP(H20,'[1]Consolidado MP Planta'!$A$2:$M$823,12,0),"") | F20: =IFERROR(C20*E20,"") | G20: =IFERROR(F20/$F$72,"")
B21: =IFERROR(VLOOKUP(H21,'[2]ARTICULOS MP PLANTA'!$A$2:$G$589,2,0),"")
A22: UNIDADES | B22: MATERIA PRIMA SEMIELABORADOS | C22: UNIDADES | D22: UND MEDIDA | E22: COSTO UNITARIO | F22: TOTAL COSTO | G22: % PREC. DEFINIDO | H22: CODIGOS
B23: =IFERROR(VLOOKUP(H23,[1]SEMIELABORADOS!$A$2:$M$6000,2,0),"") | C23: =+A23 -> 0 | D23: =IFERROR(VLOOKUP(H23,[1]SEMIELABORADOS!$A$2:$M$6000,6,0),"") | E23: =IFERROR(VLOOKUP(H23,[1]SEMIELABORADOS!$A$2:$H$65536,8,0),"") | F23: =IFERROR(E23*C23,"") | G23: =IFERROR(F23/$F$72,"")
B24: =IFERROR(VLOOKUP(H24,[1]SEMIELABORADOS!$A$2:$M$6000,2,0),"") | C24: =+A24 -> 0 | D24: =IFERROR(VLOOKUP(H24,[1]SEMIELABORADOS!$A$2:$M$6000,6,0),"") | E24: =IFERROR(VLOOKUP(H24,[1]SEMIELABORADOS!$A$2:$H$65536,8,0),"") | F24: =IFERROR(E24*C24,"") | G24: =IFERROR(F24/$F$72,"")
B25: =IFERROR(VLOOKUP(H25,[1]SEMIELABORADOS!$A$2:$M$6000,2,0),"") | C25: =+A25 -> 0 | D25: =IFERROR(VLOOKUP(H25,[1]SEMIELABORADOS!$A$2:$M$6000,6,0),"") | E25: =IFERROR(VLOOKUP(H25,[1]SEMIELABORADOS!$A$2:$H$65536,8,0),"") | F25: =IFERROR(E25*C25,"") | G25: =IFERROR(F25/$F$72,"")
B26: =IFERROR(VLOOKUP(H26,[1]SEMIELABORADOS!$A$2:$M$6000,2,0),"") | C26: =+A26 -> 0 | D26: =IFERROR(VLOOKUP(H26,[1]SEMIELABORADOS!$A$2:$M$6000,6,0),"") | E26: =IFERROR(VLOOKUP(H26,[1]SEMIELABORADOS!$A$2:$H$65536,8,0),"") | F26: =IFERROR(E26*C26,"") | G26: =IFERROR(F26/$F$72,"")
B27: =IFERROR(VLOOKUP(H27,[1]SEMIELABORADOS!$A$2:$M$6000,2,0),"") | C27: =+A27 -> 0 | D27: =IFERROR(VLOOKUP(H27,[1]SEMIELABORADOS!$A$2:$M$6000,6,0),"") | E27: =IFERROR(VLOOKUP(H27,[1]SEMIELABORADOS!$A$2:$H$65536,8,0),"") | F27: =IFERROR(E27*C27,"") | G27: =IFERROR(F27/$F$72,"")
B28: =IFERROR(VLOOKUP(H28,[1]SEMIELABORADOS!$A$2:$M$6000,2,0),"") | C28: =+A28 -> 0 | D28: =IFERROR(VLOOKUP(H28,[1]SEMIELABORADOS!$A$2:$M$6000,6,0),"") | E28: =IFERROR(VLOOKUP(H28,[1]SEMIELABORADOS!$A$2:$H$65536,8,0),"") | F28: =IFERROR(E28*C28,"") | G28: =IFERROR(F28/$F$72,"")
B29: =IFERROR(VLOOKUP(H29,[1]SEMIELABORADOS!$A$2:$M$6000,2,0),"") | C29: =+A29 -> 0 | D29: =IFERROR(VLOOKUP(H29,[1]SEMIELABORADOS!$A$2:$M$6000,6,0),"") | E29: =IFERROR(VLOOKUP(H29,[1]SEMIELABORADOS!$A$2:$H$65536,8,0),"") | F29: =IFERROR(E29*C29,"") | G29: =IFERROR(F29/$F$72,"")
B30: =IFERROR(VLOOKUP(H30,[1]SEMIELABORADOS!$A$2:$M$6000,2,0),"") | C30: =+A30 -> 0 | D30: =IFERROR(VLOOKUP(H30,[1]SEMIELABORADOS!$A$2:$M$6000,6,0),"") | E30: =IFERROR(VLOOKUP(H30,[1]SEMIELABORADOS!$A$2:$H$65536,8,0),"") | F30: =IFERROR(E30*C30,"") | G30: =IFERROR(F30/$F$72,"")
A32: UNIDADES | B32: EMPAQUE | C32: UNIDADES | D32: UND MEDIDA | E32: COSTO UNITARIO | F32: TOTAL COSTO | G32: % PREC. DEFINIDO | H32: CODIGOS
A33: 1 | B33: =IFERROR(VLOOKUP(H33,'[1]Consolidado MP Planta'!$A$2:$M$823,3,0),"") -> ETIQ.BLANCA 1 1/4 * 3/4 (UND) | C33: =+A33 -> 1 | D33: =IFERROR(VLOOKUP(H33,'[1]Consolidado MP Planta'!$A$2:$M$823,13,0),"") -> Und | E33: 0.58 | F33: =IFERROR(C33*E33,"") -> 0.58 | G33: =IFERROR(F33/$F$72,"") -> 2.0954479e-05 | H33: 0702069
B34: =IFERROR(VLOOKUP(H34,'[1]Consolidado MP Planta'!$A$2:$M$823,3,0),"") | C34: =+A34 -> 0 | D34: =IFERROR(VLOOKUP(H34,'[1]Consolidado MP Planta'!$A$2:$M$823,13,0),"") | E34: =IFERROR(VLOOKUP(H34,'[1]Consolidado MP Planta'!$A$2:$M$823,12,0),"") | F34: =IFERROR(C34*E34,"") | G34: =IFERROR(F34/$F$72,"")
B35: =IFERROR(VLOOKUP(H35,'[1]Consolidado MP Planta'!$A$2:$M$823,3,0),"") | C35: =+A35 -> 0 | D35: =IFERROR(VLOOKUP(H35,'[1]Consolidado MP Planta'!$A$2:$M$823,13,0),"") | E35: =IFERROR(VLOOKUP(H35,'[1]Consolidado MP Planta'!$A$2:$M$823,12,0),"") | F35: =IFERROR(C35*E35,"") | G35: =IFERROR(F35/$F$72,"")
B36: =IFERROR(VLOOKUP(H36,'[1]Consolidado MP Planta'!$A$2:$M$823,3,0),"") | C36: =+A36 -> 0 | D36: =IFERROR(VLOOKUP(H36,'[1]Consolidado MP Planta'!$A$2:$M$823,13,0),"") | E36: =IFERROR(VLOOKUP(H36,'[1]Consolidado MP Planta'!$A$2:$M$823,12,0),"") | F36: =IFERROR(C36*E36,"") | G36: =IFERROR(F36/$F$72,"")
B37: =IFERROR(VLOOKUP(H37,'[1]Consolidado MP Planta'!$A$2:$M$823,3,0),"") | C37: =+A37 -> 0 | D37: =IFERROR(VLOOKUP(H37,'[1]Consolidado MP Planta'!$A$2:$M$823,13,0),"") | E37: =IFERROR(VLOOKUP(H37,'[1]Consolidado MP Planta'!$A$2:$M$823,12,0),"") | F37: =IFERROR(C37*E37,"") | G37: =IFERROR(F37/$F$72,"")
B38: =IFERROR(VLOOKUP(H38,'[1]Consolidado MP Planta'!$A$2:$M$823,3,0),"") | C38: =+A38 -> 0 | D38: =IFERROR(VLOOKUP(H38,'[1]Consolidado MP Planta'!$A$2:$M$823,13,0),"") | E38: =IFERROR(VLOOKUP(H38,'[1]Consolidado MP Planta'!$A$2:$M$823,12,0),"") | F38: =IFERROR(C38*E38,"") | G38: =IFERROR(F38/$F$72,"")
A40: UNIDADES | B40: EMPAQUE SEMIELABORADOS | C40: UNIDADES | D40: UND MEDIDA | E40: COSTO UNITARIO | F40: TOTAL COSTO | G40: % PREC. DEFINIDO | H40: CODIGOS
A41: =+A23 -> 0 | B41: =IFERROR(VLOOKUP(H41,[1]SEMIELABORADOS!$A$2:$M$6000,2,0),"") | C41: =+A41 -> 0 | D41: =IFERROR(VLOOKUP(H41,[1]SEMIELABORADOS!$A$2:$M$6000,6,0),"") | E41: =IFERROR(VLOOKUP(H41,[1]SEMIELABORADOS!$A$2:$M$65536,10,0),"") | F41: =IFERROR(E41*C41,"") | G41: =IFERROR(F41/$F$72,"")
A42: =+A24 -> 0 | B42: =IFERROR(VLOOKUP(H42,[1]SEMIELABORADOS!$A$2:$M$6000,2,0),"") | C42: =+A42 -> 0 | D42: =IFERROR(VLOOKUP(H42,[1]SEMIELABORADOS!$A$2:$M$6000,6,0),"") | E42: =IFERROR(VLOOKUP(H42,[1]SEMIELABORADOS!$A$2:$M$65536,10,0),"") | F42: =IFERROR(E42*C42,"") | G42: =IFERROR(F42/$F$72,"")
A43: =+A25 -> 0 | B43: =IFERROR(VLOOKUP(H43,[1]SEMIELABORADOS!$A$2:$M$6000,2,0),"") | C43: =+A43 -> 0 | D43: =IFERROR(VLOOKUP(H43,[1]SEMIELABORADOS!$A$2:$M$6000,6,0),"") | E43: =IFERROR(VLOOKUP(H43,[1]SEMIELABORADOS!$A$2:$M$65536,10,0),"") | F43: =IFERROR(E43*C43,"") | G43: =IFERROR(F43/$F$72,"")
A44: =+A26 -> 0 | B44: =IFERROR(VLOOKUP(H44,[1]SEMIELABORADOS!$A$2:$M$6000,2,0),"") | C44: =+A44 -> 0 | D44: =IFERROR(VLOOKUP(H44,[1]SEMIELABORADOS!$A$2:$M$6000,6,0),"") | E44: =IFERROR(VLOOKUP(H44,[1]SEMIELABORADOS!$A$2:$M$65536,10,0),"") | F44: =IFERROR(E44*C44,"") | G44: =IFERROR(F44/$F$72,"")
A45: =+A27 -> 0 | B45: =IFERROR(VLOOKUP(H45,[1]SEMIELABORADOS!$A$2:$M$6000,2,0),"") | C45: =+A45 -> 0 | D45: =IFERROR(VLOOKUP(H45,[1]SEMIELABORADOS!$A$2:$M$6000,6,0),"") | E45: =IFERROR(VLOOKUP(H45,[1]SEMIELABORADOS!$A$2:$M$65536,10,0),"") | F45: =IFERROR(E45*C45,"") | G45: =IFERROR(F45/$F$72,"")
A46: =+A28 -> 0 | B46: =IFERROR(VLOOKUP(H46,[1]SEMIELABORADOS!$A$2:$M$6000,2,0),"") | C46: =+A46 -> 0 | D46: =IFERROR(VLOOKUP(H46,[1]SEMIELABORADOS!$A$2:$M$6000,6,0),"") | E46: =IFERROR(VLOOKUP(H46,[1]SEMIELABORADOS!$A$2:$M$65536,10,0),"") | F46: =IFERROR(E46*C46,"") | G46: =IFERROR(F46/$F$72,"")
A47: =+A29 -> 0 | B47: =IFERROR(VLOOKUP(H47,[1]SEMIELABORADOS!$A$2:$M$6000,2,0),"") | C47: =+A47 -> 0 | D47: =IFERROR(VLOOKUP(H47,[1]SEMIELABORADOS!$A$2:$M$6000,6,0),"") | E47: =IFERROR(VLOOKUP(H47,[1]SEMIELABORADOS!$A$2:$M$65536,10,0),"") | F47: =IFERROR(E47*C47,"") | G47: =IFERROR(F47/$F$72,"")
A49: UNIDADES | B49: MODI | C49: UNIDADES | D49: UND MEDIDA | E49: COSTO UNITARIO | F49: TOTAL COSTO | G49: % PREC. DEFINIDO | H49: CODIGOS
A50: =+A41 -> 0 | B50: =IFERROR(VLOOKUP(H50,[1]SEMIELABORADOS!$A$2:$M$6000,2,0),"") | C50: =+A50 -> 0 | D50: =IFERROR(VLOOKUP(H50,[1]SEMIELABORADOS!$A$2:$M$6000,6,0),"") | E50: =IFERROR(VLOOKUP(H50,[1]SEMIELABORADOS!$A$2:$M$65536,12,0),"") | F50: =IFERROR(E50*C50,"") | G50: =IFERROR(F50/$F$72,"")
A51: =+A42 -> 0 | B51: =IFERROR(VLOOKUP(H51,[1]SEMIELABORADOS!$A$2:$M$6000,2,0),"") | C51: =+A51 -> 0 | D51: =IFERROR(VLOOKUP(H51,[1]SEMIELABORADOS!$A$2:$M$6000,6,0),"") | E51: =IFERROR(VLOOKUP(H51,[1]SEMIELABORADOS!$A$2:$M$65536,12,0),"") | F51: =IFERROR(E51*C51,"") | G51: =IFERROR(F51/$F$72,"")
A52: =+A43 -> 0 | B52: =IFERROR(VLOOKUP(H52,[1]SEMIELABORADOS!$A$2:$M$6000,2,0),"") | C52: =+A52 -> 0 | D52: =IFERROR(VLOOKUP(H52,[1]SEMIELABORADOS!$A$2:$M$6000,6,0),"") | E52: =IFERROR(VLOOKUP(H52,[1]SEMIELABORADOS!$A$2:$M$65536,12,0),"") | F52: =IFERROR(E52*C52,"") | G52: =IFERROR(F52/$F$72,"")
A53: =+A44 -> 0 | B53: =IFERROR(VLOOKUP(H53,[1]SEMIELABORADOS!$A$2:$M$6000,2,0),"") | C53: =+A53 -> 0 | D53: =IFERROR(VLOOKUP(H53,[1]SEMIELABORADOS!$A$2:$M$6000,6,0),"") | E53: =IFERROR(VLOOKUP(H53,[1]SEMIELABORADOS!$A$2:$M$65536,12,0),"") | F53: =IFERROR(E53*C53,"") | G53: =IFERROR(F53/$F$72,"")
A54: =+A45 -> 0 | B54: =IFERROR(VLOOKUP(H54,[1]SEMIELABORADOS!$A$2:$M$6000,2,0),"") | C54: =+A54 -> 0 | D54: =IFERROR(VLOOKUP(H54,[1]SEMIELABORADOS!$A$2:$M$6000,6,0),"") | E54: =IFERROR(VLOOKUP(H54,[1]SEMIELABORADOS!$A$2:$M$65536,12,0),"") | F54: =IFERROR(E54*C54,"") | G54: =IFERROR(F54/$F$72,"")
A55: =+A46 -> 0 | B55: =IFERROR(VLOOKUP(H55,[1]SEMIELABORADOS!$A$2:$M$6000,2,0),"") | C55: =+A55 -> 0 | D55: =IFERROR(VLOOKUP(H55,[1]SEMIELABORADOS!$A$2:$M$6000,6,0),"") | E55: =IFERROR(VLOOKUP(H55,[1]SEMIELABORADOS!$A$2:$M$65536,12,0),"") | F55: =IFERROR(E55*C55,"") | G55: =IFERROR(F55/$F$72,"")
A56: =+A47 -> 0 | B56: =IFERROR(VLOOKUP(H56,[1]SEMIELABORADOS!$A$2:$M$6000,2,0),"") | C56: =+A56 -> 0 | D56: =IFERROR(VLOOKUP(H56,[1]SEMIELABORADOS!$A$2:$M$6000,6,0),"") | E56: =IFERROR(VLOOKUP(H56,[1]SEMIELABORADOS!$A$2:$M$65536,12,0),"") | F56: =IFERROR(E56*C56,"") | G56: =IFERROR(F56/$F$72,"")
A57: 1 | B57: MODI PREPARACION | C57: =+A57 -> 1 | D57: N/A | E57: =+F71 -> 770 | F57: =IFERROR(C57*E57,"") -> 770 | G57: =IFERROR(F57/$F$72,"") -> 0.027818877
B59: TOTAL MATERIA PRIMA | F59: =SUM(F8:F20,F23:F30) -> 26380.85 | G59: =+F59/$F$72 -> 0.9530982 | H59: =+F59/$D$66 -> 26380.85
B60: TOTAL EMPAQUE | F60: =SUM(F33:F38,F41:F47) -> 0.58 | G60: =+F60/$F$72 -> 2.0954479e-05 | H60: =+F60/$D$66 -> 0.58 | K60: TOTAL MATERIA PRIMA + EMPAQUE | O60: =+F61 -> 26381.43
B61: TOTAL MATERIAS P. + EMPAQUES | F61: =+F59+F60 -> 26381.43 | G61: =+F61/$F$72 -> 0.95311916 | H61: =+F61/$D$66 -> 26381.43 | M61: MODI PLANTA | O61: =+H62 -> 770
C62: TOTAL MODI | F62: =SUM(F50:F57) -> 770 | G62: =+F62/$F$72 -> 0.027818877 | H62: =+F62/$D$66 -> 770 | M62: DESECHO | O62: =O60*N62 -> 0
M63: COSTO PLANTA | O63: =SUM(O60:O62) -> 27151.43
B64: GRAMOS | D64: 10000 | H64: =+H62/77 -> 10 | M64: % GIF | O64: =+H65 -> 640
B65: PESO POR UNIDAD | D65: 10000 | H65: =+H64*64 -> 640 | M65: COSTO PLANTA | O65: =SUM(O63:O64) -> 27791.43
B66: UNIDADES TOTALES | D66: =+D64/D65 -> 1 | O66: =+O65*N66 -> 0
B67: UNIDAD MEDIDA | K67: PRECIO DE VENTA PLANTA A LOCAL | O67: =SUM(O65:O66) -> 27791.43 | P67: GR
E68: S/ COSTO | F68: TOTAL | L68: UNIDAD | O68: =+O67/D66 -> 27791.43 | P68: =+O68/D65 -> 2.779143
B69: TOTAL MATERIAS P. + EMPAQUES | E69: =+F69/F69 -> 1 | F69: =SUM(F61) -> 26381.43 | G69: =+F69/$F$72 -> 0.95311916
B70: DESECHOS Y PERDIDAS | E70: 0.02 | F70: =+F59*E70 -> 527.617 | G70: =+F70/$F$72 -> 0.019061964
B71: MANO OBRA DIRECTA | D71: 10 | E71: 77 | F71: =+E71*D71 -> 770 | G71: =+F71/$F$72 -> 0.027818877
B72: TOTAL COSTO PLANTA | F72: =SUM(F69:F71) -> 27679.047 | G72: =+F72/$F$72 -> 1 | M72: MODI 77 COLONES X MIN
M73: Gf 64 colones min
B74: COSTO POR GRAMO | M74: ,
B75: TOTAL COSTO MATERIA PRIMA | C75: =+F59 -> 26380.85 | D75: =+D64 -> 10000 | E75: =+C75/D75 -> 2.638085
B77: TOTAL COSTO UNIDAD MP+DESECHO+EMPAQUE | C77: =SUM(F69:F70) -> 26909.047 | D77: =+D64 -> 10000 | E77: =+C77/D77 -> 2.6909047
B79: TOTAL MODI PREPARACION POR GRAMO | C79: =+F71 -> 770 | D79: =+D64 -> 10000 | E79: =+C79/D79 -> 0.077
B80: TOTAL MODI POR GRAMO | C80: =+F62 -> 770 | D80: =+D79 -> 10000 | E80: =+C80/D80 -> 0.077
B82: TOTAL EMPAQUE POR GRAMO | C82: =+F60 -> 0.58 | D82: =+D80 -> 10000 | E82: =+C82/D82 -> 5.8e-05
B84: TOTAL GRAMO MP+MODI | E84: =+E75+E80 -> 2.715085
B86: COSTO POR UNIDAD
B87: TOTAL COSTO MATERIA PRIMA | C87: =+C75 -> 26380.85 | D87: =+D66 -> 1 | E87: =+C87/D87 -> 26380.85
B89: TOTAL COSTO UNIDAD MP+DESECHO+EMPAQUE | C89: =+C77 -> 26909.047 | D89: =+D66 -> 1 | E89: =+C89/D89 -> 26909.047
B91: TOTAL MODI POR GRAMO | C91: =+C79 -> 770 | D91: =+D66 -> 1 | E91: =+C91/D91 -> 770
B92: TOTAL MODI POR GRAMO | C92: =+C80 -> 770 | D92: =+D91 -> 1 | E92: =+C92/D92 -> 770
