Workbook

Sheet Costo coccion
E1: Precio Local | F1: Costo MP | G1: Costo EM | H1: Costo MO
E2: =IFERROR(O62,"") -> 10939.472 | F2: =IFERROR(H53,"") -> 9659.01 | G2: =IFERROR(H54,"") -> 0.15 | H2: =IFERROR(H56,"") -> 616.15
A5: ESTRUCTURA DE COSTOS
F6: Fecha: | H6: =TODAY() -> 45937
A7: UNIDADES | B7: DESCRIPCION MAT.PRIMA | C7: UNIDADES | D7: UND MEDIDA | E7: COSTO UNITARIO | F7: TOTAL COSTO | G7: % PREC. DEFINIDO | H7: CODIGOS
A8: 2000 | B8: Mano Piedra | C8: =+A8 -> 2000 | D8: Gramos | E8: 4.7 | F8: =IFERROR(C8*E8,"") -> 9400 | G8: =IFERROR(F8/$F$66,"") -> 0.8979456 | H8: MP10244
A9: 30 | B9: Pasta Ajo | C9: =+A9 -> 30 | D9: Gramos | E9: 4.9 | F9: =IFERROR(C9*E9,"") -> 147 | G9: =IFERROR(F9/$F$66,"") -> 0.014042341 | H9: MP10019
A10: 2 | B10: Pimienta Negra Molida | C10: =+A10 -> 2 | D10: Gramos | E10: 6.37 | F10: =IFERROR(C10*E10,"") -> 12.74 | G10: =IFERROR(F10/$F$66,"") -> 0.0012170029 | H10: MP10038
A11: 6 | B11: Paprika | C11: =+A11 -> 6 | D11: Gramos | E11: 7.13 | F11: =IFERROR(C11*E11,"") -> 42.78 | G11: =IFERROR(F11/$F$66,"") -> 0.0040866077 | H11: MP10034
A12: 4 | B12: Oregano | C12: =+A12 -> 4 | D12: Gramos | E12: 11.31 | F12: =IFERROR(C12*E12,"") -> 45.24 | G12: =IFERROR(F12/$F$66,"") -> 0.004321602 | H12: MP10266
B13: =IFERROR(VLOOKUP(H13,'[1]Consolidado MP Planta'!$A$2:$M$823,3,0),"") | C13: =+A13 -> 0 | D13: =IFERROR(VLOOKUP(H13,'[1]Consolidado MP Planta'!$A$2:$M$823,13,0),"") | E13: =IFERROR(VLOOKUP(H13,'[1]Consolidado MP Planta'!$A$2:$M$823,12,0),"") | F13: =IFERROR(C13*E13,"") | G13: =IFERROR(F13/$F$66,"")
B14: =IFERROR(VLOOKUP(H14,'[1]Consolidado MP Planta'!$A$2:$M$823,3,0),"") | C14: =+A14 -> 0 | D14: =IFERROR(VLOOKUP(H14,'[1]Consolidado MP Planta'!$A$2:$M$823,13,0),"") | E14: =IFERROR(VLOOKUP(H14,'[1]Consolidado MP Planta'!$A$2:$M$823,12,0),"") | F14: =IFERROR(C14*E14,"") | G14: =IFERROR(F14/$F$66,"")
B15: =IFERROR(VLOOKUP(H15,[2]Hoja2!$A$2:$G$589,2,0),"")
A16: UNIDADES | B16: MATERIA PRIMA SEMIELABORADOS | C16: UNIDADES | D16: UND MEDIDA | E16: COSTO UNITARIO | F16: TOTAL COSTO | G16: % PREC. DEFINIDO | H16: CODIGOS
A17: 15 | B17: Sal Empacada Planta | C17: =+A17 -> 15 | D17: Gramos | E17: 0.75 | F17: =IFERROR(E17*C17,"") -> 11.25 | G17: =IFERROR(F17/$F$66,"") -> 0.0010746689 | H17: SE00104
B18: =IFERROR(VLOOKUP(H18,[1]SEMIELABORADOS!$A$2:$M$6000,2,0),"") | C18: =+A18 -> 0 | D18: =IFERROR(VLOOKUP(H18,[1]SEMIELABORADOS!$A$2:$M$6000,6,0),"") | E18: =IFERROR(VLOOKUP(H18,[1]SEMIELABORADOS!$A$2:$H$65536,8,0),"") | F18: =IFERROR(E18*C18,"") | G18: =IFERROR(F18/$F$66,"")
B19: =IFERROR(VLOOKUP(H19,[1]SEMIELABORADOS!$A$2:$M$6000,2,0),"") | C19: =+A19 -> 0 | D19: =IFERROR(VLOOKUP(H19,[1]SEMIELABORADOS!$A$2:$M$6000,6,0),"") | E19: =IFERROR(VLOOKUP(H19,[1]SEMIELABORADOS!$A$2:$H$65536,8,0),"") | F19: =IFERROR(E19*C19,"") | G19: =IFERROR(F19/$F$66,"")
B20: =IFERROR(VLOOKUP(H20,[1]SEMIELABORADOS!$A$2:$M$6000,2,0),"") | C20: =+A20 -> 0 | D20: =IFERROR(VLOOKUP(H20,[1]SEMIELABORADOS!$A$2:$M$6000,6,0),"") | E20: =IFERROR(VLOOKUP(H20,[1]SEMIELABORADOS!$A$2:$H$65536,8,0),"") | F20: =IFERROR(E20*C20,"") | G20: =IFERROR(F20/$F$66,"")
B21: =IFERROR(VLOOKUP(H21,[1]SEMIELABORADOS!$A$2:$M$6000,2,0),"") | C21: =+A21 -> 0 | D21: =IFERROR(VLOOKUP(H21,[1]SEMIELABORADOS!$A$2:$M$6000,6,0),"") | E21: =IFERROR(VLOOKUP(H21,[1]SEMIELABORADOS!$A$2:$H$65536,8,0),"") | F21: =IFERROR(E21*C21,"") | G21: =IFERROR(F21/$F$66,"")
B22: =IFERROR(VLOOKUP(H22,[1]SEMIELABORADOS!$A$2:$M$6000,2,0),"") | C22: =+A22 -> 0 | D22: =IFERROR(VLOOKUP(H22,[1]SEMIELABORADOS!$A$2:$M$6000,6,0),"") | E22: =IFERROR(VLOOKUP(H22,[1]SEMIELABORADOS!$A$2:$H$65536,8,0),"") | F22: =IFERROR(E22*C22,"") | G22: =IFERROR(F22/$F$66,"")
B23: =IFERROR(VLOOKUP(H23,[1]SEMIELABORADOS!$A$2:$M$6000,2,0),"") | C23: =+A23 -> 0 | D23: =IFERROR(VLOOKUP(H23,[1]SEMIELABORADOS!$A$2:$M$6000,6,0),"") | E23: =IFERROR(VLOOKUP(H23,[1]SEMIELABORADOS!$A$2:$H$65536,8,0),"") | F23: =IFERROR(E23*C23,"") | G23: =IFERROR(F23/$F$66,"")
B24: =IFERROR(VLOOKUP(H24,[1]SEMIELABORADOS!$A$2:$M$6000,2,0),"") | C24: =+A24 -> 0 | D24: =IFERROR(VLOOKUP(H24,[1]SEMIELABORADOS!$A$2:$M$6000,6,0),"") | E24: =IFERROR(VLOOKUP(H24,[1]SEMIELABORADOS!$A$2:$H$65536,8,0),"") | F24: =IFERROR(E24*C24,"") | G24: =IFERROR(F24/$F$66,"")
A26: UNIDADES | B26: EMPAQUE | C26: UNIDADES | D26: UND MEDIDA | E26: COSTO UNITARIO | F26: TOTAL COSTO | G26: % PREC. DEFINIDO | H26: CODIGOS
A27: 0 | B27: =IFERROR(VLOOKUP(H27,'[1]Consolidado MP Planta'!$A$2:$M$823,3,0),"") | C27: =+A27 -> 0 | D27: =IFERROR(VLOOKUP(H27,'[1]Consolidado MP Planta'!$A$2:$M$823,13,0),"") | E27: =IFERROR(VLOOKUP(H27,'[1]Consolidado MP Planta'!$A$2:$M$823,12,0),"") | F27: =IFERROR(C27*E27,"") | G27: =IFERROR(F27/$F$66,"")
B28: =IFERROR(VLOOKUP(H28,'[1]Consolidado MP Planta'!$A$2:$M$823,3,0),"") | C28: =+A28 -> 0 | D28: =IFERROR(VLOOKUP(H28,'[1]Consolidado MP Planta'!$A$2:$M$823,13,0),"") | E28: =IFERROR(VLOOKUP(H28,'[1]Consolidado MP Planta'!$A$2:$M$823,12,0),"") | F28: =IFERROR(C28*E28,"") | G28: =IFERROR(F28/$F$66,"")
B29: =IFERROR(VLOOKUP(H29,'[1]Consolidado MP Planta'!$A$2:$M$823,3,0),"") | C29: =+A29 -> 0 | D29: =IFERROR(VLOOKUP(H29,'[1]Consolidado MP Planta'!$A$2:$M$823,13,0),"") | E29: =IFERROR(VLOOKUP(H29,'[1]Consolidado MP Planta'!$A$2:$M$823,12,0),"") | F29: =IFERROR(C29*E29,"") | G29: =IFERROR(F29/$F$66,"")
B30: =IFERROR(VLOOKUP(H30,'[1]Consolidado MP Planta'!$A$2:$M$823,3,0),"") | C30: =+A30 -> 0 | D30: =IFERROR(VLOOKUP(H30,'[1]Consolidado MP Planta'!$A$2:$M$823,13,0),"") | E30: =IFERROR(VLOOKUP(H30,'[1]Consolidado MP Planta'!$A$2:$M$823,12,0),"") | F30: =IFERROR(C30*E30,"") | G30: =IFERROR(F30/$F$66,"")
B31: =IFERROR(VLOOKUP(H31,'[1]Consolidado MP Planta'!$A$2:$M$823,3,0),"") | C31: =+A31 -> 0 | D31: =IFERROR(VLOOKUP(H31,'[1]Consolidado MP Planta'!$A$2:$M$823,13,0),"") | E31: =IFERROR(VLOOKUP(H31,'[1]Consolidado MP Planta'!$A$2:$M$823,12,0),"") | F31: =IFERROR(C31*E31,"") | G31: =IFERROR(F31/$F$66,"")
B32: =IFERROR(VLOOKUP(H32,'[1]Consolidado MP Planta'!$A$2:$M$823,3,0),"") | C32: =+A32 -> 0 | D32: =IFERROR(VLOOKUP(H32,'[1]Consolidado MP Planta'!$A$2:$M$823,13,0),"") | E32: =IFERROR(VLOOKUP(H32,'[1]Consolidado MP Planta'!$A$2:$M$823,12,0),"") | F32: =IFERROR(C32*E32,"") | G32: =IFERROR(F32/$F$66,"")
A34: UNIDADES | B34: EMPAQUE SEMIELABORADOS | C34: UNIDADES | D34: UND MEDIDA | E34: COSTO UNITARIO | F34: TOTAL COSTO | G34: % PREC. DEFINIDO | H34: CODIGOS
A35: =+A17 -> 15 | B35: Sal Empacada Planta | C35: =+A35 -> 15 | D35: Gramos | E35: 0.01 | F35: =IFERROR(E35*C35,"") -> 0.15 | G35: =IFERROR(F35/$F$66,"") -> 1.4328919e-05 | H35: SE00104
A36: =+A18 -> 0 | B36: =IFERROR(VLOOKUP(H36,[1]SEMIELABORADOS!$A$2:$M$6000,2,0),"") | C36: =+A36 -> 0 | D36: =IFERROR(VLOOKUP(H36,[1]SEMIELABORADOS!$A$2:$M$6000,6,0),"") | E36: =IFERROR(VLOOKUP(H36,[1]SEMIELABORADOS!$A$2:$M$65536,10,0),"") | F36: =IFERROR(E36*C36,"") | G36: =IFERROR(F36/$F$66,"")
A37: =+A19 -> 0 | B37: =IFERROR(VLOOKUP(H37,[1]SEMIELABORADOS!$A$2:$M$6000,2,0),"") | C37: =+A37 -> 0 | D37: =IFERROR(VLOOKUP(H37,[1]SEMIELABORADOS!$A$2:$M$6000,6,0),"") | E37: =IFERROR(VLOOKUP(H37,[1]SEMIELABORADOS!$A$2:$M$65536,10,0),"") | F37: =IFERROR(E37*C37,"") | G37: =IFERROR(F37/$F$66,"")
A38: =+A20 -> 0 | B38: =IFERROR(VLOOKUP(H38,[1]SEMIELABORADOS!$A$2:$M$6000,2,0),"") | C38: =+A38 -> 0 | D38: =IFERROR(VLOOKUP(H38,[1]SEMIELABORADOS!$A$2:$M$6000,6,0),"") | E38: =IFERROR(VLOOKUP(H38,[1]SEMIELABORADOS!$A$2:$M$65536,10,0),"") | F38: =IFERROR(E38*C38,"") | G38: =IFERROR(F38/$F$66,"")
A39: =+A21 -> 0 | B39: =IFERROR(VLOOKUP(H39,[1]SEMIELABORADOS!$A$2:$M$6000,2,0),"") | C39: =+A39 -> 0 | D39: =IFERROR(VLOOKUP(H39,[1]SEMIELABORADOS!$A$2:$M$6000,6,0),"") | E39: =IFERROR(VLOOKUP(H39,[1]SEMIELABORADOS!$A$2:$M$65536,10,0),"") | F39: =IFERROR(E39*C39,"") | G39: =IFERROR(F39/$F$66,"")
A40: =+A22 -> 0 | B40: =IFERROR(VLOOKUP(H40,[1]SEMIELABORADOS!$A$2:$M$6000,2,0),"") | C40: =+A40 -> 0 | D40: =IFERROR(VLOOKUP(H40,[1]SEMIELABORADOS!$A$2:$M$6000,6,0),"") | E40: =IFERROR(VLOOKUP(H40,[1]SEMIELABORADOS!$A$2:$M$65536,10,0),"") | F40: =IFERROR(E40*C40,"") | G40: =IFERROR(F40/$F$66,"")
A41: =+A23 -> 0 | B41: =IFERROR(VLOOKUP(H41,[1]SEMIELABORADOS!$A$2:$M$6000,2,0),"") | C41: =+A41 -> 0 | D41: =IFERROR(VLOOKUP(H41,[1]SEMIELABORADOS!$A$2:$M$6000,6,0),"") | E41: =IFERROR(VLOOKUP(H41,[1]SEMIELABORADOS!$A$2:$M$65536,10,0),"") | F41: =IFERROR(E41*C41,"") | G41: =IFERROR(F41/$F$66,"")
A43: UNIDADES | B43: MODI | C43: UNIDADES | D43: UND MEDIDA | E43: COSTO UNITARIO | F43: TOTAL COSTO | G43: % PREC. DEFINIDO | H43: CODIGOS
A44: =+A35 -> 15 | B44: Sal Empacada Planta | C44: =+A44 -> 15 | D44: Gramos | E44: 0.01 | F44: =IFERROR(E44*C44,"") -> 0.15 | G44: =IFERROR(F44/$F$66,"") -> 1.4328919e-05 | H44: SE00104
A45: =+A36 -> 0 | B45: =IFERROR(VLOOKUP(H45,[1]SEMIELABORADOS!$A$2:$M$6000,2,0),"") | C45: =+A45 -> 0 | D45: =IFERROR(VLOOKUP(H45,[1]SEMIELABORADOS!$A$2:$M$6000,6,0),"") | E45: =IFERROR(VLOOKUP(H45,[1]SEMIELABORADOS!$A$2:$M$65536,12,0),"") | F45: =IFERROR(E45*C45,"") | G45: =IFERROR(F45/$F$66,"")
A46: =+A37 -> 0 | B46: =IFERROR(VLOOKUP(H46,[1]SEMIELABORADOS!$A$2:$M$6000,2,0),"") | C46: =+A46 -> 0 | D46: =IFERROR(VLOOKUP(H46,[1]SEMIELABORADOS!$A$2:$M$6000,6,0),"") | E46: =IFERROR(VLOOKUP(H46,[1]SEMIELABORADOS!$A$2:$M$65536,12,0),"") | F46: =IFERROR(E46*C46,"") | G46: =IFERROR(F46/$F$66,"")
A47: =+A38 -> 0 | B47: =IFERROR(VLOOKUP(H47,[1]SEMIELABORADOS!$A$2:$M$6000,2,0),"") | C47: =+A47 -> 0 | D47: =IFERROR(VLOOKUP(H47,[1]SEMIELABORADOS!$A$2:$M$6000,6,0),"") | E47: =IFERROR(VLOOKUP(H47,[1]SEMIELABORADOS!$A$2:$M$65536,12,0),"") | F47: =IFERROR(E47*C47,"") | G47: =IFERROR(F47/$F$66,"")
A48: =+A39 -> 0 | B48: =IFERROR(VLOOKUP(H48,[1]SEMIELABORADOS!$A$2:$M$6000,2,0),"") | C48: =+A48 -> 0 | D48: =IFERROR(VLOOKUP(H48,[1]SEMIELABORADOS!$A$2:$M$6000,6,0),"") | E48: =IFERROR(VLOOKUP(H48,[1]SEMIELABORADOS!$A$2:$M$65536,12,0),"") | F48: =IFERROR(E48*C48,"") | G48: =IFERROR(F48/$F$66,"")
A49: =+A40 -> 0 | B49: =IFERROR(VLOOKUP(H49,[1]SEMIELABORADOS!$A$2:$M$6000,2,0),"") | C49: =+A49 -> 0 | D49: =IFERROR(VLOOKUP(H49,[1]SEMIELABORADOS!$A$2:$M$6000,6,0),"") | E49: =IFERROR(VLOOKUP(H49,[1]SEMIELABORADOS!$A$2:$M$65536,12,0),"") | F49: =IFERROR(E49*C49,"") | G49: =IFERROR(F49/$F$66,"")
A50: =+A41 -> 0 | B50: =IFERROR(VLOOKUP(H50,[1]SEMIELABORADOS!$A$2:$M$6000,2,0),"") | C50: =+A50 -> 0 | D50: =IFERROR(VLOOKUP(H50,[1]SEMIELABORADOS!$A$2:$M$6000,6,0),"") | E50: =IFERROR(VLOOKUP(H50,[1]SEMIELABORADOS!$A$2:$M$65536,12,0),"") | F50: =IFERROR(E50*C50,"") | G50: =IFERROR(F50/$F$66,"")
A51: 1 | B51: MODI PREPARACION | C51: =+A51 -> 1 | D51: N/A | E51: =+F65 -> 616 | F51: =IFERROR(C51*E51,"") -> 616 | G51: =IFERROR(F51/$F$66,"") -> 0.058844095
B53: TOTAL MATERIA PRIMA | F53: =SUM(F8:F14,F17:F24) -> 9659.01 | G53: =+F53/$F$66 -> 0.92268782 | H53: =+F53/$D$60 -> 9659.01
B54: TOTAL EMPAQUE | F54: =SUM(F27:F32,F35:F41) -> 0.15 | G54: =+F54/$F$66 -> 1.4328919e-05 | H54: =+F54/$D$60 -> 0.15 | K54: TOTAL MATERIA PRIMA + EMPAQUE | O54: =+F55 -> 9659.16
B55: TOTAL MATERIAS P. + EMPAQUES | F55: =+F53+F54 -> 9659.16 | G55: =+F55/$F$66 -> 0.92270215 | H55: =+F55/$D$60 -> 9659.16 | M55: MODI PLANTA | O55: =+H56 -> 616.15
C56: TOTAL MODI | F56: =SUM(F44:F51) -> 616.15 | G56: =+F56/$F$66 -> 0.058858423 | H56: =+F56/$D$60 -> 616.15 | M56: DESECHO | O56: =O54*N56 -> 0
M57: COSTO PLANTA | O57: =SUM(O54:O56) -> 10275.31
B58: GRAMOS | D58: 1665 | H58: =+H56/77 -> 8.0019481 | M58: % GIF | O58: =+H59 -> 664.16169
B59: PESO POR UNIDAD | D59: 1665 | H59: =+H58*83 -> 664.16169 | M59: COSTO PLANTA | O59: =SUM(O57:O58) -> 10939.472
B60: UNIDADES TOTALES | D60: =+D58/D59 -> 1 | O60: =+O59*N60 -> 0
B61: UNIDAD MEDIDA | K61: PRECIO DE VENTA PLANTA A LOCAL | O61: =SUM(O59:O60) -> 10939.472 | P61: GR
E62: S/ COSTO | F62: TOTAL | L62: UNIDAD | O62: =+O61/D60 -> 10939.472 | P62: =+O62/D59 -> 6.5702533
B63: TOTAL MATERIAS P. + EMPAQUES | E63: =+F63/F63 -> 1 | F63: =SUM(F55) -> 9659.16 | G63: =+F63/$F$66 -> 0.92270215
B64: DESECHOS Y PERDIDAS | E64: 0.02 | F64: =+F53*E64 -> 193.1802 | G64: =+F64/$F$66 -> 0.018453756
B65: MANO OBRA DIRECTA | D65: 8 | E65: 77 | F65: =+E65*D65 -> 616 | G65: =+F65/$F$66 -> 0.058844095
B66: TOTAL COSTO PLANTA | F66: =SUM(F63:F65) -> 10468.34 | G66: =+F66/$F$66 -> 1 | M66: MODI 77 COLONES X MIN
M67: Gf 83 colones min
B68: COSTO POR GRAMO | M68: ,
B69: TOTAL COSTO MATERIA PRIMA | C69: =+F53 -> 9659.01 | D69: =+D58 -> 1665 | E69: =+C69/D69 -> 5.8012072
B71: TOTAL COSTO UNIDAD MP+DESECHO+EMPAQUE | C71: =SUM(F63:F64) -> 9852.3402 | D71: =+D58 -> 1665 | E71: =+C71/D71 -> 5.9173214
B73: TOTAL MODI PREPARACION POR GRAMO | C73: =+F65 -> 616 | D73: =+D58 -> 1665 | E73: =+C73/D73 -> 0.36996997
B74: TOTAL MODI POR GRAMO | C74: =+F56 -> 616.15 | D74: =+D73 -> 1665 | E74: =+C74/D74 -> 0.37006006
B76: TOTAL EMPAQUE POR GRAMO | C76: =+F54 -> 0.15 | D76: =+D74 -> 1665 | E76: =+C76/D76 -> 9.009009e-05
B78: TOTAL GRAMO MP+MODI | E78: =+E69+E74 -> 6.1712673
B80: COSTO POR UNIDAD
B81: TOTAL COSTO MATERIA PRIMA | C81: =+C69 -> 9659.01 | D81: =+D60 -> 1 | E81: =+C81/D81 -> 9659.01
B83: TOTAL COSTO UNIDAD MP+DESECHO+EMPAQUE | C83: =+C71 -> 9852.3402 | D83: =+D60 -> 1 | E83: =+C83/D83 -> 9852.3402
B85: TOTAL MODI POR GRAMO | C85: =+C73 -> 616 | D85: =+D60 -> 1 | E85: =+C85/D85 -> 616
B86: TOTAL MODI POR GRAMO | C86: =+C74 -> 616.15 | D86: =+D85 -> 1 | E86: =+C86/D86 -> 616.15

Sheet costo Salsa
E1: Precio Local | F1: Costo MP | G1: Costo EM | H1: Costo MO
E2: =IFERROR(O62,"") -> 1025.8791 | F2: =IFERROR(H53,"") -> 214.82 | G2: =IFERROR(H54,"") -> 0.15 | H2: =IFERROR(H56,"") -> 390.25
A5: ESTRUCTURA DE COSTOS
F6: Fecha: | H6: =TODAY() -> 45937
A7: UNIDADES | B7: DESCRIPCION MAT.PRIMA | C7: UNIDADES | D7: UND MEDIDA | E7: COSTO UNITARIO | F7: TOTAL COSTO | G7: % PREC. DEFINIDO | H7: CODIGOS
A8: 100 | B8: Pasta Tomate | C8: =+A8 -> 100 | D8: Gramos | E8: 1.5 | F8: =IFERROR(C8*E8,"") -> 150 | G8: =IFERROR(F8/$F$66,"") -> 0.24823488 | H8: MP10287
A9: 1 | B9: Preservante 1017S | C9: =+A9 -> 1 | D9: Gramos | E9: 8.57 | F9: =IFERROR(C9*E9,"") -> 8.57 | G9: =IFERROR(F9/$F$66,"") -> 0.014182486 | H9: MP10025
B10: =IFERROR(VLOOKUP(H10,'[1]Consolidado MP Planta'!$A$2:$M$823,3,0),"") | C10: =+A10 -> 0 | D10: =IFERROR(VLOOKUP(H10,'[1]Consolidado MP Planta'!$A$2:$M$823,13,0),"") | E10: =IFERROR(VLOOKUP(H10,'[1]Consolidado MP Planta'!$A$2:$M$823,12,0),"") | F10: =IFERROR(C10*E10,"") | G10: =IFERROR(F10/$F$66,"")
B11: =IFERROR(VLOOKUP(H11,'[1]Consolidado MP Planta'!$A$2:$M$823,3,0),"") | C11: =+A11 -> 0 | D11: =IFERROR(VLOOKUP(H11,'[1]Consolidado MP Planta'!$A$2:$M$823,13,0),"") | E11: =IFERROR(VLOOKUP(H11,'[1]Consolidado MP Planta'!$A$2:$M$823,12,0),"") | F11: =IFERROR(C11*E11,"") | G11: =IFERROR(F11/$F$66,"")
B12: =IFERROR(VLOOKUP(H12,'[1]Consolidado MP Planta'!$A$2:$M$823,3,0),"") | C12: =+A12 -> 0 | D12: =IFERROR(VLOOKUP(H12,'[1]Consolidado MP Planta'!$A$2:$M$823,13,0),"") | E12: =IFERROR(VLOOKUP(H12,'[1]Consolidado MP Planta'!$A$2:$M$823,12,0),"") | F12: =IFERROR(C12*E12,"") | G12: =IFERROR(F12/$F$66,"")
B13: =IFERROR(VLOOKUP(H13,'[1]Consolidado MP Planta'!$A$2:$M$823,3,0),"") | C13: =+A13 -> 0 | D13: =IFERROR(VLOOKUP(H13,'[1]Consolidado MP Planta'!$A$2:$M$823,13,0),"") | E13: =IFERROR(VLOOKUP(H13,'[1]Consolidado MP Planta'!$A$2:$M$823,12,0),"") | F13: =IFERROR(C13*E13,"") | G13: =IFERROR(F13/$F$66,"")
B14: =IFERROR(VLOOKUP(H14,'[1]Consolidado MP Planta'!$A$2:$M$823,3,0),"") | C14: =+A14 -> 0 | D14: =IFERROR(VLOOKUP(H14,'[1]Consolidado MP Planta'!$A$2:$M$823,13,0),"") | E14: =IFERROR(VLOOKUP(H14,'[1]Consolidado MP Planta'!$A$2:$M$823,12,0),"") | F14: =IFERROR(C14*E14,"") | G14: =IFERROR(F14/$F$66,"")
B15: =IFERROR(VLOOKUP(H15,[2]Hoja2!$A$2:$G$589,2,0),"")
A16: UNIDADES | B16: MATERIA PRIMA SEMIELABORADOS | C16: UNIDADES | D16: UND MEDIDA | E16: COSTO UNITARIO | F16: TOTAL COSTO | G16: % PREC. DEFINIDO | H16: CODIGOS
A17: 15 | B17: Mayo Mostaza French | C17: =+A17 -> 15 | D17: Gramos | E17: 1.7 | F17: =IFERROR(E17*C17,"") -> 25.5 | G17: =IFERROR(F17/$F$66,"") -> 0.04219993 | H17: SE00390
A18: 15 | B18: Empaque Almidon Modificado | C18: =+A18 -> 15 | D18: Gramos | E18: 2.05 | F18: =IFERROR(E18*C18,"") -> 30.75 | G18: =IFERROR(F18/$F$66,"") -> 0.050888151 | H18: SE00014
B19: =IFERROR(VLOOKUP(H19,[1]SEMIELABORADOS!$A$2:$M$6000,2,0),"") | C19: =+A19 -> 0 | D19: =IFERROR(VLOOKUP(H19,[1]SEMIELABORADOS!$A$2:$M$6000,6,0),"") | E19: =IFERROR(VLOOKUP(H19,[1]SEMIELABORADOS!$A$2:$H$65536,8,0),"") | F19: =IFERROR(E19*C19,"") | G19: =IFERROR(F19/$F$66,"")
B20: =IFERROR(VLOOKUP(H20,[1]SEMIELABORADOS!$A$2:$M$6000,2,0),"") | C20: =+A20 -> 0 | D20: =IFERROR(VLOOKUP(H20,[1]SEMIELABORADOS!$A$2:$M$6000,6,0),"") | E20: =IFERROR(VLOOKUP(H20,[1]SEMIELABORADOS!$A$2:$H$65536,8,0),"") | F20: =IFERROR(E20*C20,"") | G20: =IFERROR(F20/$F$66,"")
B21: =IFERROR(VLOOKUP(H21,[1]SEMIELABORADOS!$A$2:$M$6000,2,0),"") | C21: =+A21 -> 0 | D21: =IFERROR(VLOOKUP(H21,[1]SEMIELABORADOS!$A$2:$M$6000,6,0),"") | E21: =IFERROR(VLOOKUP(H21,[1]SEMIELABORADOS!$A$2:$H$65536,8,0),"") | F21: =IFERROR(E21*C21,"") | G21: =IFERROR(F21/$F$66,"")
B22: =IFERROR(VLOOKUP(H22,[1]SEMIELABORADOS!$A$2:$M$6000,2,0),"") | C22: =+A22 -> 0 | D22: =IFERROR(VLOOKUP(H22,[1]SEMIELABORADOS!$A$2:$M$6000,6,0),"") | E22: =IFERROR(VLOOKUP(H22,[1]SEMIELABORADOS!$A$2:$H$65536,8,0),"") | F22: =IFERROR(E22*C22,"") | G22: =IFERROR(F22/$F$66,"")
B23: =IFERROR(VLOOKUP(H23,[1]SEMIELABORADOS!$A$2:$M$6000,2,0),"") | C23: =+A23 -> 0 | D23: =IFERROR(VLOOKUP(H23,[1]SEMIELABORADOS!$A$2:$M$6000,6,0),"") | E23: =IFERROR(VLOOKUP(H23,[1]SEMIELABORADOS!$A$2:$H$65536,8,0),"") | F23: =IFERROR(E23*C23,"") | G23: =IFERROR(F23/$F$66,"")
B24: =IFERROR(VLOOKUP(H24,[1]SEMIELABORADOS!$A$2:$M$6000,2,0),"") | C24: =+A24 -> 0 | D24: =IFERROR(VLOOKUP(H24,[1]SEMIELABORADOS!$A$2:$M$6000,6,0),"") | E24: =IFERROR(VLOOKUP(H24,[1]SEMIELABORADOS!$A$2:$H$65536,8,0),"") | F24: =IFERROR(E24*C24,"") | G24: =IFERROR(F24/$F$66,"")
A26: UNIDADES | B26: EMPAQUE | C26: UNIDADES | D26: UND MEDIDA | E26: COSTO UNITARIO | F26: TOTAL COSTO | G26: % PREC. DEFINIDO | H26: CODIGOS
A27: 0 | B27: =IFERROR(VLOOKUP(H27,'[1]Consolidado MP Planta'!$A$2:$M$823,3,0),"") | C27: =+A27 -> 0 | D27: =IFERROR(VLOOKUP(H27,'[1]Consolidado MP Planta'!$A$2:$M$823,13,0),"") | E27: =IFERROR(VLOOKUP(H27,'[1]Consolidado MP Planta'!$A$2:$M$823,12,0),"") | F27: =IFERROR(C27*E27,"") | G27: =IFERROR(F27/$F$66,"")
B28: =IFERROR(VLOOKUP(H28,'[1]Consolidado MP Planta'!$A$2:$M$823,3,0),"") | C28: =+A28 -> 0 | D28: =IFERROR(VLOOKUP(H28,'[1]Consolidado MP Planta'!$A$2:$M$823,13,0),"") | E28: =IFERROR(VLOOKUP(H28,'[1]Consolidado MP Planta'!$A$2:$M$823,12,0),"") | F28: =IFERROR(C28*E28,"") | G28: =IFERROR(F28/$F$66,"")
B29: =IFERROR(VLOOKUP(H29,'[1]Consolidado MP Planta'!$A$2:$M$823,3,0),"") | C29: =+A29 -> 0 | D29: =IFERROR(VLOOKUP(H29,'[1]Consolidado MP Planta'!$A$2:$M$823,13,0),"") | E29: =IFERROR(VLOOKUP(H29,'[1]Consolidado MP Planta'!$A$2:$M$823,12,0),"") | F29: =IFERROR(C29*E29,"") | G29: =IFERROR(F29/$F$66,"")
B30: =IFERROR(VLOOKUP(H30,'[1]Consolidado MP Planta'!$A$2:$M$823,3,0),"") | C30: =+A30 -> 0 | D30: =IFERROR(VLOOKUP(H30,'[1]Consolidado MP Planta'!$A$2:$M$823,13,0),"") | E30: =IFERROR(VLOOKUP(H30,'[1]Consolidado MP Planta'!$A$2:$M$823,12,0),"") | F30: =IFERROR(C30*E30,"") | G30: =IFERROR(F30/$F$66,"")
B31: =IFERROR(VLOOKUP(H31,'[1]Consolidado MP Planta'!$A$2:$M$823,3,0),"") | C31: =+A31 -> 0 | D31: =IFERROR(VLOOKUP(H31,'[1]Consolidado MP Planta'!$A$2:$M$823,13,0),"") | E31: =IFERROR(VLOOKUP(H31,'[1]Consolidado MP Planta'!$A$2:$M$823,12,0),"") | F31: =IFERROR(C31*E31,"") | G31: =IFERROR(F31/$F$66,"")
B32: =IFERROR(VLOOKUP(H32,'[1]Consolidado MP Planta'!$A$2:$M$823,3,0),"") | C32: =+A32 -> 0 | D32: =IFERROR(VLOOKUP(H32,'[1]Consolidado MP Planta'!$A$2:$M$823,13,0),"") | E32: =IFERROR(VLOOKUP(H32,'[1]Consolidado MP Planta'!$A$2:$M$823,12,0),"") | F32: =IFERROR(C32*E32,"") | G32: =IFERROR(F32/$F$66,"")
A34: UNIDADES | B34: EMPAQUE SEMIELABORADOS | C34: UNIDADES | D34: UND MEDIDA | E34: COSTO UNITARIO | F34: TOTAL COSTO | G34: % PREC. DEFINIDO | H34: CODIGOS
A35: =+A17 -> 15 | B35: Mayo Mostaza French | C35: =+A35 -> 15 | D35: Gramos | E35: 0 | F35: =IFERROR(E35*C35,"") -> 0 | G35: =IFERROR(F35/$F$66,"") -> 0 | H35: SE00390
A36: =+A18 -> 15 | B36: Empaque Almidon Modificado | C36: =+A36 -> 15 | D36: Gramos | E36: 0.01 | F36: =IFERROR(E36*C36,"") -> 0.15 | G36: =IFERROR(F36/$F$66,"") -> 0.00024823488 | H36: SE00014
A37: =+A19 -> 0 | B37: =IFERROR(VLOOKUP(H37,[1]SEMIELABORADOS!$A$2:$M$6000,2,0),"") | C37: =+A37 -> 0 | D37: =IFERROR(VLOOKUP(H37,[1]SEMIELABORADOS!$A$2:$M$6000,6,0),"") | E37: =IFERROR(VLOOKUP(H37,[1]SEMIELABORADOS!$A$2:$M$65536,10,0),"") | F37: =IFERROR(E37*C37,"") | G37: =IFERROR(F37/$F$66,"")
A38: =+A20 -> 0 | B38: =IFERROR(VLOOKUP(H38,[1]SEMIELABORADOS!$A$2:$M$6000,2,0),"") | C38: =+A38 -> 0 | D38: =IFERROR(VLOOKUP(H38,[1]SEMIELABORADOS!$A$2:$M$6000,6,0),"") | E38: =IFERROR(VLOOKUP(H38,[1]SEMIELABORADOS!$A$2:$M$65536,10,0),"") | F38: =IFERROR(E38*C38,"") | G38: =IFERROR(F38/$F$66,"")
A39: =+A21 -> 0 | B39: =IFERROR(VLOOKUP(H39,[1]SEMIELABORADOS!$A$2:$M$6000,2,0),"") | C39: =+A39 -> 0 | D39: =IFERROR(VLOOKUP(H39,[1]SEMIELABORADOS!$A$2:$M$6000,6,0),"") | E39: =IFERROR(VLOOKUP(H39,[1]SEMIELABORADOS!$A$2:$M$65536,10,0),"") | F39: =IFERROR(E39*C39,"") | G39: =IFERROR(F39/$F$66,"")
A40: =+A22 -> 0 | B40: =IFERROR(VLOOKUP(H40,[1]SEMIELABORADOS!$A$2:$M$6000,2,0),"") | C40: =+A40 -> 0 | D40: =IFERROR(VLOOKUP(H40,[1]SEMIELABORADOS!$A$2:$M$6000,6,0),"") | E40: =IFERROR(VLOOKUP(H40,[1]SEMIELABORADOS!$A$2:$M$65536,10,0),"") | F40: =IFERROR(E40*C40,"") | G40: =IFERROR(F40/$F$66,"")
A41: =+A23 -> 0 | B41: =IFERROR(VLOOKUP(H41,[1]SEMIELABORADOS!$A$2:$M$6000,2,0),"") | C41: =+A41 -> 0 | D41: =IFERROR(VLOOKUP(H41,[1]SEMIELABORADOS!$A$2:$M$6000,6,0),"") | E41: =IFERROR(VLOOKUP(H41,[1]SEMIELABORADOS!$A$2:$M$65536,10,0),"") | F41: =IFERROR(E41*C41,"") | G41: =IFERROR(F41/$F$66,"")
A43: UNIDADES | B43: MODI | C43: UNIDADES | D43: UND MEDIDA | E43: COSTO UNITARIO | F43: TOTAL COSTO | G43: % PREC. DEFINIDO | H43: CODIGOS
A44: =+A35 -> 15 | B44: Mayo Mostaza French | C44: =+A44 -> 15 | D44: Gramos | E44: 0.34 | F44: =IFERROR(E44*C44,"") -> 5.1 | G44: =IFERROR(F44/$F$66,"") -> 0.0084399861 | H44: SE00390
A45: =+A36 -> 15 | B45: Empaque Almidon Modificado | C45: =+A45 -> 15 | D45: Gramos | E45: 0.01 | F45: =IFERROR(E45*C45,"") -> 0.15 | G45: =IFERROR(F45/$F$66,"") -> 0.00024823488 | H45: SE00014
A46: =+A37 -> 0 | B46: =IFERROR(VLOOKUP(H46,[1]SEMIELABORADOS!$A$2:$M$6000,2,0),"") | C46: =+A46 -> 0 | D46: =IFERROR(VLOOKUP(H46,[1]SEMIELABORADOS!$A$2:$M$6000,6,0),"") | E46: =IFERROR(VLOOKUP(H46,[1]SEMIELABORADOS!$A$2:$M$65536,12,0),"") | F46: =IFERROR(E46*C46,"") | G46: =IFERROR(F46/$F$66,"")
A47: =+A38 -> 0 | B47: =IFERROR(VLOOKUP(H47,[1]SEMIELABORADOS!$A$2:$M$6000,2,0),"") | C47: =+A47 -> 0 | D47: =IFERROR(VLOOKUP(H47,[1]SEMIELABORADOS!$A$2:$M$6000,6,0),"") | E47: =IFERROR(VLOOKUP(H47,[1]SEMIELABORADOS!$A$2:$M$65536,12,0),"") | F47: =IFERROR(E47*C47,"") | G47: =IFERROR(F47/$F$66,"")
A48: =+A39 -> 0 | B48: =IFERROR(VLOOKUP(H48,[1]SEMIELABORADOS!$A$2:$M$6000,2,0),"") | C48: =+A48 -> 0 | D48: =IFERROR(VLOOKUP(H48,[1]SEMIELABORADOS!$A$2:$M$6000,6,0),"") | E48: =IFERROR(VLOOKUP(H48,[1]SEMIELABORADOS!$A$2:$M$65536,12,0),"") | F48: =IFERROR(E48*C48,"") | G48: =IFERROR(F48/$F$66,"")
A49: =+A40 -> 0 | B49: =IFERROR(VLOOKUP(H49,[1]SEMIELABORADOS!$A$2:$M$6000,2,0),"") | C49: =+A49 -> 0 | D49: =IFERROR(VLOOKUP(H49,[1]SEMIELABORADOS!$A$2:$M$6000,6,0),"") | E49: =IFERROR(VLOOKUP(H49,[1]SEMIELABORADOS!$A$2:$M$65536,12,0),"") | F49: =IFERROR(E49*C49,"") | G49: =IFERROR(F49/$F$66,"")
A50: =+A41 -> 0 | B50: =IFERROR(VLOOKUP(H50,[1]SEMIELABORADOS!$A$2:$M$6000,2,0),"") | C50: =+A50 -> 0 | D50: =IFERROR(VLOOKUP(H50,[1]SEMIELABORADOS!$A$2:$M$6000,6,0),"") | E50: =IFERROR(VLOOKUP(H50,[1]SEMIELABORADOS!$A$2:$M$65536,12,0),"") | F50: =IFERROR(E50*C50,"") | G50: =IFERROR(F50/$F$66,"")
A51: 1 | B51: MODI PREPARACION | C51: =+A51 -> 1 | D51: N/A | E51: =+F65 -> 385 | F51: =IFERROR(C51*E51,"") -> 385 | G51: =IFERROR(F51/$F$66,"") -> 0.6371362
B53: TOTAL MATERIA PRIMA | F53: =SUM(F8:F14,F17:F24) -> 214.82 | G53: =+F53/$F$66 -> 0.35550545 | H53: =+F53/$D$60 -> 214.82
B54: TOTAL EMPAQUE | F54: =SUM(F27:F32,F35:F41) -> 0.15 | G54: =+F54/$F$66 -> 0.00024823488 | H54: =+F54/$D$60 -> 0.15 | K54: TOTAL MATERIA PRIMA + EMPAQUE | O54: =+F55 -> 214.97
B55: TOTAL MATERIAS P. + EMPAQUES | F55: =+F53+F54 -> 214.97 | G55: =+F55/$F$66 -> 0.35575369 | H55: =+F55/$D$60 -> 214.97 | M55: MODI PLANTA | O55: =+H56 -> 390.25
C56: TOTAL MODI | F56: =SUM(F44:F51) -> 390.25 | G56: =+F56/$F$66 -> 0.64582442 | H56: =+F56/$D$60 -> 390.25 | M56: DESECHO | O56: =O54*N56 -> 0
M57: COSTO PLANTA | O57: =SUM(O54:O56) -> 605.22
B58: GRAMOS | D58: 620 | H58: =+H56/77 -> 5.0681818 | M58: % GIF | O58: =+H59 -> 420.65909
B59: PESO POR UNIDAD | D59: 620 | H59: =+H58*83 -> 420.65909 | M59: COSTO PLANTA | O59: =SUM(O57:O58) -> 1025.8791
B60: UNIDADES TOTALES | D60: =+D58/D59 -> 1 | O60: =+O59*N60 -> 0
B61: UNIDAD MEDIDA | K61: PRECIO DE VENTA PLANTA A LOCAL | O61: =SUM(O59:O60) -> 1025.8791 | P61: GR
E62: S/ COSTO | F62: TOTAL | L62: UNIDAD | O62: =+O61/D60 -> 1025.8791 | P62: =+O62/D59 -> 1.6546437
B63: TOTAL MATERIAS P. + EMPAQUES | E63: =+F63/F63 -> 1 | F63: =SUM(F55) -> 214.97 | G63: =+F63/$F$66 -> 0.35575369
B64: DESECHOS Y PERDIDAS | E64: 0.02 | F64: =+F53*E64 -> 4.2964 | G64: =+F64/$F$66 -> 0.0071101091
B65: MANO OBRA DIRECTA | D65: 5 | E65: 77 | F65: =+E65*D65 -> 385 | G65: =+F65/$F$66 -> 0.6371362
B66: TOTAL COSTO PLANTA | F66: =SUM(F63:F65) -> 604.2664 | G66: =+F66/$F$66 -> 1 | M66: MODI 77 COLONES X MIN
M67: Gf 83 colones min
B68: COSTO POR GRAMO | M68: ,
B69: TOTAL COSTO MATERIA PRIMA | C69: =+F53 -> 214.82 | D69: =+D58 -> 620 | E69: =+C69/D69 -> 0.34648387
B71: TOTAL COSTO UNIDAD MP+DESECHO+EMPAQUE | C71: =SUM(F63:F64) -> 219.2664 | D71: =+D58 -> 620 | E71: =+C71/D71 -> 0.35365548
B73: TOTAL MODI PREPARACION POR GRAMO | C73: =+F65 -> 385 | D73: =+D58 -> 620 | E73: =+C73/D73 -> 0.62096774
B74: TOTAL MODI POR GRAMO | C74: =+F56 -> 390.25 | D74: =+D73 -> 620 | E74: =+C74/D74 -> 0.62943548
B76: TOTAL EMPAQUE POR GRAMO | C76: =+F54 -> 0.15 | D76: =+D74 -> 620 | E76: =+C76/D76 -> 0.00024193548
B78: TOTAL GRAMO MP+MODI | E78: =+E69+E74 -> 0.97591935
B80: COSTO POR UNIDAD
B81: TOTAL COSTO MATERIA PRIMA | C81: =+C69 -> 214.82 | D81: =+D60 -> 1 | E81: =+C81/D81 -> 214.82
B83: TOTAL COSTO UNIDAD MP+DESECHO+EMPAQUE | C83: =+C71 -> 219.2664 | D83: =+D60 -> 1 | E83: =+C83/D83 -> 219.2664
B85: TOTAL MODI POR GRAMO | C85: =+C73 -> 385 | D85: =+D60 -> 1 | E85: =+C85/D85 -> 385
B86: TOTAL MODI POR GRAMO | C86: =+C74 -> 390.25 | D86: =+D85 -> 1 | E86: =+C86/D86 -> 390.25

Sheet Empaque
H1: CÓDIGO: | I1: ESP-RE-EMPS-079
C2: ESPECIFICACION DE RECETA | H2: REVISIÓN: | I2: 02
C3: PTL00249 - 20100200 Empaque Mano de piedra | H3: FECHA DE APROBACIÓN: | I3: 45835
C4: Elaborado | D4: Javier Tong, Chef
C5: Aprobado | D5: Esteban Cartin, Gte Manufactura
A6: AREA QUE PRODUCE: | D6: Cocina | G6: AREA QUE EMPACA: | I6: Empaque
A7: # Código | B7: # Código Netsuite | C7: Descripción del ingrediente | D7: Marca | E7: Unidad Internacional | G7: Medida alternativa | I7: Costo - Referencia
E8: Cantidad | F8: Unidad medida | G8: Cantidad | H8: Unidad medida | I8: Colones
B9: SE00725 | C9: MANO DE PIEDRA COCCION | D9: FAS | E9: 150 | F9: g
B10: SE00726 | C10: SALSA MANO DE PIEDRA | D10: FAS | E10: 100 | F10: g
C12: Empaque
A13: 401000002 | B13: EM10045 | C13: BOLSA TRANSPARENTE 6X6X4 | D13: CEMUSA | E13: 1 | F13: ud
A14: 702069 | B14: EM10002 | C14: ETIQ.BLANCA 1 1/4 * 3/4 | D14: ETIPLAST | E14: 2 | F14: ud
A15: 702007 | B15: EM10004 | C15: ETIQ.FECHA VENCIMIENTO BLANCO | D15: ETIPLAST | E15: 1 | F15: ud
D20: Cantidad | E20: Unidad
A21: PESO TOTAL OBTENIDO | D21: 250 | E21: g | F21: Tiempo de Horneo:
A22: TIEMPO TOTAL DE PREPARACION | D22: 1 | E22: min | F22: Horno:
A23: CANTIDAD DE PORCIONES OBTENIDAS | D23: 1 | E23: ud | F23: Temperatura de Horneo:
A24: PESO DE CADA PORCIÓN | D24: 250 | E24: g | F24: Otros
A25: MERMA | D25: 0 | E25: g
A26: PROCEDIMIENTO DE PREPARACION DE LA RECETA
A27: 1.- Empacar 150g de mano de piedra con 100g de salsa en la bolsa 6x6x4
A28: 2.- Etiquetar
A35: CONTROL DE CAMBIOS
A36: Revision #2: Se aumenta la cantidad de salsa

Sheet Costo empaque 
E1: Precio Local | F1: Costo MP | G1: Costo EM | H1: Costo MO
E2: =IFERROR(O62,"") -> 1289.9028 | F2: =IFERROR(H53,"") -> 897.89979 | G2: =IFERROR(H54,"") -> 12.026202 | H2: =IFERROR(H56,"") -> 182.86385
A5: ESTRUCTURA DE COSTOS
F6: Fecha: | H6: =TODAY() -> 45937
A7: UNIDADES | B7: DESCRIPCION MAT.PRIMA | C7: UNIDADES | D7: UND MEDIDA | E7: COSTO UNITARIO | F7: TOTAL COSTO | G7: % PREC. DEFINIDO | H7: CODIGOS
B8: =IFERROR(VLOOKUP(H8,'[1]Consolidado MP Planta'!$A$2:$M$823,3,0),"") | C8: =+A8 -> 0 | D8: =IFERROR(VLOOKUP(H8,'[1]Consolidado MP Planta'!$A$2:$M$823,13,0),"") | E8: =IFERROR(VLOOKUP(H8,'[1]Consolidado MP Planta'!$A$2:$M$823,12,0),"") | F8: =IFERROR(C8*E8,"") | G8: =IFERROR(F8/$F$66,"")
B9: =IFERROR(VLOOKUP(H9,'[1]Consolidado MP Planta'!$A$2:$M$823,3,0),"") | C9: =+A9 -> 0 | D9: =IFERROR(VLOOKUP(H9,'[1]Consolidado MP Planta'!$A$2:$M$823,13,0),"") | E9: =IFERROR(VLOOKUP(H9,'[1]Consolidado MP Planta'!$A$2:$M$823,12,0),"") | F9: =IFERROR(C9*E9,"") | G9: =IFERROR(F9/$F$66,"")
B10: =IFERROR(VLOOKUP(H10,'[1]Consolidado MP Planta'!$A$2:$M$823,3,0),"") | C10: =+A10 -> 0 | D10: =IFERROR(VLOOKUP(H10,'[1]Consolidado MP Planta'!$A$2:$M$823,13,0),"") | E10: =IFERROR(VLOOKUP(H10,'[1]Consolidado MP Planta'!$A$2:$M$823,12,0),"") | F10: =IFERROR(C10*E10,"") | G10: =IFERROR(F10/$F$66,"")
B11: =IFERROR(VLOOKUP(H11,'[1]Consolidado MP Planta'!$A$2:$M$823,3,0),"") | C11: =+A11 -> 0 | D11: =IFERROR(VLOOKUP(H11,'[1]Consolidado MP Planta'!$A$2:$M$823,13,0),"") | E11: =IFERROR(VLOOKUP(H11,'[1]Consolidado MP Planta'!$A$2:$M$823,12,0),"") | F11: =IFERROR(C11*E11,"") | G11: =IFERROR(F11/$F$66,"")
B12: =IFERROR(VLOOKUP(H12,'[1]Consolidado MP Planta'!$A$2:$M$823,3,0),"") | C12: =+A12 -> 0 | D12: =IFERROR(VLOOKUP(H12,'[1]Consolidado MP Planta'!$A$2:$M$823,13,0),"") | E12: =IFERROR(VLOOKUP(H12,'[1]Consolidado MP Planta'!$A$2:$M$823,12,0),"") | F12: =IFERROR(C12*E12,"") | G12: =IFERROR(F12/$F$66,"")
B13: =IFERROR(VLOOKUP(H13,'[1]Consolidado MP Planta'!$A$2:$M$823,3,0),"") | C13: =+A13 -> 0 | D13: =IFERROR(VLOOKUP(H13,'[1]Consolidado MP Planta'!$A$2:$M$823,13,0),"") | E13: =IFERROR(VLOOKUP(H13,'[1]Consolidado MP Planta'!$A$2:$M$823,12,0),"") | F13: =IFERROR(C13*E13,"") | G13: =IFERROR(F13/$F$66,"")
B14: =IFERROR(VLOOKUP(H14,'[1]Consolidado MP Planta'!$A$2:$M$823,3,0),"") | C14: =+A14 -> 0 | D14: =IFERROR(VLOOKUP(H14,'[1]Consolidado MP Planta'!$A$2:$M$823,13,0),"") | E14: =IFERROR(VLOOKUP(H14,'[1]Consolidado MP Planta'!$A$2:$M$823,12,0),"") | F14: =IFERROR(C14*E14,"") | G14: =IFERROR(F14/$F$66,"")
B15: =IFERROR(VLOOKUP(H15,[2]Hoja2!$A$2:$G$589,2,0),"")
A16: UNIDADES | B16: MATERIA PRIMA SEMIELABORADOS | C16: UNIDADES | D16: UND MEDIDA | E16: COSTO UNITARIO | F16: TOTAL COSTO | G16: % PREC. DEFINIDO | H16: CODIGOS
A17: 150 | B17: MANO DE PIEDRA COCCION | C17: =+A17 -> 150 | D17: Gramos | E17: =+'Costo coccion'!E69 -> 5.8012072 | F17: =IFERROR(E17*C17,"") -> 870.18108 | G17: =IFERROR(F17/$F$66,"") -> 0.86595178
A18: 80 | B18: SALSA MANO DE PIEDRA | C18: =+A18 -> 80 | D18: Gramos | E18: =+'costo Salsa'!E69 -> 0.34648387 | F18: =IFERROR(E18*C18,"") -> 27.71871 | G18: =IFERROR(F18/$F$66,"") -> 0.02758399
B19: =IFERROR(VLOOKUP(H19,[1]SEMIELABORADOS!$A$2:$M$6000,2,0),"") | C19: =+A19 -> 0 | D19: =IFERROR(VLOOKUP(H19,[1]SEMIELABORADOS!$A$2:$M$6000,6,0),"") | E19: =IFERROR(VLOOKUP(H19,[1]SEMIELABORADOS!$A$2:$H$65536,8,0),"") | F19: =IFERROR(E19*C19,"") | G19: =IFERROR(F19/$F$66,"")
B20: =IFERROR(VLOOKUP(H20,[1]SEMIELABORADOS!$A$2:$M$6000,2,0),"") | C20: =+A20 -> 0 | D20: =IFERROR(VLOOKUP(H20,[1]SEMIELABORADOS!$A$2:$M$6000,6,0),"") | E20: =IFERROR(VLOOKUP(H20,[1]SEMIELABORADOS!$A$2:$H$65536,8,0),"") | F20: =IFERROR(E20*C20,"") | G20: =IFERROR(F20/$F$66,"")
B21: =IFERROR(VLOOKUP(H21,[1]SEMIELABORADOS!$A$2:$M$6000,2,0),"") | C21: =+A21 -> 0 | D21: =IFERROR(VLOOKUP(H21,[1]SEMIELABORADOS!$A$2:$M$6000,6,0),"") | E21: =IFERROR(VLOOKUP(H21,[1]SEMIELABORADOS!$A$2:$H$65536,8,0),"") | F21: =IFERROR(E21*C21,"") | G21: =IFERROR(F21/$F$66,"")
B22: =IFERROR(VLOOKUP(H22,[1]SEMIELABORADOS!$A$2:$M$6000,2,0),"") | C22: =+A22 -> 0 | D22: =IFERROR(VLOOKUP(H22,[1]SEMIELABORADOS!$A$2:$M$6000,6,0),"") | E22: =IFERROR(VLOOKUP(H22,[1]SEMIELABORADOS!$A$2:$H$65536,8,0),"") | F22: =IFERROR(E22*C22,"") | G22: =IFERROR(F22/$F$66,"")
B23: =IFERROR(VLOOKUP(H23,[1]SEMIELABORADOS!$A$2:$M$6000,2,0),"") | C23: =+A23 -> 0 | D23: =IFERROR(VLOOKUP(H23,[1]SEMIELABORADOS!$A$2:$M$6000,6,0),"") | E23: =IFERROR(VLOOKUP(H23,[1]SEMIELABORADOS!$A$2:$H$65536,8,0),"") | F23: =IFERROR(E23*C23,"") | G23: =IFERROR(F23/$F$66,"")
B24: =IFERROR(VLOOKUP(H24,[1]SEMIELABORADOS!$A$2:$M$6000,2,0),"") | C24: =+A24 -> 0 | D24: =IFERROR(VLOOKUP(H24,[1]SEMIELABORADOS!$A$2:$M$6000,6,0),"") | E24: =IFERROR(VLOOKUP(H24,[1]SEMIELABORADOS!$A$2:$H$65536,8,0),"") | F24: =IFERROR(E24*C24,"") | G24: =IFERROR(F24/$F$66,"")
A26: UNIDADES | B26: EMPAQUE | C26: UNIDADES | D26: UND MEDIDA | E26: COSTO UNITARIO | F26: TOTAL COSTO | G26: % PREC. DEFINIDO | H26: CODIGOS
A27: 1 | B27: =IFERROR(VLOOKUP(H27,'[1]Consolidado MP Planta'!$A$2:$M$823,3,0),"") -> BOLSA TRANSPARENTE 6X6X4 KILO | C27: =+A27 -> 1 | D27: =IFERROR(VLOOKUP(H27,'[1]Consolidado MP Planta'!$A$2:$M$823,13,0),"") -> Und | E27: 10.5 | F27: =IFERROR(C27*E27,"") -> 10.5 | G27: =IFERROR(F27/$F$66,"") -> 0.010448967 | H27: 401000002
A28: 2 | B28: =IFERROR(VLOOKUP(H28,'[1]Consolidado MP Planta'!$A$2:$M$823,3,0),"") -> ETIQ.BLANCA 1 1/4 * 3/4 (UND) | C28: =+A28 -> 2 | D28: =IFERROR(VLOOKUP(H28,'[1]Consolidado MP Planta'!$A$2:$M$823,13,0),"") -> Und | E28: =IFERROR(VLOOKUP(H28,'[1]Consolidado MP Planta'!$A$2:$M$823,12,0),"") -> 0.58 | F28: =IFERROR(C28*E28,"") -> 1.16 | G28: =IFERROR(F28/$F$66,"") -> 0.0011543621 | H28: 0702069
A29: 1 | B29: =IFERROR(VLOOKUP(H29,'[1]Consolidado MP Planta'!$A$2:$M$823,3,0),"") -> ETIQ.FECHA VENCIMIENTO BLANCO (ROLLO) | C29: =+A29 -> 1 | D29: =IFERROR(VLOOKUP(H29,'[1]Consolidado MP Planta'!$A$2:$M$823,13,0),"") -> Gramos | E29: =IFERROR(VLOOKUP(H29,'[1]Consolidado MP Planta'!$A$2:$M$823,12,0),"") -> 0.33333333 | F29: =IFERROR(C29*E29,"") -> 0.33333333 | G29: =IFERROR(F29/$F$66,"") -> 0.00033171325 | H29: 0702007
B30: =IFERROR(VLOOKUP(H30,'[1]Consolidado MP Planta'!$A$2:$M$823,3,0),"") | C30: =+A30 -> 0 | D30: =IFERROR(VLOOKUP(H30,'[1]Consolidado MP Planta'!$A$2:$M$823,13,0),"") | E30: =IFERROR(VLOOKUP(H30,'[1]Consolidado MP Planta'!$A$2:$M$823,12,0),"") | F30: =IFERROR(C30*E30,"") | G30: =IFERROR(F30/$F$66,"")
B31: =IFERROR(VLOOKUP(H31,'[1]Consolidado MP Planta'!$A$2:$M$823,3,0),"") | C31: =+A31 -> 0 | D31: =IFERROR(VLOOKUP(H31,'[1]Consolidado MP Planta'!$A$2:$M$823,13,0),"") | E31: =IFERROR(VLOOKUP(H31,'[1]Consolidado MP Planta'!$A$2:$M$823,12,0),"") | F31: =IFERROR(C31*E31,"") | G31: =IFERROR(F31/$F$66,"")
B32: =IFERROR(VLOOKUP(H32,'[1]Consolidado MP Planta'!$A$2:$M$823,3,0),"") | C32: =+A32 -> 0 | D32: =IFERROR(VLOOKUP(H32,'[1]Consolidado MP Planta'!$A$2:$M$823,13,0),"") | E32: =IFERROR(VLOOKUP(H32,'[1]Consolidado MP Planta'!$A$2:$M$823,12,0),"") | F32: =IFERROR(C32*E32,"") | G32: =IFERROR(F32/$F$66,"")
A34: UNIDADES | B34: EMPAQUE SEMIELABORADOS | C34: UNIDADES | D34: UND MEDIDA | E34: COSTO UNITARIO | F34: TOTAL COSTO | G34: % PREC. DEFINIDO | H34: CODIGOS
A35: =+A17 -> 150 | B35: MANO DE PIEDRA COCCION | C35: =+A35 -> 150 | D35: Gramos | E35: =+'Costo coccion'!E76 -> 9.009009e-05 | F35: =IFERROR(E35*C35,"") -> 0.013513514 | G35: =IFERROR(F35/$F$66,"") -> 1.3447834e-05
A36: =+A18 -> 80 | B36: SALSA MANO DE PIEDRA | C36: =+A36 -> 80 | D36: Gramos | E36: =+'costo Salsa'!E76 -> 0.00024193548 | F36: =IFERROR(E36*C36,"") -> 0.019354839 | G36: =IFERROR(F36/$F$66,"") -> 1.9260769e-05
A37: =+A19 -> 0 | B37: =IFERROR(VLOOKUP(H37,[1]SEMIELABORADOS!$A$2:$M$6000,2,0),"") | C37: =+A37 -> 0 | D37: =IFERROR(VLOOKUP(H37,[1]SEMIELABORADOS!$A$2:$M$6000,6,0),"") | E37: =IFERROR(VLOOKUP(H37,[1]SEMIELABORADOS!$A$2:$M$65536,10,0),"") | F37: =IFERROR(E37*C37,"") | G37: =IFERROR(F37/$F$66,"")
A38: =+A20 -> 0 | B38: =IFERROR(VLOOKUP(H38,[1]SEMIELABORADOS!$A$2:$M$6000,2,0),"") | C38: =+A38 -> 0 | D38: =IFERROR(VLOOKUP(H38,[1]SEMIELABORADOS!$A$2:$M$6000,6,0),"") | E38: =IFERROR(VLOOKUP(H38,[1]SEMIELABORADOS!$A$2:$M$65536,10,0),"") | F38: =IFERROR(E38*C38,"") | G38: =IFERROR(F38/$F$66,"")
A39: =+A21 -> 0 | B39: =IFERROR(VLOOKUP(H39,[1]SEMIELABORADOS!$A$2:$M$6000,2,0),"") | C39: =+A39 -> 0 | D39: =IFERROR(VLOOKUP(H39,[1]SEMIELABORADOS!$A$2:$M$6000,6,0),"") | E39: =IFERROR(VLOOKUP(H39,[1]SEMIELABORADOS!$A$2:$M$65536,10,0),"") | F39: =IFERROR(E39*C39,"") | G39: =IFERROR(F39/$F$66,"")
A40: =+A22 -> 0 | B40: =IFERROR(VLOOKUP(H40,[1]SEMIELABORADOS!$A$2:$M$6000,2,0),"") | C40: =+A40 -> 0 | D40: =IFERROR(VLOOKUP(H40,[1]SEMIELABORADOS!$A$2:$M$6000,6,0),"") | E40: =IFERROR(VLOOKUP(H40,[1]SEMIELABORADOS!$A$2:$M$65536,10,0),"") | F40: =IFERROR(E40*C40,"") | G40: =IFERROR(F40/$F$66,"")
A41: =+A23 -> 0 | B41: =IFERROR(VLOOKUP(H41,[1]SEMIELABORADOS!$A$2:$M$6000,2,0),"") | C41: =+A41 -> 0 | D41: =IFERROR(VLOOKUP(H41,[1]SEMIELABORADOS!$A$2:$M$6000,6,0),"") | E41: =IFERROR(VLOOKUP(H41,[1]SEMIELABORADOS!$A$2:$M$65536,10,0),"") | F41: =IFERROR(E41*C41,"") | G41: =IFERROR(F41/$F$66,"")
A43: UNIDADES | B43: MODI | C43: UNIDADES | D43: UND MEDIDA | E43: COSTO UNITARIO | F43: TOTAL COSTO | G43: % PREC. DEFINIDO | H43: CODIGOS
A44: =+A35 -> 150 | B44: MANO DE PIEDRA COCCION | C44: =+A44 -> 150 | D44: Gramos | E44: =+'Costo coccion'!E74 -> 0.37006006 | F44: =IFERROR(E44*C44,"") -> 55.509009 | G44: =IFERROR(F44/$F$66,"") -> 0.055239221
A45: =+A36 -> 80 | B45: SALSA MANO DE PIEDRA | C45: =+A45 -> 80 | D45: Gramos | E45: =+'costo Salsa'!E74 -> 0.62943548 | F45: =IFERROR(E45*C45,"") -> 50.354839 | G45: =IFERROR(F45/$F$66,"") -> 0.050110102
A46: =+A37 -> 0 | B46: =IFERROR(VLOOKUP(H46,[1]SEMIELABORADOS!$A$2:$M$6000,2,0),"") | C46: =+A46 -> 0 | D46: =IFERROR(VLOOKUP(H46,[1]SEMIELABORADOS!$A$2:$M$6000,6,0),"") | E46: =IFERROR(VLOOKUP(H46,[1]SEMIELABORADOS!$A$2:$M$65536,12,0),"") | F46: =IFERROR(E46*C46,"") | G46: =IFERROR(F46/$F$66,"")
A47: =+A38 -> 0 | B47: =IFERROR(VLOOKUP(H47,[1]SEMIELABORADOS!$A$2:$M$6000,2,0),"") | C47: =+A47 -> 0 | D47: =IFERROR(VLOOKUP(H47,[1]SEMIELABORADOS!$A$2:$M$6000,6,0),"") | E47: =IFERROR(VLOOKUP(H47,[1]SEMIELABORADOS!$A$2:$M$65536,12,0),"") | F47: =IFERROR(E47*C47,"") | G47: =IFERROR(F47/$F$66,"")
A48: =+A39 -> 0 | B48: =IFERROR(VLOOKUP(H48,[1]SEMIELABORADOS!$A$2:$M$6000,2,0),"") | C48: =+A48 -> 0 | D48: =IFERROR(VLOOKUP(H48,[1]SEMIELABORADOS!$A$2:$M$6000,6,0),"") | E48: =IFERROR(VLOOKUP(H48,[1]SEMIELABORADOS!$A$2:$M$65536,12,0),"") | F48: =IFERROR(E48*C48,"") | G48: =IFERROR(F48/$F$66,"")
A49: =+A40 -> 0 | B49: =IFERROR(VLOOKUP(H49,[1]SEMIELABORADOS!$A$2:$M$6000,2,0),"") | C49: =+A49 -> 0 | D49: =IFERROR(VLOOKUP(H49,[1]SEMIELABORADOS!$A$2:$M$6000,6,0),"") | E49: =IFERROR(VLOOKUP(H49,[1]SEMIELABORADOS!$A$2:$M$65536,12,0),"") | F49: =IFERROR(E49*C49,"") | G49: =IFERROR(F49/$F$66,"")
A50: =+A41 -> 0 | B50: =IFERROR(VLOOKUP(H50,[1]SEMIELABORADOS!$A$2:$M$6000,2,0),"") | C50: =+A50 -> 0 | D50: =IFERROR(VLOOKUP(H50,[1]SEMIELABORADOS!$A$2:$M$6000,6,0),"") | E50: =IFERROR(VLOOKUP(H50,[1]SEMIELABORADOS!$A$2:$M$65536,12,0),"") | F50: =IFERROR(E50*C50,"") | G50: =IFERROR(F50/$F$66,"")
A51: 1 | B51: MODI PREPARACION | C51: =+A51 -> 1 | D51: N/A | E51: =+F65 -> 77 | F51: =IFERROR(C51*E51,"") -> 77 | G51: =IFERROR(F51/$F$66,"") -> 0.076625761
B53: TOTAL MATERIA PRIMA | F53: =SUM(F8:F14,F17:F24) -> 897.89979 | G53: =+F53/$F$66 -> 0.89353577 | H53: =+F53/$D$60 -> 897.89979
B54: TOTAL EMPAQUE | F54: =SUM(F27:F32,F35:F41) -> 12.026202 | G54: =+F54/$F$66 -> 0.011967751 | H54: =+F54/$D$60 -> 12.026202 | K54: TOTAL MATERIA PRIMA + EMPAQUE | O54: =+F55 -> 909.92599
B55: TOTAL MATERIAS P. + EMPAQUES | F55: =+F53+F54 -> 909.92599 | G55: =+F55/$F$66 -> 0.90550352 | H55: =+F55/$D$60 -> 909.92599 | M55: MODI PLANTA | O55: =+H56 -> 182.86385
C56: TOTAL MODI | F56: =SUM(F44:F51) -> 182.86385 | G56: =+F56/$F$66 -> 0.18197508 | H56: =+F56/$D$60 -> 182.86385 | M56: DESECHO | O56: =O54*N56 -> 0
M57: COSTO PLANTA | O57: =SUM(O54:O56) -> 1092.7898
B58: GRAMOS | D58: 230 | H58: =+H56/77 -> 2.3748552 | M58: % GIF | O58: =+H59 -> 197.11298
B59: PESO POR UNIDAD | D59: 230 | H59: =+H58*83 -> 197.11298 | M59: COSTO PLANTA | O59: =SUM(O57:O58) -> 1289.9028
B60: UNIDADES TOTALES | D60: =+D58/D59 -> 1 | O60: =+O59*N60 -> 0
B61: UNIDAD MEDIDA | K61: PRECIO DE VENTA PLANTA A LOCAL | O61: =SUM(O59:O60) -> 1289.9028 | P61: GR
E62: S/ COSTO | F62: TOTAL | L62: UNIDAD | O62: =+O61/D60 -> 1289.9028 | P62: =+O62/D59 -> 5.6082731
B63: TOTAL MATERIAS P. + EMPAQUES | E63: =+F63/F63 -> 1 | F63: =SUM(F55) -> 909.92599 | G63: =+F63/$F$66 -> 0.90550352
B64: DESECHOS Y PERDIDAS | E64: 0.02 | F64: =+F53*E64 -> 17.957996 | G64: =+F64/$F$66 -> 0.017870715
B65: MANO OBRA DIRECTA | D65: 1 | E65: 77 | F65: =+E65*D65 -> 77 | G65: =+F65/$F$66 -> 0.076625761
B66: TOTAL COSTO PLANTA | F66: =SUM(F63:F65) -> 1004.884 | G66: =+F66/$F$66 -> 1 | M66: MODI 77 COLONES X MIN
M67: Gf 83 colones min
B68: COSTO POR GRAMO | M68: ,
B69: TOTAL COSTO MATERIA PRIMA | C69: =+F53 -> 897.89979 | D69: =+D58 -> 230 | E69: =+C69/D69 -> 3.9039121
B71: TOTAL COSTO UNIDAD MP+DESECHO+EMPAQUE | C71: =SUM(F63:F64) -> 927.88399 | D71: =+D58 -> 230 | E71: =+C71/D71 -> 4.0342782
B73: TOTAL MODI PREPARACION POR GRAMO | C73: =+F65 -> 77 | D73: =+D58 -> 230 | E73: =+C73/D73 -> 0.33478261
B74: TOTAL MODI POR GRAMO | C74: =+F56 -> 182.86385 | D74: =+D73 -> 230 | E74: =+C74/D74 -> 0.79506021
B76: TOTAL EMPAQUE POR GRAMO | C76: =+F54 -> 12.026202 | D76: =+D74 -> 230 | E76: =+C76/D76 -> 0.052287833
B78: TOTAL GRAMO MP+MODI | E78: =+E69+E74 -> 4.6989723
B80: COSTO POR UNIDAD
B81: TOTAL COSTO MATERIA PRIMA | C81: =+C69 -> 897.89979 | D81: =+D60 -> 1 | E81: =+C81/D81 -> 897.89979
B83: TOTAL COSTO UNIDAD MP+DESECHO+EMPAQUE | C83: =+C71 -> 927.88399 | D83: =+D60 -> 1 | E83: =+C83/D83 -> 927.88399
B85: TOTAL MODI POR GRAMO | C85: =+C73 -> 77 | D85: =+D60 -> 1 | E85: =+C85/D85 -> 77
B86: TOTAL MODI POR GRAMO | C86: =+C74 -> 182.86385 | D86: =+D85 -> 1 | E86: =+C86/D86 -> 182.86385
