Workbook

Sheet Costo Pistacho Tostado
E1: Precio Local | F1: Costo MP | G1: Costo EM | H1: Costo MO
E2: =IFERROR(O62,"") -> 12891 | F2: =IFERROR(H53,"") -> 12750 | G2: =IFERROR(H54,"") -> 0 | H2: =IFERROR(H56,"") -> 77
M4: 25
A5: ESTRUCTURA DE COSTOS | M5: =+M4*510 -> 12750
F6: Fecha: | H6: =TODAY() -> 45890
A7: UNIDADES | B7: DESCRIPCION MAT.PRIMA | C7: UNIDADES | D7: UND MEDIDA | E7: COSTO UNITARIO | F7: TOTAL COSTO | G7: % PREC. DEFINIDO | H7: CODIGOS
A8: 1000 | B8: PISTACHO ENTERO PELADO | C8: =+A8 -> 1000 | D8: Gramos | E8: 12.75 | F8: =IFERROR(C8*E8,"") -> 12750 | G8: =IFERROR(F8/$F$66,"") -> 0.97462162 | H8: Nuevos
B9: =IFERROR(VLOOKUP(H9,'[1]Consolidado MP Planta'!$A$2:$M$823,3,0),"") | C9: =+A9 -> 0 | D9: =IFERROR(VLOOKUP(H9,'[1]Consolidado MP Planta'!$A$2:$M$823,13,0),"") | E9: =IFERROR(VLOOKUP(H9,'[1]Consolidado MP Planta'!$A$2:$M$823,12,0),"") | F9: =IFERROR(C9*E9,"") | G9: =IFERROR(F9/$F$66,"")
B10: =IFERROR(VLOOKUP(H10,'[1]Consolidado MP Planta'!$A$2:$M$823,3,0),"") | C10: =+A10 -> 0 | D10: =IFERROR(VLOOKUP(H10,'[1]Consolidado MP Planta'!$A$2:$M$823,13,0),"") | E10: =IFERROR(VLOOKUP(H10,'[1]Consolidado MP Planta'!$A$2:$M$823,12,0),"") | F10: =IFERROR(C10*E10,"") | G10: =IFERROR(F10/$F$66,"")
B11: =IFERROR(VLOOKUP(H11,'[1]Consolidado MP Planta'!$A$2:$M$823,3,0),"") | C11: =+A11 -> 0 | D11: =IFERROR(VLOOKUP(H11,'[1]Consolidado MP Planta'!$A$2:$M$823,13,0),"") | E11: =IFERROR(VLOOKUP(H11,'[1]Consolidado MP Planta'!$A$2:$M$823,12,0),"") | F11: =IFERROR(C11*E11,"") | G11: =IFERROR(F11/$F$66,"")
B12: =IFERROR(VLOOKUP(H12,'[1]Consolidado MP Planta'!$A$2:$M$823,3,0),"") | C12: =+A12 -> 0 | D12: =IFERROR(VLOOKUP(H12,'[1]Consolidado MP Planta'!$A$2:$M$823,13,0),"") | E12: =IFERROR(VLOOKUP(H12,'[1]Consolidado MP Planta'!$A$2:$M$823,12,0),"") | F12: =IFERROR(C12*E12,"") | G12: =IFERROR(F12/$F$66,"")
B13: =IFERROR(VLOOKUP(H13,'[1]Consolidado MP Planta'!$A$2:$M$823,3,0),"") | C13: =+A13 -> 0 | D13: =IFERROR(VLOOKUP(H13,'[1]Consolidado MP Planta'!$A$2:$M$823,13,0),"") | E13: =IFERROR(VLOOKUP(H13,'[1]Consolidado MP Planta'!$A$2:$M$823,12,0),"") | F13: =IFERROR(C13*E13,"") | G13: =IFERROR(F13/$F$66,"")
B14: =IFERROR(VLOOKUP(H14,'[1]Consolidado MP Planta'!$A$2:$M$823,3,0),"") | C14: =+A14 -> 0 | D14: =IFERROR(VLOOKUP(H14,'[1]Consolidado MP Planta'!$A$2:$M$823,13,0),"") | E14: =IFERROR(VLOOKUP(H14,'[1]Consolidado MP Planta'!$A$2:$M$823,12,0),"") | F14: =IFERROR(C14*E14,"") | G14: =IFERROR(F14/$F$66,"")
B15: =IFERROR(VLOOKUP(H15,'[2]ARTICULOS MP PLANTA'!$A$2:$G$589,2,0),"")
A16: UNIDADES | B16: MATERIA PRIMA SEMIELABORADOS | C16: UNIDADES | D16: UND MEDIDA | E16: COSTO UNITARIO | F16: TOTAL COSTO | G16: % PREC. DEFINIDO | H16: CODIGOS
B17: =IFERROR(VLOOKUP(H17,[1]SEMIELABORADOS!$A$2:$M$6000,2,0),"") | C17: =+A17 -> 0 | D17: =IFERROR(VLOOKUP(H17,[1]SEMIELABORADOS!$A$2:$M$6000,6,0),"") | E17: =IFERROR(VLOOKUP(H17,[1]SEMIELABORADOS!$A$2:$H$65536,8,0),"") | F17: =IFERROR(E17*C17,"") | G17: =IFERROR(F17/$F$66,"")
B18: =IFERROR(VLOOKUP(H18,[1]SEMIELABORADOS!$A$2:$M$6000,2,0),"") | C18: =+A18 -> 0 | D18: =IFERROR(VLOOKUP(H18,[1]SEMIELABORADOS!$A$2:$M$6000,6,0),"") | E18: =IFERROR(VLOOKUP(H18,[1]SEMIELABORADOS!$A$2:$H$65536,8,0),"") | F18: =IFERROR(E18*C18,"") | G18: =IFERROR(F18/$F$66,"")
B19: =IFERROR(VLOOKUP(H19,[1]SEMIELABORADOS!$A$2:$M$6000,2,0),"") | C19: =+A19 -> 0 | D19: =IFERROR(VLOOKUP(H19,[1]SEMIELABORADOS!$A$2:$M$6000,6,0),"") | E19: =IFERROR(VLOOKUP(H19,[1]SEMIELABORADOS!$A$2:$H$65536,8,0),"") | F19: =IFERROR(E19*C19,"") | G19: =IFERROR(F19/$F$66,"")
B20: =IFERROR(VLOOKUP(H20,[1]SEMIELABORADOS!$A$2:$M$6000,2,0),"") | C20: =+A20 -> 0 | D20: =IFERROR(VLOOKUP(H20,[1]SEMIELABORADOS!$A$2:$M$6000,6,0),"") | E20: =IFERROR(VLOOKUP(H20,[1]SEMIELABORADOS!$A$2:$H$65536,8,0),"") | F20: =IFERROR(E20*C20,"") | G20: =IFERROR(F20/$F$66,"")
B21: =IFERROR(VLOOKUP(H21,[1]SEMIELABORADOS!$A$2:$M$6000,2,0),"") | C21: =+A21 -> 0 | D21: =IFERROR(VLOOKUP(H21,[1]SEMIELABORADOS!$A$2:$M$6000,6,0),"") | E21: =IFERROR(VLOOKUP(H21,[1]SEMIELABORADOS!$A$2:$H$65536,8,0),"") | F21: =IFERROR(E21*C21,"") | G21: =IFERROR(F21/$F$66,"")
B22: =IFERROR(VLOOKUP(H22,[1]SEMIELABORADOS!$A$2:$M$6000,2,0),"") | C22: =+A22 -> 0 | D22: =IFERROR(VLOOKUP(H22,[1]SEMIELABORADOS!$A$2:$M$6000,6,0),"") | E22: =IFERROR(VLOOKUP(H22,[1]SEMIELABORADOS!$A$2:$H$65536,8,0),"") | F22: =IFERROR(E22*C22,"") | G22: =IFERROR(F22/$F$66,"")
B23: =IFERROR(VLOOKUP(H23,[1]SEMIELABORADOS!$A$2:$M$6000,2,0),"") | C23: =+A23 -> 0 | D23: =IFERROR(VLOOKUP(H23,[1]SEMIELABORADOS!$A$2:$M$6000,6,0),"") | E23: =IFERROR(VLOOKUP(H23,[1]SEMIELABORADOS!$A$2:$H$65536,8,0),"") | F23: =IFERROR(E23*C23,"") | G23: =IFERROR(F23/$F$66,"")
B24: =IFERROR(VLOOKUP(H24,[1]SEMIELABORADOS!$A$2:$M$6000,2,0),"") | C24: =+A24 -> 0 | D24: =IFERROR(VLOOKUP(H24,[1]SEMIELABORADOS!$A$2:$M$6000,6,0),"") | E24: =IFERROR(VLOOKUP(H24,[1]SEMIELABORADOS!$A$2:$H$65536,8,0),"") | F24: =IFERROR(E24*C24,"") | G24: =IFERROR(F24/$F$66,"")
A26: UNIDADES | B26: EMPAQUE | C26: UNIDADES | D26: UND MEDIDA | E26: COSTO UNITARIO | F26: TOTAL COSTO | G26: % PREC. DEFINIDO | H26: CODIGOS
A27: 0 | B27: =IFERROR(VLOOKUP(H27,'[1]Consolidado MP Planta'!$A$2:$M$823,3,0),"") | C27: =+A27 -> 0 | D27: =IFERROR(VLOOKUP(H27,'[1]Consolidado MP Planta'!$A$2:$M$823,13,0),"") | E27: =IFERROR(VLOOKUP(H27,'[1]Consolidado MP Planta'!$A$2:$M$823,12,0),"") | F27: =IFERROR(C27*E27,"") | G27: =IFERROR(F27/$F$66,"")
B28: =IFERROR(VLOOKUP(H28,'[1]Consolidado MP Planta'!$A$2:$M$823,3,0),"") | C28: =+A28 -> 0 | D28: =IFERROR(VLOOKUP(H28,'[1]Consolidado MP Planta'!$A$2:$M$823,13,0),"") | E28: =IFERROR(VLOOKUP(H28,'[1]Consolidado MP Planta'!$A$2:$M$823,12,0),"") | F28: =IFERROR(C28*E28,"") | G28: =IFERROR(F28/$F$66,"")
B29: =IFERROR(VLOOKUP(H29,'[1]Consolidado MP Planta'!$A$2:$M$823,3,0),"") | C29: =+A29 -> 0 | D29: =IFERROR(VLOOKUP(H29,'[1]Consolidado MP Planta'!$A$2:$M$823,13,0),"") | E29: =IFERROR(VLOOKUP(H29,'[1]Consolidado MP Planta'!$A$2:$M$823,12,0),"") | F29: =IFERROR(C29*E29,"") | G29: =IFERROR(F29/$F$66,"")
B30: =IFERROR(VLOOKUP(H30,'[1]Consolidado MP Planta'!$A$2:$M$823,3,0),"") | C30: =+A30 -> 0 | D30: =IFERROR(VLOOKUP(H30,'[1]Consolidado MP Planta'!$A$2:$M$823,13,0),"") | E30: =IFERROR(VLOOKUP(H30,'[1]Consolidado MP Planta'!$A$2:$M$823,12,0),"") | F30: =IFERROR(C30*E30,"") | G30: =IFERROR(F30/$F$66,"")
B31: =IFERROR(VLOOKUP(H31,'[1]Consolidado MP Planta'!$A$2:$M$823,3,0),"") | C31: =+A31 -> 0 | D31: =IFERROR(VLOOKUP(H31,'[1]Consolidado MP Planta'!$A$2:$M$823,13,0),"") | E31: =IFERROR(VLOOKUP(H31,'[1]Consolidado MP Planta'!$A$2:$M$823,12,0),"") | F31: =IFERROR(C31*E31,"") | G31: =IFERROR(F31/$F$66,"")
B32: =IFERROR(VLOOKUP(H32,'[1]Consolidado MP Planta'!$A$2:$M$823,3,0),"") | C32: =+A32 -> 0 | D32: =IFERROR(VLOOKUP(H32,'[1]Consolidado MP Planta'!$A$2:$M$823,13,0),"") | E32: =IFERROR(VLOOKUP(H32,'[1]Consolidado MP Planta'!$A$2:$M$823,12,0),"") | F32: =IFERROR(C32*E32,"") | G32: =IFERROR(F32/$F$66,"")
A34: UNIDADES | B34: EMPAQUE SEMIELABORADOS | C34: UNIDADES | D34: UND MEDIDA | E34: COSTO UNITARIO | F34: TOTAL COSTO | G34: % PREC. DEFINIDO | H34: CODIGOS
A35: =+A17 -> 0 | B35: =IFERROR(VLOOKUP(H35,[1]SEMIELABORADOS!$A$2:$M$6000,2,0),"") | C35: =+A35 -> 0 | D35: =IFERROR(VLOOKUP(H35,[1]SEMIELABORADOS!$A$2:$M$6000,6,0),"") | E35: =IFERROR(VLOOKUP(H35,[1]SEMIELABORADOS!$A$2:$M$65536,10,0),"") | F35: =IFERROR(E35*C35,"") | G35: =IFERROR(F35/$F$66,"")
A36: =+A18 -> 0 | B36: =IFERROR(VLOOKUP(H36,[1]SEMIELABORADOS!$A$2:$M$6000,2,0),"") | C36: =+A36 -> 0 | D36: =IFERROR(VLOOKUP(H36,[1]SEMIELABORADOS!$A$2:$M$6000,6,0),"") | E36: =IFERROR(VLOOKUP(H36,[1]SEMIELABORADOS!$A$2:$M$65536,10,0),"") | F36: =IFERROR(E36*C36,"") | G36: =IFERROR(F36/$F$66,"")
A37: =+A19 -> 0 | B37: =IFERROR(VLOOKUP(H37,[1]SEMIELABORADOS!$A$2:$M$6000,2,0),"") | C37: =+A37 -> 0 | D37: =IFERROR(VLOOKUP(H37,[1]SEMIELABORADOS!$A$2:$M$6000,6,0),"") | E37: =IFERROR(VLOOKUP(H37,[1]SEMIELABORADOS!$A$2:$M$65536,10,0),"") | F37: =IFERROR(E37*C37,"") | G37: =IFERROR(F37/$F$66,"")
A38: =+A20 -> 0 | B38: =IFERROR(VLOOKUP(H38,[1]SEMIELABORADOS!$A$2:$M$6000,2,0),"") | C38: =+A38 -> 0 | D38: =IFERROR(VLOOKUP(H38,[1]SEMIELABORADOS!$A$2:$M$6000,6,0),"") | E38: =IFERROR(VLOOKUP(H38,[1]SEMIELABORADOS!$A$2:$M$65536,10,0),"") | F38: =IFERROR(E38*C38,"") | G38: =IFERROR(F38/$F$66,"")
A39: =+A21 -> 0 | B39: =IFERROR(VLOOKUP(H39,[1]SEMIELABORADOS!$A$2:$M$6000,2,0),"") | C39: =+A39 -> 0 | D39: =IFERROR(VLOOKUP(H39,[1]SEMIELABORADOS!$A$2:$M$6000,6,0),"") | E39: =IFERROR(VLOOKUP(H39,[1]SEMIELABORADOS!$A$2:$M$65536,10,0),"") | F39: =IFERROR(E39*C39,"") | G39: =IFERROR(F39/$F$66,"")
A40: =+A22 -> 0 | B40: =IFERROR(VLOOKUP(H40,[1]SEMIELABORADOS!$A$2:$M$6000,2,0),"") | C40: =+A40 -> 0 | D40: =IFERROR(VLOOKUP(H40,[1]SEMIELABORADOS!$A$2:$M$6000,6,0),"") | E40: =IFERROR(VLOOKUP(H40,[1]SEMIELABORADOS!$A$2:$M$65536,10,0),"") | F40: =IFERROR(E40*C40,"") | G40: =IFERROR(F40/$F$66,"")
A41: =+A23 -> 0 | B41: =IFERROR(VLOOKUP(H41,[1]SEMIELABORADOS!$A$2:$M$6000,2,0),"") | C41: =+A41 -> 0 | D41: =IFERROR(VLOOKUP(H41,[1]SEMIELABORADOS!$A$2:$M$6000,6,0),"") | E41: =IFERROR(VLOOKUP(H41,[1]SEMIELABORADOS!$A$2:$M$65536,10,0),"") | F41: =IFERROR(E41*C41,"") | G41: =IFERROR(F41/$F$66,"")
A43: UNIDADES | B43: MODI | C43: UNIDADES | D43: UND MEDIDA | E43: COSTO UNITARIO | F43: TOTAL COSTO | G43: % PREC. DEFINIDO | H43: CODIGOS
A44: =+A35 -> 0 | B44: =IFERROR(VLOOKUP(H44,[1]SEMIELABORADOS!$A$2:$M$6000,2,0),"") | C44: =+A44 -> 0 | D44: =IFERROR(VLOOKUP(H44,[1]SEMIELABORADOS!$A$2:$M$6000,6,0),"") | E44: =IFERROR(VLOOKUP(H44,[1]SEMIELABORADOS!$A$2:$M$65536,12,0),"") | F44: =IFERROR(E44*C44,"") | G44: =IFERROR(F44/$F$66,"")
A45: =+A36 -> 0 | B45: =IFERROR(VLOOKUP(H45,[1]SEMIELABORADOS!$A$2:$M$6000,2,0),"") | C45: =+A45 -> 0 | D45: =IFERROR(VLOOKUP(H45,[1]SEMIELABORADOS!$A$2:$M$6000,6,0),"") | E45: =IFERROR(VLOOKUP(H45,[1]SEMIELABORADOS!$A$2:$M$65536,12,0),"") | F45: =IFERROR(E45*C45,"") | G45: =IFERROR(F45/$F$66,"")
A46: =+A37 -> 0 | B46: =IFERROR(VLOOKUP(H46,[1]SEMIELABORADOS!$A$2:$M$6000,2,0),"") | C46: =+A46 -> 0 | D46: =IFERROR(VLOOKUP(H46,[1]SEMIELABORADOS!$A$2:$M$6000,6,0),"") | E46: =IFERROR(VLOOKUP(H46,[1]SEMIELABORADOS!$A$2:$M$65536,12,0),"") | F46: =IFERROR(E46*C46,"") | G46: =IFERROR(F46/$F$66,"")
A47: =+A38 -> 0 | B47: =IFERROR(VLOOKUP(H47,[1]SEMIELABORADOS!$A$2:$M$6000,2,0),"") | C47: =+A47 -> 0 | D47: =IFERROR(VLOOKUP(H47,[1]SEMIELABORADOS!$A$2:$M$6000,6,0),"") | E47: =IFERROR(VLOOKUP(H47,[1]SEMIELABORADOS!$A$2:$M$65536,12,0),"") | F47: =IFERROR(E47*C47,"") | G47: =IFERROR(F47/$F$66,"")
A48: =+A39 -> 0 | B48: =IFERROR(VLOOKUP(H48,[1]SEMIELABORADOS!$A$2:$M$6000,2,0),"") | C48: =+A48 -> 0 | D48: =IFERROR(VLOOKUP(H48,[1]SEMIELABORADOS!$A$2:$M$6000,6,0),"") | E48: =IFERROR(VLOOKUP(H48,[1]SEMIELABORADOS!$A$2:$M$65536,12,0),"") | F48: =IFERROR(E48*C48,"") | G48: =IFERROR(F48/$F$66,"")
A49: =+A40 -> 0 | B49: =IFERROR(VLOOKUP(H49,[1]SEMIELABORADOS!$A$2:$M$6000,2,0),"") | C49: =+A49 -> 0 | D49: =IFERROR(VLOOKUP(H49,[1]SEMIELABORADOS!$A$2:$M$6000,6,0),"") | E49: =IFERROR(VLOOKUP(H49,[1]SEMIELABORADOS!$A$2:$M$65536,12,0),"") | F49: =IFERROR(E49*C49,"") | G49: =IFERROR(F49/$F$66,"")
A50: =+A41 -> 0 | B50: =IFERROR(VLOOKUP(H50,[1]SEMIELABORADOS!$A$2:$M$6000,2,0),"") | C50: =+A50 -> 0 | D50: =IFERROR(VLOOKUP(H50,[1]SEMIELABORADOS!$A$2:$M$6000,6,0),"") | E50: =IFERROR(VLOOKUP(H50,[1]SEMIELABORADOS!$A$2:$M$65536,12,0),"") | F50: =IFERROR(E50*C50,"") | G50: =IFERROR(F50/$F$66,"")
A51: 1 | B51: MODI PREPARACION | C51: =+A51 -> 1 | D51: N/A | E51: =+F65 -> 77 | F51: =IFERROR(C51*E51,"") -> 77 | G51: =IFERROR(F51/$F$66,"") -> 0.0058859502
B53: TOTAL MATERIA PRIMA | F53: =SUM(F8:F14,F17:F24) -> 12750 | G53: =+F53/$F$66 -> 0.97462162 | H53: =+F53/$D$60 -> 12750
B54: TOTAL EMPAQUE | F54: =SUM(F27:F32,F35:F41) -> 0 | G54: =+F54/$F$66 -> 0 | H54: =+F54/$D$60 -> 0 | K54: TOTAL MATERIA PRIMA + EMPAQUE | O54: =+F55 -> 12750
B55: TOTAL MATERIAS P. + EMPAQUES | F55: =+F53+F54 -> 12750 | G55: =+F55/$F$66 -> 0.97462162 | H55: =+F55/$D$60 -> 12750 | M55: MODI PLANTA | O55: =+H56 -> 77
C56: TOTAL MODI | F56: =SUM(F44:F51) -> 77 | G56: =+F56/$F$66 -> 0.0058859502 | H56: =+F56/$D$60 -> 77 | M56: DESECHO | O56: =O54*N56 -> 0
M57: COSTO PLANTA | O57: =SUM(O54:O56) -> 12827
B58: GRAMOS | D58: 950 | H58: =+H56/77 -> 1 | M58: % GIF | O58: =+H59 -> 64
B59: PESO POR UNIDAD | D59: 950 | H59: =+H58*64 -> 64 | M59: COSTO PLANTA | O59: =SUM(O57:O58) -> 12891
B60: UNIDADES TOTALES | D60: =+D58/D59 -> 1 | O60: =+O59*N60 -> 0
B61: UNIDAD MEDIDA | K61: PRECIO DE VENTA PLANTA A LOCAL | O61: =SUM(O59:O60) -> 12891 | P61: GR
E62: S/ COSTO | F62: TOTAL | L62: UNIDAD | O62: =+O61/D60 -> 12891 | P62: =+O62/D59 -> 13.569474
B63: TOTAL MATERIAS P. + EMPAQUES | E63: =+F63/F63 -> 1 | F63: =SUM(F55) -> 12750 | G63: =+F63/$F$66 -> 0.97462162
B64: DESECHOS Y PERDIDAS | E64: 0.02 | F64: =+F53*E64 -> 255 | G64: =+F64/$F$66 -> 0.019492432
B65: MANO OBRA DIRECTA | D65: 1 | E65: 77 | F65: =+E65*D65 -> 77 | G65: =+F65/$F$66 -> 0.0058859502
B66: TOTAL COSTO PLANTA | F66: =SUM(F63:F65) -> 13082 | G66: =+F66/$F$66 -> 1 | M66: MODI 77 COLONES X MIN
M67: Gf 64 colones min
B68: COSTO POR GRAMO | M68: ,
B69: TOTAL COSTO MATERIA PRIMA | C69: =+F53 -> 12750 | D69: =+D58 -> 950 | E69: =+C69/D69 -> 13.421053
B71: TOTAL COSTO UNIDAD MP+DESECHO+EMPAQUE | C71: =SUM(F63:F64) -> 13005 | D71: =+D58 -> 950 | E71: =+C71/D71 -> 13.689474
B73: TOTAL MODI PREPARACION POR GRAMO | C73: =+F65 -> 77 | D73: =+D58 -> 950 | E73: =+C73/D73 -> 0.081052632
B74: TOTAL MODI POR GRAMO | C74: =+F56 -> 77 | D74: =+D73 -> 950 | E74: =+C74/D74 -> 0.081052632
B76: TOTAL EMPAQUE POR GRAMO | C76: =+F54 -> 0 | D76: =+D74 -> 950 | E76: =+C76/D76 -> 0
B78: TOTAL GRAMO MP+MODI | E78: =+E69+E74 -> 13.502105
B80: COSTO POR UNIDAD
B81: TOTAL COSTO MATERIA PRIMA | C81: =+C69 -> 12750 | D81: =+D60 -> 1 | E81: =+C81/D81 -> 12750
B83: TOTAL COSTO UNIDAD MP+DESECHO+EMPAQUE | C83: =+C71 -> 13005 | D83: =+D60 -> 1 | E83: =+C83/D83 -> 13005
B85: TOTAL MODI POR GRAMO | C85: =+C73 -> 77 | D85: =+D60 -> 1 | E85: =+C85/D85 -> 77
B86: TOTAL MODI POR GRAMO | C86: =+C74 -> 77 | D86: =+D85 -> 1 | E86: =+C86/D86 -> 77
B93: DESCRIPCION INSUMO | C93: MARCA - PROVEEDOR | D93: TEMPORADA | E93: PRODUCTO | F93: UNIDAD DE MEDIDA | G93: PRECIO
B95: OJOS HALLOWEN | C95: KAROL LEDEZMA | D95: HALLOWEN 2025 | E95: MUFFIN | F95: CAJA | G95: ₡ 8 970,00
B96: CONFITURA HALLOWEN | C96: UNIVERSAL | D96: HALLOWEN 2025 | E96: MUFFIN | F96: PAQUETE | G96: 13141.59
B97: PISTACHO ENTERO PELADO | C97: NUECES INDUSTRIALES | D97: NAVIDAD 2025 | E97: TORTA ROSSANA PISTACHO | F97: 1 KILO | G97: $ 25,00
B98: Saborizante pistacho concentrado | C98: MALUQUER | D98: NAVIDAD 2025 | E98: TORTA ROSSANA PISTACHO | F98: 1,4 KILO | G98: 7683.18 | K98: =7683.18/1400 -> 5.4879857
B99: Praline de pistacho | C99: PURATOS | D99: NAVIDAD 2025 | E99: TORTA ROSSANA PISTACHO | F99: KILO | G99: ₡ 51 300,00
B100: Confite Rosanna pistacho | D100: NAVIDAD 2025 | E100: TORTA ROSSANA PISTACHO | F100: KILO | G100: ₡ 11 430,00
B101: PLACA CHOCOLATE ROSANNA | D101: NAVIDAD 2025 | E101: TORTA ROSSANA PISTACHO
B102: PERLAS PEQUEÑASDORADAS | D102: NAVIDAD 2025 | E102: MUFFIN CHOCOLATE KIT KAT | F102: KILO | G102: ₡ 23 500,00
B103: PERLAS PEQUEÑAS ROJAS | D103: NAVIDAD 2025 | E103: MUFFIN CHOCOLATE KIT KAT | F103: KILO | G103: ₡ 16 000,00

Sheet Salsa pistacho
C1: SERVICIOS DE PASTELERIA S.A. | H1: CÓDIGO:
C2: ESPECIFICACION DE RECETA | H2: REVISIÓN:
C3: Salsa de pistacho | H3: FECHA DE APROBACIÓN:
C4: Elaborado | D4: Juan Pablo Brenes-Chef
C5: Aprobado | D5: Esteban Cartin, Gerente de Manofactura
A6: AREA QUE PRODUCE: | D6: Postres | G6: AREA QUE EMPACA: | I6: Postres
A7: # Código | B7: # Código | C7: Descripción del ingrediente | D7: Marca | E7: Unidad Internacional | G7: Medida alternativa | I7: Costo - Referencia
E8: Cantidad | F8: Unidad medida | G8: Cantidad | H8: Unidad medida | I8: Colones
B9: SE00475 | C9: Relleno Suspiro Limeño | D9: FAS | E9: 800 | F9: g
B10: NUEVO | C10: Saborizante pistacho concentrado | E10: 0.25 | F10: g
B11: NUEVO | C11: Praline de pistacho | D11: Puratos | E11: 50 | F11: g
B12: NUEVO | C12: Confite Rosanna pistacho | D12: Rosanna | E12: 65 | F12: g | G12: 13 ud
D15: Cantidad | E15: Unidad
A16: PESO TOTAL OBTENIDO | D16: 850 | E16: g
A17: TIEMPO TOTAL DE PREPARACIÓN | D17: 4 | E17: min
A18: CANTIDAD DE PORCIONES OBTENIDAS | D18: 1 | E18: ud
A19: PESO DE CADA PORCIÓN | D19: 850 | E19: g
A20: MERMA | D20: =SUM(E9:E12)-D16 -> 65 | E20: g
A21: PROCEDIMIENTO DE PREPARACION DE LA RECETA
A22: 1.- Colocar en la licuadora los confites con una 200g de suspiro y licuar.
A23: 2.- Luego en la batidora agregar todos los ingredientes y la mezcla anterior y batir hasta incorporar.
A29: CONTROL DE CAMBIOS

Sheet Relleno suspiro limeño
C1: SERVICIOS DE PASTELERIA S.A. | H1: CÓDIGO: | I1: ESP-RE-COCS-063
C2: ESPECIFICACION DE RECETA | H2: REVISIÓN: | I2: 01
C3: SE00475 Relleno Suspiro Limeño | H3: FECHA DE APROBACIÓN: | I3: 45609
C4: Elaborado | D4: Javier Tong, Chef
C5: Aprobado | D5: Esteban Cartin, Gte Manufactura
A6: AREA QUE PRODUCE: | D6: Cocina | G6: AREA QUE EMPACA: | I6: Empaque
A7: # Código | B7: # Código Netsuite | C7: Descripción del ingrediente | D7: Marca | E7: Unidad Internacional | G7: Medida alternativa | I7: Costo - Referencia
E8: Cantidad | F8: Unidad medida | G8: Cantidad | H8: Unidad medida | I8: Colones
C9: Ensamble
A10: 1110414 | B10: MP10024 | C10: LECHE EVAPORADA (UND: 1 L) | D10: NESTLE | E10: 15200 | F10: g
A11: 11400046 | B11: MP10050 | C11: LECHE CONDENSADA (PAQ:11 K) | D11: NESTLE | E11: 15200 | F11: g
A12: 1210443 | B12: MP10037 | C12: YEMA DE HUEVO PASTEURIZADA (CAJA:2 Kg) | D12: INNOVO | E12: 3040 | F12: g
A13: 0510143 | B13: MP10556 | C13: GLUCOSA | D13: NUEVO | E13: 380 | F13: g
A14: 1212412 | B14: MP10025 | C14: PRESERVANTE 1017S (PAQ=5 KILO) | D14: MAYCA | E14: 56 | F14: g
A15: 10400008 | B15: MP10150 | C15: COLORANTE GEL EGG YELLOW | D15: MAYCA | E15: 4 | F15: g
C27: Decoración
C33: Empaque
D44: Cantidad | E44: Unidad
A45: PESO TOTAL OBTENIDO | D45: 26540 | E45: g | F45: Tiempo de Horneo:
A46: TIEMPO TOTAL DE PREPARACION | D46: 15 | E46: Min. | F46: Horno:
A47: CANTIDAD DE PORCIONES OBTENIDAS | D47: 1 | E47: Und. | F47: Temperatura de Horneo:
A48: PESO DE CADA PORCIÓN | D48: 26540 | E48: g | F48: Otros
A49: MERMA | D49: 7340 | E49: g
A50: PROCEDIMIENTO DE PREPARACION DE LA RECETA
A51: 1.- Colocar en la marmita la leche condensada y la evaporada disolver el preservante y cocinar por 35 minutos a una temperatura de 140 agitacion de un solo sentido con 50 RPM.
A52: 2,- Una vez pasados los 35 minutos, agregar la glucosa y el colorante
A53: 3,- Apagar el fuego sin parar la agitacción y temperar las yemas agregandoles una parte de la mezcla caliente. Agregar la yema temperada a la marmita, mezclar para evitar que las yemas se cocinen.
A54: El tiempo de cocción será: 35 minutos para 1 tanda 45 minutos 2 tandas 55 minutos 3 tandas
A62: CONTROL DE CAMBIOS

Sheet Costo Salsa Pistacho
E1: Precio Local | F1: Costo MP | G1: Costo EM | H1: Costo MO
E2: =IFERROR(O62,"") -> 51812.37 | F2: =IFERROR(H53,"") -> 51392.76 | G2: =IFERROR(H54,"") -> 90 | H2: =IFERROR(H56,"") -> 180
A5: ESTRUCTURA DE COSTOS
F6: Fecha: | H6: =TODAY() -> 45890
A7: UNIDADES | B7: DESCRIPCION MAT.PRIMA | C7: UNIDADES | D7: UND MEDIDA | E7: COSTO UNITARIO | F7: TOTAL COSTO | G7: % PREC. DEFINIDO | H7: CODIGOS
A8: 3 | B8: Saborizante pistacho concentrado | C8: =+A8 -> 3 | D8: Gramos | E8: 5.48 | F8: =IFERROR(C8*E8,"") -> 16.44 | G8: =IFERROR(F8/$F$66,"") -> 0.00031307955 | H8: nuevo
A9: 580 | B9: Praline de pistacho | C9: =+A9 -> 580 | D9: Gramos | E9: 34.2 | F9: =IFERROR(C9*E9,"") -> 19836 | G9: =IFERROR(F9/$F$66,"") -> 0.37775219
A10: 153 | B10: Confite Rosanna pistacho | C10: =+A10 -> 153 | D10: und | E10: 71.44 | F10: =IFERROR(C10*E10,"") -> 10930.32 | G10: =IFERROR(F10/$F$66,"") -> 0.20815448
B11: =IFERROR(VLOOKUP(H11,'[1]Consolidado MP Planta'!$A$2:$M$823,3,0),"") | C11: =+A11 -> 0 | D11: =IFERROR(VLOOKUP(H11,'[1]Consolidado MP Planta'!$A$2:$M$823,13,0),"") | E11: =IFERROR(VLOOKUP(H11,'[1]Consolidado MP Planta'!$A$2:$M$823,12,0),"") | F11: =IFERROR(C11*E11,"") | G11: =IFERROR(F11/$F$66,"")
B12: =IFERROR(VLOOKUP(H12,'[1]Consolidado MP Planta'!$A$2:$M$823,3,0),"") | C12: =+A12 -> 0 | D12: =IFERROR(VLOOKUP(H12,'[1]Consolidado MP Planta'!$A$2:$M$823,13,0),"") | E12: =IFERROR(VLOOKUP(H12,'[1]Consolidado MP Planta'!$A$2:$M$823,12,0),"") | F12: =IFERROR(C12*E12,"") | G12: =IFERROR(F12/$F$66,"")
B13: =IFERROR(VLOOKUP(H13,'[1]Consolidado MP Planta'!$A$2:$M$823,3,0),"") | C13: =+A13 -> 0 | D13: =IFERROR(VLOOKUP(H13,'[1]Consolidado MP Planta'!$A$2:$M$823,13,0),"") | E13: =IFERROR(VLOOKUP(H13,'[1]Consolidado MP Planta'!$A$2:$M$823,12,0),"") | F13: =IFERROR(C13*E13,"") | G13: =IFERROR(F13/$F$66,"")
B14: =IFERROR(VLOOKUP(H14,'[1]Consolidado MP Planta'!$A$2:$M$823,3,0),"") | C14: =+A14 -> 0 | D14: =IFERROR(VLOOKUP(H14,'[1]Consolidado MP Planta'!$A$2:$M$823,13,0),"") | E14: =IFERROR(VLOOKUP(H14,'[1]Consolidado MP Planta'!$A$2:$M$823,12,0),"") | F14: =IFERROR(C14*E14,"") | G14: =IFERROR(F14/$F$66,"")
B15: =IFERROR(VLOOKUP(H15,'[2]ARTICULOS MP PLANTA'!$A$2:$G$589,2,0),"")
A16: UNIDADES | B16: MATERIA PRIMA SEMIELABORADOS | C16: UNIDADES | D16: UND MEDIDA | E16: COSTO UNITARIO | F16: TOTAL COSTO | G16: % PREC. DEFINIDO | H16: CODIGOS
A17: 9000 | B17: Relleno Suspiro Limeño | C17: =+A17 -> 9000 | D17: Gramos | E17: 2.29 | F17: =IFERROR(E17*C17,"") -> 20610 | G17: =IFERROR(F17/$F$66,"") -> 0.39249207 | H17: SE00475 | M17: =11430/160 -> 71.4375
B18: =IFERROR(VLOOKUP(H18,[1]SEMIELABORADOS!$A$2:$M$6000,2,0),"") | C18: =+A18 -> 0 | D18: =IFERROR(VLOOKUP(H18,[1]SEMIELABORADOS!$A$2:$M$6000,6,0),"") | E18: =IFERROR(VLOOKUP(H18,[1]SEMIELABORADOS!$A$2:$H$65536,8,0),"") | F18: =IFERROR(E18*C18,"") | G18: =IFERROR(F18/$F$66,"")
B19: =IFERROR(VLOOKUP(H19,[1]SEMIELABORADOS!$A$2:$M$6000,2,0),"") | C19: =+A19 -> 0 | D19: =IFERROR(VLOOKUP(H19,[1]SEMIELABORADOS!$A$2:$M$6000,6,0),"") | E19: =IFERROR(VLOOKUP(H19,[1]SEMIELABORADOS!$A$2:$H$65536,8,0),"") | F19: =IFERROR(E19*C19,"") | G19: =IFERROR(F19/$F$66,"")
B20: =IFERROR(VLOOKUP(H20,[1]SEMIELABORADOS!$A$2:$M$6000,2,0),"") | C20: =+A20 -> 0 | D20: =IFERROR(VLOOKUP(H20,[1]SEMIELABORADOS!$A$2:$M$6000,6,0),"") | E20: =IFERROR(VLOOKUP(H20,[1]SEMIELABORADOS!$A$2:$H$65536,8,0),"") | F20: =IFERROR(E20*C20,"") | G20: =IFERROR(F20/$F$66,"")
B21: =IFERROR(VLOOKUP(H21,[1]SEMIELABORADOS!$A$2:$M$6000,2,0),"") | C21: =+A21 -> 0 | D21: =IFERROR(VLOOKUP(H21,[1]SEMIELABORADOS!$A$2:$M$6000,6,0),"") | E21: =IFERROR(VLOOKUP(H21,[1]SEMIELABORADOS!$A$2:$H$65536,8,0),"") | F21: =IFERROR(E21*C21,"") | G21: =IFERROR(F21/$F$66,"")
B22: =IFERROR(VLOOKUP(H22,[1]SEMIELABORADOS!$A$2:$M$6000,2,0),"") | C22: =+A22 -> 0 | D22: =IFERROR(VLOOKUP(H22,[1]SEMIELABORADOS!$A$2:$M$6000,6,0),"") | E22: =IFERROR(VLOOKUP(H22,[1]SEMIELABORADOS!$A$2:$H$65536,8,0),"") | F22: =IFERROR(E22*C22,"") | G22: =IFERROR(F22/$F$66,"")
B23: =IFERROR(VLOOKUP(H23,[1]SEMIELABORADOS!$A$2:$M$6000,2,0),"") | C23: =+A23 -> 0 | D23: =IFERROR(VLOOKUP(H23,[1]SEMIELABORADOS!$A$2:$M$6000,6,0),"") | E23: =IFERROR(VLOOKUP(H23,[1]SEMIELABORADOS!$A$2:$H$65536,8,0),"") | F23: =IFERROR(E23*C23,"") | G23: =IFERROR(F23/$F$66,"")
B24: =IFERROR(VLOOKUP(H24,[1]SEMIELABORADOS!$A$2:$M$6000,2,0),"") | C24: =+A24 -> 0 | D24: =IFERROR(VLOOKUP(H24,[1]SEMIELABORADOS!$A$2:$M$6000,6,0),"") | E24: =IFERROR(VLOOKUP(H24,[1]SEMIELABORADOS!$A$2:$H$65536,8,0),"") | F24: =IFERROR(E24*C24,"") | G24: =IFERROR(F24/$F$66,"")
A26: UNIDADES | B26: EMPAQUE | C26: UNIDADES | D26: UND MEDIDA | E26: COSTO UNITARIO | F26: TOTAL COSTO | G26: % PREC. DEFINIDO | H26: CODIGOS
A27: 0 | B27: =IFERROR(VLOOKUP(H27,'[1]Consolidado MP Planta'!$A$2:$M$823,3,0),"") | C27: =+A27 -> 0 | D27: =IFERROR(VLOOKUP(H27,'[1]Consolidado MP Planta'!$A$2:$M$823,13,0),"") | E27: =IFERROR(VLOOKUP(H27,'[1]Consolidado MP Planta'!$A$2:$M$823,12,0),"") | F27: =IFERROR(C27*E27,"") | G27: =IFERROR(F27/$F$66,"")
B28: =IFERROR(VLOOKUP(H28,'[1]Consolidado MP Planta'!$A$2:$M$823,3,0),"") | C28: =+A28 -> 0 | D28: =IFERROR(VLOOKUP(H28,'[1]Consolidado MP Planta'!$A$2:$M$823,13,0),"") | E28: =IFERROR(VLOOKUP(H28,'[1]Consolidado MP Planta'!$A$2:$M$823,12,0),"") | F28: =IFERROR(C28*E28,"") | G28: =IFERROR(F28/$F$66,"")
B29: =IFERROR(VLOOKUP(H29,'[1]Consolidado MP Planta'!$A$2:$M$823,3,0),"") | C29: =+A29 -> 0 | D29: =IFERROR(VLOOKUP(H29,'[1]Consolidado MP Planta'!$A$2:$M$823,13,0),"") | E29: =IFERROR(VLOOKUP(H29,'[1]Consolidado MP Planta'!$A$2:$M$823,12,0),"") | F29: =IFERROR(C29*E29,"") | G29: =IFERROR(F29/$F$66,"")
B30: =IFERROR(VLOOKUP(H30,'[1]Consolidado MP Planta'!$A$2:$M$823,3,0),"") | C30: =+A30 -> 0 | D30: =IFERROR(VLOOKUP(H30,'[1]Consolidado MP Planta'!$A$2:$M$823,13,0),"") | E30: =IFERROR(VLOOKUP(H30,'[1]Consolidado MP Planta'!$A$2:$M$823,12,0),"") | F30: =IFERROR(C30*E30,"") | G30: =IFERROR(F30/$F$66,"")
B31: =IFERROR(VLOOKUP(H31,'[1]Consolidado MP Planta'!$A$2:$M$823,3,0),"") | C31: =+A31 -> 0 | D31: =IFERROR(VLOOKUP(H31,'[1]Consolidado MP Planta'!$A$2:$M$823,13,0),"") | E31: =IFERROR(VLOOKUP(H31,'[1]Consolidado MP Planta'!$A$2:$M$823,12,0),"") | F31: =IFERROR(C31*E31,"") | G31: =IFERROR(F31/$F$66,"")
B32: =IFERROR(VLOOKUP(H32,'[1]Consolidado MP Planta'!$A$2:$M$823,3,0),"") | C32: =+A32 -> 0 | D32: =IFERROR(VLOOKUP(H32,'[1]Consolidado MP Planta'!$A$2:$M$823,13,0),"") | E32: =IFERROR(VLOOKUP(H32,'[1]Consolidado MP Planta'!$A$2:$M$823,12,0),"") | F32: =IFERROR(C32*E32,"") | G32: =IFERROR(F32/$F$66,"")
A34: UNIDADES | B34: EMPAQUE SEMIELABORADOS | C34: UNIDADES | D34: UND MEDIDA | E34: COSTO UNITARIO | F34: TOTAL COSTO | G34: % PREC. DEFINIDO | H34: CODIGOS
A35: =+A17 -> 9000 | B35: Relleno Suspiro Limeño | C35: =+A35 -> 9000 | D35: Gramos | E35: 0.01 | F35: =IFERROR(E35*C35,"") -> 90 | G35: =IFERROR(F35/$F$66,"") -> 0.0017139392 | H35: SE00475
A36: =+A18 -> 0 | B36: =IFERROR(VLOOKUP(H36,[1]SEMIELABORADOS!$A$2:$M$6000,2,0),"") | C36: =+A36 -> 0 | D36: =IFERROR(VLOOKUP(H36,[1]SEMIELABORADOS!$A$2:$M$6000,6,0),"") | E36: =IFERROR(VLOOKUP(H36,[1]SEMIELABORADOS!$A$2:$M$65536,10,0),"") | F36: =IFERROR(E36*C36,"") | G36: =IFERROR(F36/$F$66,"")
A37: =+A19 -> 0 | B37: =IFERROR(VLOOKUP(H37,[1]SEMIELABORADOS!$A$2:$M$6000,2,0),"") | C37: =+A37 -> 0 | D37: =IFERROR(VLOOKUP(H37,[1]SEMIELABORADOS!$A$2:$M$6000,6,0),"") | E37: =IFERROR(VLOOKUP(H37,[1]SEMIELABORADOS!$A$2:$M$65536,10,0),"") | F37: =IFERROR(E37*C37,"") | G37: =IFERROR(F37/$F$66,"")
A38: =+A20 -> 0 | B38: =IFERROR(VLOOKUP(H38,[1]SEMIELABORADOS!$A$2:$M$6000,2,0),"") | C38: =+A38 -> 0 | D38: =IFERROR(VLOOKUP(H38,[1]SEMIELABORADOS!$A$2:$M$6000,6,0),"") | E38: =IFERROR(VLOOKUP(H38,[1]SEMIELABORADOS!$A$2:$M$65536,10,0),"") | F38: =IFERROR(E38*C38,"") | G38: =IFERROR(F38/$F$66,"")
A39: =+A21 -> 0 | B39: =IFERROR(VLOOKUP(H39,[1]SEMIELABORADOS!$A$2:$M$6000,2,0),"") | C39: =+A39 -> 0 | D39: =IFERROR(VLOOKUP(H39,[1]SEMIELABORADOS!$A$2:$M$6000,6,0),"") | E39: =IFERROR(VLOOKUP(H39,[1]SEMIELABORADOS!$A$2:$M$65536,10,0),"") | F39: =IFERROR(E39*C39,"") | G39: =IFERROR(F39/$F$66,"")
A40: =+A22 -> 0 | B40: =IFERROR(VLOOKUP(H40,[1]SEMIELABORADOS!$A$2:$M$6000,2,0),"") | C40: =+A40 -> 0 | D40: =IFERROR(VLOOKUP(H40,[1]SEMIELABORADOS!$A$2:$M$6000,6,0),"") | E40: =IFERROR(VLOOKUP(H40,[1]SEMIELABORADOS!$A$2:$M$65536,10,0),"") | F40: =IFERROR(E40*C40,"") | G40: =IFERROR(F40/$F$66,"")
A41: =+A23 -> 0 | B41: =IFERROR(VLOOKUP(H41,[1]SEMIELABORADOS!$A$2:$M$6000,2,0),"") | C41: =+A41 -> 0 | D41: =IFERROR(VLOOKUP(H41,[1]SEMIELABORADOS!$A$2:$M$6000,6,0),"") | E41: =IFERROR(VLOOKUP(H41,[1]SEMIELABORADOS!$A$2:$M$65536,10,0),"") | F41: =IFERROR(E41*C41,"") | G41: =IFERROR(F41/$F$66,"")
A43: UNIDADES | B43: MODI | C43: UNIDADES | D43: UND MEDIDA | E43: COSTO UNITARIO | F43: TOTAL COSTO | G43: % PREC. DEFINIDO | H43: CODIGOS
A44: =+A35 -> 9000 | B44: Relleno Suspiro Limeño | C44: =+A44 -> 9000 | D44: Gramos | E44: 0.02 | F44: =IFERROR(E44*C44,"") -> 180 | G44: =IFERROR(F44/$F$66,"") -> 0.0034278783 | H44: SE00475
A45: =+A36 -> 0 | B45: =IFERROR(VLOOKUP(H45,[1]SEMIELABORADOS!$A$2:$M$6000,2,0),"") | C45: =+A45 -> 0 | D45: =IFERROR(VLOOKUP(H45,[1]SEMIELABORADOS!$A$2:$M$6000,6,0),"") | E45: =IFERROR(VLOOKUP(H45,[1]SEMIELABORADOS!$A$2:$M$65536,12,0),"") | F45: =IFERROR(E45*C45,"") | G45: =IFERROR(F45/$F$66,"")
A46: =+A37 -> 0 | B46: =IFERROR(VLOOKUP(H46,[1]SEMIELABORADOS!$A$2:$M$6000,2,0),"") | C46: =+A46 -> 0 | D46: =IFERROR(VLOOKUP(H46,[1]SEMIELABORADOS!$A$2:$M$6000,6,0),"") | E46: =IFERROR(VLOOKUP(H46,[1]SEMIELABORADOS!$A$2:$M$65536,12,0),"") | F46: =IFERROR(E46*C46,"") | G46: =IFERROR(F46/$F$66,"")
A47: =+A38 -> 0 | B47: =IFERROR(VLOOKUP(H47,[1]SEMIELABORADOS!$A$2:$M$6000,2,0),"") | C47: =+A47 -> 0 | D47: =IFERROR(VLOOKUP(H47,[1]SEMIELABORADOS!$A$2:$M$6000,6,0),"") | E47: =IFERROR(VLOOKUP(H47,[1]SEMIELABORADOS!$A$2:$M$65536,12,0),"") | F47: =IFERROR(E47*C47,"") | G47: =IFERROR(F47/$F$66,"")
A48: =+A39 -> 0 | B48: =IFERROR(VLOOKUP(H48,[1]SEMIELABORADOS!$A$2:$M$6000,2,0),"") | C48: =+A48 -> 0 | D48: =IFERROR(VLOOKUP(H48,[1]SEMIELABORADOS!$A$2:$M$6000,6,0),"") | E48: =IFERROR(VLOOKUP(H48,[1]SEMIELABORADOS!$A$2:$M$65536,12,0),"") | F48: =IFERROR(E48*C48,"") | G48: =IFERROR(F48/$F$66,"")
A49: =+A40 -> 0 | B49: =IFERROR(VLOOKUP(H49,[1]SEMIELABORADOS!$A$2:$M$6000,2,0),"") | C49: =+A49 -> 0 | D49: =IFERROR(VLOOKUP(H49,[1]SEMIELABORADOS!$A$2:$M$6000,6,0),"") | E49: =IFERROR(VLOOKUP(H49,[1]SEMIELABORADOS!$A$2:$M$65536,12,0),"") | F49: =IFERROR(E49*C49,"") | G49: =IFERROR(F49/$F$66,"")
A50: =+A41 -> 0 | B50: =IFERROR(VLOOKUP(H50,[1]SEMIELABORADOS!$A$2:$M$6000,2,0),"") | C50: =+A50 -> 0 | D50: =IFERROR(VLOOKUP(H50,[1]SEMIELABORADOS!$A$2:$M$6000,6,0),"") | E50: =IFERROR(VLOOKUP(H50,[1]SEMIELABORADOS!$A$2:$M$65536,12,0),"") | F50: =IFERROR(E50*C50,"") | G50: =IFERROR(F50/$F$66,"")
A51: 1 | B51: MODI PREPARACION | C51: =+A51 -> 1 | D51: N/A | E51: =+F65 -> 0 | F51: =IFERROR(C51*E51,"") -> 0 | G51: =IFERROR(F51/$F$66,"") -> 0
B53: TOTAL MATERIA PRIMA | F53: =SUM(F8:F14,F17:F24) -> 51392.76 | G53: =+F53/$F$66 -> 0.97871182 | H53: =+F53/$D$60 -> 51392.76
B54: TOTAL EMPAQUE | F54: =SUM(F27:F32,F35:F41) -> 90 | G54: =+F54/$F$66 -> 0.0017139392 | H54: =+F54/$D$60 -> 90 | K54: TOTAL MATERIA PRIMA + EMPAQUE | O54: =+F55 -> 51482.76
B55: TOTAL MATERIAS P. + EMPAQUES | F55: =+F53+F54 -> 51482.76 | G55: =+F55/$F$66 -> 0.98042576 | H55: =+F55/$D$60 -> 51482.76 | M55: MODI PLANTA | O55: =+H56 -> 180
C56: TOTAL MODI | F56: =SUM(F44:F51) -> 180 | G56: =+F56/$F$66 -> 0.0034278783 | H56: =+F56/$D$60 -> 180 | M56: DESECHO | O56: =O54*N56 -> 0
M57: COSTO PLANTA | O57: =SUM(O54:O56) -> 51662.76
B58: GRAMOS | D58: 10000 | H58: =+H56/77 -> 2.3376623 | M58: % GIF | O58: =+H59 -> 149.61039
B59: PESO POR UNIDAD | D59: 10000 | H59: =+H58*64 -> 149.61039 | M59: COSTO PLANTA | O59: =SUM(O57:O58) -> 51812.37
B60: UNIDADES TOTALES | D60: =+D58/D59 -> 1 | O60: =+O59*N60 -> 0
B61: UNIDAD MEDIDA | K61: PRECIO DE VENTA PLANTA A LOCAL | O61: =SUM(O59:O60) -> 51812.37 | P61: GR
E62: S/ COSTO | F62: TOTAL | L62: UNIDAD | O62: =+O61/D60 -> 51812.37 | P62: =+O62/D59 -> 5.181237
B63: TOTAL MATERIAS P. + EMPAQUES | E63: =+F63/F63 -> 1 | F63: =SUM(F55) -> 51482.76 | G63: =+F63/$F$66 -> 0.98042576
B64: DESECHOS Y PERDIDAS | E64: 0.02 | F64: =+F53*E64 -> 1027.8552 | G64: =+F64/$F$66 -> 0.019574236
B65: MANO OBRA DIRECTA | D65: 0 | E65: 77 | F65: =+E65*D65 -> 0 | G65: =+F65/$F$66 -> 0
B66: TOTAL COSTO PLANTA | F66: =SUM(F63:F65) -> 52510.615 | G66: =+F66/$F$66 -> 1 | M66: MODI 77 COLONES X MIN
M67: Gf 64 colones min
B68: COSTO POR GRAMO | M68: ,
B69: TOTAL COSTO MATERIA PRIMA | C69: =+F53 -> 51392.76 | D69: =+D58 -> 10000 | E69: =+C69/D69 -> 5.139276
B71: TOTAL COSTO UNIDAD MP+DESECHO+EMPAQUE | C71: =SUM(F63:F64) -> 52510.615 | D71: =+D58 -> 10000 | E71: =+C71/D71 -> 5.2510615
B73: TOTAL MODI PREPARACION POR GRAMO | C73: =+F65 -> 0 | D73: =+D58 -> 10000 | E73: =+C73/D73 -> 0
B74: TOTAL MODI POR GRAMO | C74: =+F56 -> 180 | D74: =+D73 -> 10000 | E74: =+C74/D74 -> 0.018
B76: TOTAL EMPAQUE POR GRAMO | C76: =+F54 -> 90 | D76: =+D74 -> 10000 | E76: =+C76/D76 -> 0.009
B78: TOTAL GRAMO MP+MODI | E78: =+E69+E74 -> 5.157276
B80: COSTO POR UNIDAD
B81: TOTAL COSTO MATERIA PRIMA | C81: =+C69 -> 51392.76 | D81: =+D60 -> 1 | E81: =+C81/D81 -> 51392.76
B83: TOTAL COSTO UNIDAD MP+DESECHO+EMPAQUE | C83: =+C71 -> 52510.615 | D83: =+D60 -> 1 | E83: =+C83/D83 -> 52510.615
B85: TOTAL MODI POR GRAMO | C85: =+C73 -> 0 | D85: =+D60 -> 1 | E85: =+C85/D85 -> 0
B86: TOTAL MODI POR GRAMO | C86: =+C74 -> 180 | D86: =+D85 -> 1 | E86: =+C86/D86 -> 180

Sheet Mousse pistacho
C1: SERVICIOS DE PASTELERIA S.A. | H1: CÓDIGO:
C2: ESPECIFICACION DE RECETA | H2: REVISIÓN:
C3: Mousse pistacho | H3: FECHA DE APROBACIÓN:
C4: Elaborado | D4: Juan Pablo Brenes-Chef
C5: Aprobado | D5: Esteban Cartin, Gerente de Manofactura
A6: AREA QUE PRODUCE: | D6: Postres | G6: AREA QUE EMPACA: | I6: Postres
A7: # Código | B7: # Código | C7: Descripción del ingrediente | D7: Marca | E7: Unidad Internacional | G7: Medida alternativa | I7: Costo - Referencia
E8: Cantidad | F8: Unidad medida | G8: Cantidad | H8: Unidad medida | I8: Colones
B9: MP10046 | C9: Queso Crema Panadero | D9: Dos pinos | E9: 300 | F9: g
B10: MP10050 | C10: Leche Condensada | D10: Nestle | E10: 200 | F10: g
B11: NUEVO | C11: Saborizante pistacho concentrado | D11: Maluquer | E11: 0.25 | F11: g
B12: NUEVO | C12: Praline de pistacho | D12: Puratos | E12: 50 | F12: g
B13: MP10048 | C13: Crema Prestige Grand | D13: Prestige | E13: 240 | F13: g
B14: MP10043 | C14: Gelatina Pura | D14: Mayca | E14: 12 | F14: g
A15: 10415 | C15: AGUA POTABLE (PLANTA) | D15: FAS | E15: 10 | F15: g
D20: Cantidad | E20: Unidad
A21: PESO TOTAL OBTENIDO | D21: 800 | E21: g
A22: TIEMPO TOTAL DE PREPARACIÓN | D22: 4 | E22: min
A23: CANTIDAD DE PORCIONES OBTENIDAS | D23: 1 | E23: ud
A24: PESO DE CADA PORCIÓN | D24: 800 | E24: g
A25: MERMA | D25: =SUM(E9:E15)-D21 -> 12 | E25: g
A26: PROCEDIMIENTO DE PREPARACION DE LA RECETA
A27: 1.- Colocar en la licuadora los confites con una 200g de suspiro y licuar.
A28: 2.- Luego en la batidora agregar todos los ingredientes y la mezcla anterior y batir hasta incorporar.
A34: CONTROL DE CAMBIOS

Sheet Costo Mousse Pistacho
E1: Precio Local | F1: Costo MP | G1: Costo EM | H1: Costo MO
E2: =IFERROR(O62,"") -> 45490.44 | F2: =IFERROR(H53,"") -> 44080.44 | G2: =IFERROR(H54,"") -> 0 | H2: =IFERROR(H56,"") -> 770
A5: ESTRUCTURA DE COSTOS
F6: Fecha: | H6: =TODAY() -> 45890
A7: UNIDADES | B7: DESCRIPCION MAT.PRIMA | C7: UNIDADES | D7: UND MEDIDA | E7: COSTO UNITARIO | F7: TOTAL COSTO | G7: % PREC. DEFINIDO | H7: CODIGOS
A8: 3750 | B8: Queso Crema Panadero | C8: =+A8 -> 3750 | D8: Gramos | E8: 3.07 | F8: =IFERROR(C8*E8,"") -> 11512.5 | G8: =IFERROR(F8/$F$66,"") -> 0.25173812 | H8: MP10046
A9: 2500 | B9: Leche Condensada | C9: =+A9 -> 2500 | D9: Gramos | E9: 2.22 | F9: =IFERROR(C9*E9,"") -> 5550 | G9: =IFERROR(F9/$F$66,"") -> 0.12135909 | H9: MP10050
A10: 3 | B10: Saborizante pistacho concentrado | C10: =+A10 -> 3 | D10: Gramos | E10: 5.48 | F10: =IFERROR(C10*E10,"") -> 16.44 | G10: =IFERROR(F10/$F$66,"") -> 0.00035948532 | H10: NUEVO
A11: 550 | B11: Praline de pistacho | C11: =+A11 -> 550 | D11: Gramos | E11: 34.2 | F11: =IFERROR(C11*E11,"") -> 18810 | G11: =IFERROR(F11/$F$66,"") -> 0.41130893 | H11: NUEVO
A12: 3000 | B12: Crema Prestige Grand | C12: =+A12 -> 3000 | D12: Gramos | E12: 2.08 | F12: =IFERROR(C12*E12,"") -> 6240 | G12: =IFERROR(F12/$F$66,"") -> 0.13644698 | H12: MP10048
A13: 150 | B13: Gelatina Pura | C13: =+A13 -> 150 | D13: Gramos | E13: 13.01 | F13: =IFERROR(C13*E13,"") -> 1951.5 | G13: =IFERROR(F13/$F$66,"") -> 0.042672481 | H13: MP10043
B14: =IFERROR(VLOOKUP(H14,'[1]Consolidado MP Planta'!$A$2:$M$823,3,0),"") | C14: =+A14 -> 0 | D14: =IFERROR(VLOOKUP(H14,'[1]Consolidado MP Planta'!$A$2:$M$823,13,0),"") | E14: =IFERROR(VLOOKUP(H14,'[1]Consolidado MP Planta'!$A$2:$M$823,12,0),"") | F14: =IFERROR(C14*E14,"") | G14: =IFERROR(F14/$F$66,"")
B15: =IFERROR(VLOOKUP(H15,'[2]ARTICULOS MP PLANTA'!$A$2:$G$589,2,0),"")
A16: UNIDADES | B16: MATERIA PRIMA SEMIELABORADOS | C16: UNIDADES | D16: UND MEDIDA | E16: COSTO UNITARIO | F16: TOTAL COSTO | G16: % PREC. DEFINIDO | H16: CODIGOS
B17: =IFERROR(VLOOKUP(H17,[1]SEMIELABORADOS!$A$2:$M$6000,2,0),"") | C17: =+A17 -> 0 | D17: =IFERROR(VLOOKUP(H17,[1]SEMIELABORADOS!$A$2:$M$6000,6,0),"") | E17: =IFERROR(VLOOKUP(H17,[1]SEMIELABORADOS!$A$2:$H$65536,8,0),"") | F17: =IFERROR(E17*C17,"") | G17: =IFERROR(F17/$F$66,"")
B18: =IFERROR(VLOOKUP(H18,[1]SEMIELABORADOS!$A$2:$M$6000,2,0),"") | C18: =+A18 -> 0 | D18: =IFERROR(VLOOKUP(H18,[1]SEMIELABORADOS!$A$2:$M$6000,6,0),"") | E18: =IFERROR(VLOOKUP(H18,[1]SEMIELABORADOS!$A$2:$H$65536,8,0),"") | F18: =IFERROR(E18*C18,"") | G18: =IFERROR(F18/$F$66,"")
B19: =IFERROR(VLOOKUP(H19,[1]SEMIELABORADOS!$A$2:$M$6000,2,0),"") | C19: =+A19 -> 0 | D19: =IFERROR(VLOOKUP(H19,[1]SEMIELABORADOS!$A$2:$M$6000,6,0),"") | E19: =IFERROR(VLOOKUP(H19,[1]SEMIELABORADOS!$A$2:$H$65536,8,0),"") | F19: =IFERROR(E19*C19,"") | G19: =IFERROR(F19/$F$66,"")
B20: =IFERROR(VLOOKUP(H20,[1]SEMIELABORADOS!$A$2:$M$6000,2,0),"") | C20: =+A20 -> 0 | D20: =IFERROR(VLOOKUP(H20,[1]SEMIELABORADOS!$A$2:$M$6000,6,0),"") | E20: =IFERROR(VLOOKUP(H20,[1]SEMIELABORADOS!$A$2:$H$65536,8,0),"") | F20: =IFERROR(E20*C20,"") | G20: =IFERROR(F20/$F$66,"")
B21: =IFERROR(VLOOKUP(H21,[1]SEMIELABORADOS!$A$2:$M$6000,2,0),"") | C21: =+A21 -> 0 | D21: =IFERROR(VLOOKUP(H21,[1]SEMIELABORADOS!$A$2:$M$6000,6,0),"") | E21: =IFERROR(VLOOKUP(H21,[1]SEMIELABORADOS!$A$2:$H$65536,8,0),"") | F21: =IFERROR(E21*C21,"") | G21: =IFERROR(F21/$F$66,"")
B22: =IFERROR(VLOOKUP(H22,[1]SEMIELABORADOS!$A$2:$M$6000,2,0),"") | C22: =+A22 -> 0 | D22: =IFERROR(VLOOKUP(H22,[1]SEMIELABORADOS!$A$2:$M$6000,6,0),"") | E22: =IFERROR(VLOOKUP(H22,[1]SEMIELABORADOS!$A$2:$H$65536,8,0),"") | F22: =IFERROR(E22*C22,"") | G22: =IFERROR(F22/$F$66,"")
B23: =IFERROR(VLOOKUP(H23,[1]SEMIELABORADOS!$A$2:$M$6000,2,0),"") | C23: =+A23 -> 0 | D23: =IFERROR(VLOOKUP(H23,[1]SEMIELABORADOS!$A$2:$M$6000,6,0),"") | E23: =IFERROR(VLOOKUP(H23,[1]SEMIELABORADOS!$A$2:$H$65536,8,0),"") | F23: =IFERROR(E23*C23,"") | G23: =IFERROR(F23/$F$66,"")
B24: =IFERROR(VLOOKUP(H24,[1]SEMIELABORADOS!$A$2:$M$6000,2,0),"") | C24: =+A24 -> 0 | D24: =IFERROR(VLOOKUP(H24,[1]SEMIELABORADOS!$A$2:$M$6000,6,0),"") | E24: =IFERROR(VLOOKUP(H24,[1]SEMIELABORADOS!$A$2:$H$65536,8,0),"") | F24: =IFERROR(E24*C24,"") | G24: =IFERROR(F24/$F$66,"")
A26: UNIDADES | B26: EMPAQUE | C26: UNIDADES | D26: UND MEDIDA | E26: COSTO UNITARIO | F26: TOTAL COSTO | G26: % PREC. DEFINIDO | H26: CODIGOS
A27: 0 | B27: =IFERROR(VLOOKUP(H27,'[1]Consolidado MP Planta'!$A$2:$M$823,3,0),"") | C27: =+A27 -> 0 | D27: =IFERROR(VLOOKUP(H27,'[1]Consolidado MP Planta'!$A$2:$M$823,13,0),"") | E27: =IFERROR(VLOOKUP(H27,'[1]Consolidado MP Planta'!$A$2:$M$823,12,0),"") | F27: =IFERROR(C27*E27,"") | G27: =IFERROR(F27/$F$66,"")
B28: =IFERROR(VLOOKUP(H28,'[1]Consolidado MP Planta'!$A$2:$M$823,3,0),"") | C28: =+A28 -> 0 | D28: =IFERROR(VLOOKUP(H28,'[1]Consolidado MP Planta'!$A$2:$M$823,13,0),"") | E28: =IFERROR(VLOOKUP(H28,'[1]Consolidado MP Planta'!$A$2:$M$823,12,0),"") | F28: =IFERROR(C28*E28,"") | G28: =IFERROR(F28/$F$66,"")
B29: =IFERROR(VLOOKUP(H29,'[1]Consolidado MP Planta'!$A$2:$M$823,3,0),"") | C29: =+A29 -> 0 | D29: =IFERROR(VLOOKUP(H29,'[1]Consolidado MP Planta'!$A$2:$M$823,13,0),"") | E29: =IFERROR(VLOOKUP(H29,'[1]Consolidado MP Planta'!$A$2:$M$823,12,0),"") | F29: =IFERROR(C29*E29,"") | G29: =IFERROR(F29/$F$66,"")
B30: =IFERROR(VLOOKUP(H30,'[1]Consolidado MP Planta'!$A$2:$M$823,3,0),"") | C30: =+A30 -> 0 | D30: =IFERROR(VLOOKUP(H30,'[1]Consolidado MP Planta'!$A$2:$M$823,13,0),"") | E30: =IFERROR(VLOOKUP(H30,'[1]Consolidado MP Planta'!$A$2:$M$823,12,0),"") | F30: =IFERROR(C30*E30,"") | G30: =IFERROR(F30/$F$66,"")
B31: =IFERROR(VLOOKUP(H31,'[1]Consolidado MP Planta'!$A$2:$M$823,3,0),"") | C31: =+A31 -> 0 | D31: =IFERROR(VLOOKUP(H31,'[1]Consolidado MP Planta'!$A$2:$M$823,13,0),"") | E31: =IFERROR(VLOOKUP(H31,'[1]Consolidado MP Planta'!$A$2:$M$823,12,0),"") | F31: =IFERROR(C31*E31,"") | G31: =IFERROR(F31/$F$66,"")
B32: =IFERROR(VLOOKUP(H32,'[1]Consolidado MP Planta'!$A$2:$M$823,3,0),"") | C32: =+A32 -> 0 | D32: =IFERROR(VLOOKUP(H32,'[1]Consolidado MP Planta'!$A$2:$M$823,13,0),"") | E32: =IFERROR(VLOOKUP(H32,'[1]Consolidado MP Planta'!$A$2:$M$823,12,0),"") | F32: =IFERROR(C32*E32,"") | G32: =IFERROR(F32/$F$66,"")
A34: UNIDADES | B34: EMPAQUE SEMIELABORADOS | C34: UNIDADES | D34: UND MEDIDA | E34: COSTO UNITARIO | F34: TOTAL COSTO | G34: % PREC. DEFINIDO | H34: CODIGOS
A35: =+A17 -> 0 | B35: =IFERROR(VLOOKUP(H35,[1]SEMIELABORADOS!$A$2:$M$6000,2,0),"") | C35: =+A35 -> 0 | D35: =IFERROR(VLOOKUP(H35,[1]SEMIELABORADOS!$A$2:$M$6000,6,0),"") | E35: =IFERROR(VLOOKUP(H35,[1]SEMIELABORADOS!$A$2:$M$65536,10,0),"") | F35: =IFERROR(E35*C35,"") | G35: =IFERROR(F35/$F$66,"")
A36: =+A18 -> 0 | B36: =IFERROR(VLOOKUP(H36,[1]SEMIELABORADOS!$A$2:$M$6000,2,0),"") | C36: =+A36 -> 0 | D36: =IFERROR(VLOOKUP(H36,[1]SEMIELABORADOS!$A$2:$M$6000,6,0),"") | E36: =IFERROR(VLOOKUP(H36,[1]SEMIELABORADOS!$A$2:$M$65536,10,0),"") | F36: =IFERROR(E36*C36,"") | G36: =IFERROR(F36/$F$66,"")
A37: =+A19 -> 0 | B37: =IFERROR(VLOOKUP(H37,[1]SEMIELABORADOS!$A$2:$M$6000,2,0),"") | C37: =+A37 -> 0 | D37: =IFERROR(VLOOKUP(H37,[1]SEMIELABORADOS!$A$2:$M$6000,6,0),"") | E37: =IFERROR(VLOOKUP(H37,[1]SEMIELABORADOS!$A$2:$M$65536,10,0),"") | F37: =IFERROR(E37*C37,"") | G37: =IFERROR(F37/$F$66,"")
A38: =+A20 -> 0 | B38: =IFERROR(VLOOKUP(H38,[1]SEMIELABORADOS!$A$2:$M$6000,2,0),"") | C38: =+A38 -> 0 | D38: =IFERROR(VLOOKUP(H38,[1]SEMIELABORADOS!$A$2:$M$6000,6,0),"") | E38: =IFERROR(VLOOKUP(H38,[1]SEMIELABORADOS!$A$2:$M$65536,10,0),"") | F38: =IFERROR(E38*C38,"") | G38: =IFERROR(F38/$F$66,"")
A39: =+A21 -> 0 | B39: =IFERROR(VLOOKUP(H39,[1]SEMIELABORADOS!$A$2:$M$6000,2,0),"") | C39: =+A39 -> 0 | D39: =IFERROR(VLOOKUP(H39,[1]SEMIELABORADOS!$A$2:$M$6000,6,0),"") | E39: =IFERROR(VLOOKUP(H39,[1]SEMIELABORADOS!$A$2:$M$65536,10,0),"") | F39: =IFERROR(E39*C39,"") | G39: =IFERROR(F39/$F$66,"")
A40: =+A22 -> 0 | B40: =IFERROR(VLOOKUP(H40,[1]SEMIELABORADOS!$A$2:$M$6000,2,0),"") | C40: =+A40 -> 0 | D40: =IFERROR(VLOOKUP(H40,[1]SEMIELABORADOS!$A$2:$M$6000,6,0),"") | E40: =IFERROR(VLOOKUP(H40,[1]SEMIELABORADOS!$A$2:$M$65536,10,0),"") | F40: =IFERROR(E40*C40,"") | G40: =IFERROR(F40/$F$66,"")
A41: =+A23 -> 0 | B41: =IFERROR(VLOOKUP(H41,[1]SEMIELABORADOS!$A$2:$M$6000,2,0),"") | C41: =+A41 -> 0 | D41: =IFERROR(VLOOKUP(H41,[1]SEMIELABORADOS!$A$2:$M$6000,6,0),"") | E41: =IFERROR(VLOOKUP(H41,[1]SEMIELABORADOS!$A$2:$M$65536,10,0),"") | F41: =IFERROR(E41*C41,"") | G41: =IFERROR(F41/$F$66,"")
A43: UNIDADES | B43: MODI | C43: UNIDADES | D43: UND MEDIDA | E43: COSTO UNITARIO | F43: TOTAL COSTO | G43: % PREC. DEFINIDO | H43: CODIGOS
A44: =+A35 -> 0 | B44: =IFERROR(VLOOKUP(H44,[1]SEMIELABORADOS!$A$2:$M$6000,2,0),"") | C44: =+A44 -> 0 | D44: =IFERROR(VLOOKUP(H44,[1]SEMIELABORADOS!$A$2:$M$6000,6,0),"") | E44: =IFERROR(VLOOKUP(H44,[1]SEMIELABORADOS!$A$2:$M$65536,12,0),"") | F44: =IFERROR(E44*C44,"") | G44: =IFERROR(F44/$F$66,"")
A45: =+A36 -> 0 | B45: =IFERROR(VLOOKUP(H45,[1]SEMIELABORADOS!$A$2:$M$6000,2,0),"") | C45: =+A45 -> 0 | D45: =IFERROR(VLOOKUP(H45,[1]SEMIELABORADOS!$A$2:$M$6000,6,0),"") | E45: =IFERROR(VLOOKUP(H45,[1]SEMIELABORADOS!$A$2:$M$65536,12,0),"") | F45: =IFERROR(E45*C45,"") | G45: =IFERROR(F45/$F$66,"")
A46: =+A37 -> 0 | B46: =IFERROR(VLOOKUP(H46,[1]SEMIELABORADOS!$A$2:$M$6000,2,0),"") | C46: =+A46 -> 0 | D46: =IFERROR(VLOOKUP(H46,[1]SEMIELABORADOS!$A$2:$M$6000,6,0),"") | E46: =IFERROR(VLOOKUP(H46,[1]SEMIELABORADOS!$A$2:$M$65536,12,0),"") | F46: =IFERROR(E46*C46,"") | G46: =IFERROR(F46/$F$66,"")
A47: =+A38 -> 0 | B47: =IFERROR(VLOOKUP(H47,[1]SEMIELABORADOS!$A$2:$M$6000,2,0),"") | C47: =+A47 -> 0 | D47: =IFERROR(VLOOKUP(H47,[1]SEMIELABORADOS!$A$2:$M$6000,6,0),"") | E47: =IFERROR(VLOOKUP(H47,[1]SEMIELABORADOS!$A$2:$M$65536,12,0),"") | F47: =IFERROR(E47*C47,"") | G47: =IFERROR(F47/$F$66,"")
A48: =+A39 -> 0 | B48: =IFERROR(VLOOKUP(H48,[1]SEMIELABORADOS!$A$2:$M$6000,2,0),"") | C48: =+A48 -> 0 | D48: =IFERROR(VLOOKUP(H48,[1]SEMIELABORADOS!$A$2:$M$6000,6,0),"") | E48: =IFERROR(VLOOKUP(H48,[1]SEMIELABORADOS!$A$2:$M$65536,12,0),"") | F48: =IFERROR(E48*C48,"") | G48: =IFERROR(F48/$F$66,"")
A49: =+A40 -> 0 | B49: =IFERROR(VLOOKUP(H49,[1]SEMIELABORADOS!$A$2:$M$6000,2,0),"") | C49: =+A49 -> 0 | D49: =IFERROR(VLOOKUP(H49,[1]SEMIELABORADOS!$A$2:$M$6000,6,0),"") | E49: =IFERROR(VLOOKUP(H49,[1]SEMIELABORADOS!$A$2:$M$65536,12,0),"") | F49: =IFERROR(E49*C49,"") | G49: =IFERROR(F49/$F$66,"")
A50: =+A41 -> 0 | B50: =IFERROR(VLOOKUP(H50,[1]SEMIELABORADOS!$A$2:$M$6000,2,0),"") | C50: =+A50 -> 0 | D50: =IFERROR(VLOOKUP(H50,[1]SEMIELABORADOS!$A$2:$M$6000,6,0),"") | E50: =IFERROR(VLOOKUP(H50,[1]SEMIELABORADOS!$A$2:$M$65536,12,0),"") | F50: =IFERROR(E50*C50,"") | G50: =IFERROR(F50/$F$66,"")
A51: 1 | B51: MODI PREPARACION | C51: =+A51 -> 1 | D51: N/A | E51: =+F65 -> 770 | F51: =IFERROR(C51*E51,"") -> 770 | G51: =IFERROR(F51/$F$66,"") -> 0.016837208
B53: TOTAL MATERIA PRIMA | F53: =SUM(F8:F14,F17:F24) -> 44080.44 | G53: =+F53/$F$66 -> 0.96388509 | H53: =+F53/$D$60 -> 44080.44
B54: TOTAL EMPAQUE | F54: =SUM(F27:F32,F35:F41) -> 0 | G54: =+F54/$F$66 -> 0 | H54: =+F54/$D$60 -> 0 | K54: TOTAL MATERIA PRIMA + EMPAQUE | O54: =+F55 -> 44080.44
B55: TOTAL MATERIAS P. + EMPAQUES | F55: =+F53+F54 -> 44080.44 | G55: =+F55/$F$66 -> 0.96388509 | H55: =+F55/$D$60 -> 44080.44 | M55: MODI PLANTA | O55: =+H56 -> 770
C56: TOTAL MODI | F56: =SUM(F44:F51) -> 770 | G56: =+F56/$F$66 -> 0.016837208 | H56: =+F56/$D$60 -> 770 | M56: DESECHO | O56: =O54*N56 -> 0
M57: COSTO PLANTA | O57: =SUM(O54:O56) -> 44850.44
B58: GRAMOS | D58: 10000 | H58: =+H56/77 -> 10 | M58: % GIF | O58: =+H59 -> 640
B59: PESO POR UNIDAD | D59: 10000 | H59: =+H58*64 -> 640 | M59: COSTO PLANTA | O59: =SUM(O57:O58) -> 45490.44
B60: UNIDADES TOTALES | D60: =+D58/D59 -> 1 | O60: =+O59*N60 -> 0
B61: UNIDAD MEDIDA | K61: PRECIO DE VENTA PLANTA A LOCAL | O61: =SUM(O59:O60) -> 45490.44 | P61: GR
E62: S/ COSTO | F62: TOTAL | L62: UNIDAD | O62: =+O61/D60 -> 45490.44 | P62: =+O62/D59 -> 4.549044
B63: TOTAL MATERIAS P. + EMPAQUES | E63: =+F63/F63 -> 1 | F63: =SUM(F55) -> 44080.44 | G63: =+F63/$F$66 -> 0.96388509
B64: DESECHOS Y PERDIDAS | E64: 0.02 | F64: =+F53*E64 -> 881.6088 | G64: =+F64/$F$66 -> 0.019277702
B65: MANO OBRA DIRECTA | D65: 10 | E65: 77 | F65: =+E65*D65 -> 770 | G65: =+F65/$F$66 -> 0.016837208
B66: TOTAL COSTO PLANTA | F66: =SUM(F63:F65) -> 45732.049 | G66: =+F66/$F$66 -> 1 | M66: MODI 77 COLONES X MIN
M67: Gf 64 colones min
B68: COSTO POR GRAMO | M68: ,
B69: TOTAL COSTO MATERIA PRIMA | C69: =+F53 -> 44080.44 | D69: =+D58 -> 10000 | E69: =+C69/D69 -> 4.408044
B71: TOTAL COSTO UNIDAD MP+DESECHO+EMPAQUE | C71: =SUM(F63:F64) -> 44962.049 | D71: =+D58 -> 10000 | E71: =+C71/D71 -> 4.4962049
B73: TOTAL MODI PREPARACION POR GRAMO | C73: =+F65 -> 770 | D73: =+D58 -> 10000 | E73: =+C73/D73 -> 0.077
B74: TOTAL MODI POR GRAMO | C74: =+F56 -> 770 | D74: =+D73 -> 10000 | E74: =+C74/D74 -> 0.077
B76: TOTAL EMPAQUE POR GRAMO | C76: =+F54 -> 0 | D76: =+D74 -> 10000 | E76: =+C76/D76 -> 0
B78: TOTAL GRAMO MP+MODI | E78: =+E69+E74 -> 4.485044
B80: COSTO POR UNIDAD
B81: TOTAL COSTO MATERIA PRIMA | C81: =+C69 -> 44080.44 | D81: =+D60 -> 1 | E81: =+C81/D81 -> 44080.44
B83: TOTAL COSTO UNIDAD MP+DESECHO+EMPAQUE | C83: =+C71 -> 44962.049 | D83: =+D60 -> 1 | E83: =+C83/D83 -> 44962.049
B85: TOTAL MODI POR GRAMO | C85: =+C73 -> 770 | D85: =+D60 -> 1 | E85: =+C85/D85 -> 770
B86: TOTAL MODI POR GRAMO | C86: =+C74 -> 770 | D86: =+D85 -> 1 | E86: =+C86/D86 -> 770

Sheet Crema Chantilly Blanco
C1: SERVICIOS DE PASTELERIA S.A. | H1: CÓDIGO: | I1: ESP-RE-DES-018
C2: ESPECIFICACION DE RECETA | H2: REVISIÓN: | I2: 02
C3: Crema Blanca Spoon (20800g) SE00010 | H3: FECHA DE APROBACIÓN: | I3: 45613
C4: Elaborado | D4: Javier Tong, Chef
C5: Aprobado | D5: Esteban Cartin, Gte Manufactura
A6: AREA QUE PRODUCE: | D6: Decoración | G6: AREA QUE EMPACA: | I6: Decoracion
A7: # Código | B7: # Código Netsuite | C7: Descripción del ingrediente | D7: Marca | E7: Unidad Internacional | G7: Medida alternativa | I7: Costo - Referencia
E8: Cantidad | F8: Unidad medida | G8: Cantidad | H8: Unidad medida | I8: Colones
C9: Ensamble
A10: 310148 | B10: MP10047 | C10: BETTERCREME SUPREMO (UND:4 K) | D10: RICHS | E10: 12800 | F10: g
A11: 11400031 | B11: MP10048 | C11: CREMA PRESTIGE GRAND (UND:4 K) | D11: RICHS | E11: 3200 | F11: g
A12: 10415 | C12: AGUA POTABLE (PLANTA) | D12: AYA | E12: 800 | F12: g
A13: 1212410 | B13: MP10008 | C13: PRESERVANTE 1047S (PAQ=5 KILO) | D13: ASEAL | E13: 12 | F13: g
C20: Decoración
C29: Empaque
A30: 702123 | B30: EM10011 | C30: ETIQUETA BLANCA 2 5/8X1 15/16 (UND) | D30: Etiplas | E30: 1 | F30: ud
D40: Cantidad | E40: Unidad
A41: PESO TOTAL OBTENIDO | D41: 16597 | E41: g | F41: Tiempo de Horneo:
A42: TIEMPO TOTAL DE PREPARACION | D42: 17 | E42: min | F42: Horno:
A43: CANTIDAD DE PORCIONES OBTENIDAS | D43: 1 | E43: Tanda | F43: Temperatura de Horneo:
A44: PESO DE CADA PORCIÓN | D44: 16597 | E44: g | F44: Otros
A45: MERMA | D45: 215 | E45: g
A46: PROCEDIMIENTO DE PREPARACION DE LA RECETA
A47: 1.- Abrir los galones de crema y verter dentro de la top cream. (Temperatura 5° liquida )
A48: 2.- Disolver el preservante en el agua. Agregar a la top cream.
A49: 3.- Batir por 17 minutos. Una ves lista (Temperatura 18° batida) Colocar en una tina plastica, tapar.
A50: 4.- Etiquetar con nombre y fecha de vencimiento.
A51: 5.- Mantener en refrigeración hasta su uso.
A56: CONTROL DE CAMBIOS
A57: 2, Actualización tiempo de preparación y procedimiento

Sheet Disco Pistacho
C1: SERVICIOS DE PASTELERIA S.A. | H1: CÓDIGO:
C2: ESPECIFICACION DE RECETA | H2: REVISIÓN:
C3: Disco de pistacho | H3: FECHA DE APROBACIÓN:
C4: Elaborado | D4: Juan Pablo Brenes, Chef
C5: Aprobado | D5: Esteban Cartin. Gte de Manufactura
A7: AREA QUE PRODUCE: | D7: Postres | G7: AREA QUE EMPACA: Postres
A8: # Código | B8: # Codigo Netsuite | C8: Descripción del ingrediente | D8: Marca | E8: Unidad Internacional | G8: Medida alternativa | I8: Costo - Referencia
E9: Cantidad | F9: Unidad medida | G9: Cantidad | H9: Unidad medida | I9: Colones
B11: SE00462 | C11: Rosquete nucleo vainilla Dawn redondo 360g | D11: FAS | E11: 320 | F11: g | G11: 1 UNIDAD
B12: SE00254 | C12: LECHES PASTEURIZADA CON AGUA | D12: FAS | E12: 200 | F12: g | G12: 100 por capa
B13: NUEVO | C13: MOUSSE PISTACHO | D13: FAS | E13: 300 | F13: g
B14: NUEVO | C14: SALSA PISTACHO | D14: FAS | E14: 130 | F14: g | G14: 1/2 TAZA
B15: SE00682 | C15: CARAMELO CON CHOCOLATE BLANCO | D15: FAS | E15: 90 | F15: g | G15: 1/2 TAZA
B16: SE00509 | C16: ROSQUETE TURRON DE ALMENDRA | D16: FAS | E16: 75 | F16: g | G16: 1/4 UD
B17: NUEVO | C17: MOUSSE PISTACHO | D17: FAS | E17: 100 | F17: g
D20: Cantidad | E20: Unidad
A21: PESO TOTAL OBTENIDO | D21: 1200 | E21: g | F21: Tiempo de Horneo:
A22: TIEMPO TOTAL DE PREPARACION | D22: 4 | E22: min | F22: Horno:
A23: CANTIDAD DE PORCIONES OBTENIDAS | D23: 1 | E23: ud | F23: Temperatura de Horneo:
A24: PESO DE CADA PORCIÓN | D24: 1200 | E24: g | F24: Otros:
A25: MERMA | D25: =SUM(E11:E17)-D21 -> 15 | E25: g | F25: Rendimiento Final:
A26: PROCEDIMIENTO DE PREPARACION DE LA RECETA
A27: 1.Se corta el rosquete a la mitad, se coloca en un molde de aluminio desmoldable (molde pie de limon) y se moja con 100g de leche en cada tapa.
A28: 2. Se coloca en la base del rosquete la primer capa de mousse de pistacho dejando un hueco al centro, luego al centro la salsa de pistacho
A29: 3. Se le agrega el chocolate blanco con caramelo y el turron en trozos al centro sobre la salsa y se le coloca la otra parte del mousse de pistacho
A30: 4. Por ultimo se tapa con la otra mitad del rosquete y se dejar enfiar por al menos 6 horas.
A33: Control de cambios

Sheet Costo Crema verde pistacho
E1: Precio Local | F1: Costo MP | G1: Costo EM | H1: Costo MO
E2: =IFERROR(O62,"") -> 3091.377 | F2: =IFERROR(H53,"") -> 2188.44 | G2: =IFERROR(H54,"") -> 0.027884615 | H2: =IFERROR(H56,"") -> 493.078
A5: ESTRUCTURA DE COSTOS
F6: Fecha: | H6: =TODAY() -> 45890
A7: UNIDADES | B7: DESCRIPCION MAT.PRIMA | C7: UNIDADES | D7: UND MEDIDA | E7: COSTO UNITARIO | F7: TOTAL COSTO | G7: % PREC. DEFINIDO | H7: CODIGOS
A8: 1 | B8: =IFERROR(VLOOKUP(H8,'[1]Consolidado MP Planta'!$A$2:$M$823,3,0),"") -> COLORANTE GEL ELECTRIC GREEN (UD=130ml) | C8: =+A8 -> 1 | D8: =IFERROR(VLOOKUP(H8,'[1]Consolidado MP Planta'!$A$2:$M$823,13,0),"") -> Mililitros | E8: 18.44 | F8: =IFERROR(C8*E8,"") -> 18.44 | G8: =IFERROR(F8/$F$66,"") -> 0.0079853226 | H8: 10400001
B9: =IFERROR(VLOOKUP(H9,'[1]Consolidado MP Planta'!$A$2:$M$823,3,0),"") | C9: =+A9 -> 0 | D9: =IFERROR(VLOOKUP(H9,'[1]Consolidado MP Planta'!$A$2:$M$823,13,0),"") | E9: =IFERROR(VLOOKUP(H9,'[1]Consolidado MP Planta'!$A$2:$M$823,12,0),"") | F9: =IFERROR(C9*E9,"") | G9: =IFERROR(F9/$F$66,"")
B10: =IFERROR(VLOOKUP(H10,'[1]Consolidado MP Planta'!$A$2:$M$823,3,0),"") | C10: =+A10 -> 0 | D10: =IFERROR(VLOOKUP(H10,'[1]Consolidado MP Planta'!$A$2:$M$823,13,0),"") | E10: =IFERROR(VLOOKUP(H10,'[1]Consolidado MP Planta'!$A$2:$M$823,12,0),"") | F10: =IFERROR(C10*E10,"") | G10: =IFERROR(F10/$F$66,"")
B11: =IFERROR(VLOOKUP(H11,'[1]Consolidado MP Planta'!$A$2:$M$823,3,0),"") | C11: =+A11 -> 0 | D11: =IFERROR(VLOOKUP(H11,'[1]Consolidado MP Planta'!$A$2:$M$823,13,0),"") | E11: =IFERROR(VLOOKUP(H11,'[1]Consolidado MP Planta'!$A$2:$M$823,12,0),"") | F11: =IFERROR(C11*E11,"") | G11: =IFERROR(F11/$F$66,"")
B12: =IFERROR(VLOOKUP(H12,'[1]Consolidado MP Planta'!$A$2:$M$823,3,0),"") | C12: =+A12 -> 0 | D12: =IFERROR(VLOOKUP(H12,'[1]Consolidado MP Planta'!$A$2:$M$823,13,0),"") | E12: =IFERROR(VLOOKUP(H12,'[1]Consolidado MP Planta'!$A$2:$M$823,12,0),"") | F12: =IFERROR(C12*E12,"") | G12: =IFERROR(F12/$F$66,"")
B13: =IFERROR(VLOOKUP(H13,'[1]Consolidado MP Planta'!$A$2:$M$823,3,0),"") | C13: =+A13 -> 0 | D13: =IFERROR(VLOOKUP(H13,'[1]Consolidado MP Planta'!$A$2:$M$823,13,0),"") | E13: =IFERROR(VLOOKUP(H13,'[1]Consolidado MP Planta'!$A$2:$M$823,12,0),"") | F13: =IFERROR(C13*E13,"") | G13: =IFERROR(F13/$F$66,"")
B14: =IFERROR(VLOOKUP(H14,'[1]Consolidado MP Planta'!$A$2:$M$823,3,0),"") | C14: =+A14 -> 0 | D14: =IFERROR(VLOOKUP(H14,'[1]Consolidado MP Planta'!$A$2:$M$823,13,0),"") | E14: =IFERROR(VLOOKUP(H14,'[1]Consolidado MP Planta'!$A$2:$M$823,12,0),"") | F14: =IFERROR(C14*E14,"") | G14: =IFERROR(F14/$F$66,"")
B15: =IFERROR(VLOOKUP(H15,'[2]ARTICULOS MP PLANTA'!$A$2:$G$589,2,0),"")
A16: UNIDADES | B16: MATERIA PRIMA SEMIELABORADOS | C16: UNIDADES | D16: UND MEDIDA | E16: COSTO UNITARIO | F16: TOTAL COSTO | G16: % PREC. DEFINIDO | H16: CODIGOS
A17: 1000 | B17: =IFERROR(VLOOKUP(H17,[1]SEMIELABORADOS!$A$2:$M$6000,2,0),"") -> CREMA CHANTILLY BLANCA SPOON-IND KILO | C17: =+A17 -> 1000 | D17: =IFERROR(VLOOKUP(H17,[1]SEMIELABORADOS!$A$2:$M$6000,6,0),"") -> Gramo | E17: 2.17 | F17: =IFERROR(E17*C17,"") -> 2170 | G17: =IFERROR(F17/$F$66,"") -> 0.93970445 | H17: 95717
B18: =IFERROR(VLOOKUP(H18,[1]SEMIELABORADOS!$A$2:$M$6000,2,0),"") | C18: =+A18 -> 0 | D18: =IFERROR(VLOOKUP(H18,[1]SEMIELABORADOS!$A$2:$M$6000,6,0),"") | E18: =IFERROR(VLOOKUP(H18,[1]SEMIELABORADOS!$A$2:$H$65536,8,0),"") | F18: =IFERROR(E18*C18,"") | G18: =IFERROR(F18/$F$66,"")
B19: =IFERROR(VLOOKUP(H19,[1]SEMIELABORADOS!$A$2:$M$6000,2,0),"") | C19: =+A19 -> 0 | D19: =IFERROR(VLOOKUP(H19,[1]SEMIELABORADOS!$A$2:$M$6000,6,0),"") | E19: =IFERROR(VLOOKUP(H19,[1]SEMIELABORADOS!$A$2:$H$65536,8,0),"") | F19: =IFERROR(E19*C19,"") | G19: =IFERROR(F19/$F$66,"")
B20: =IFERROR(VLOOKUP(H20,[1]SEMIELABORADOS!$A$2:$M$6000,2,0),"") | C20: =+A20 -> 0 | D20: =IFERROR(VLOOKUP(H20,[1]SEMIELABORADOS!$A$2:$M$6000,6,0),"") | E20: =IFERROR(VLOOKUP(H20,[1]SEMIELABORADOS!$A$2:$H$65536,8,0),"") | F20: =IFERROR(E20*C20,"") | G20: =IFERROR(F20/$F$66,"")
B21: =IFERROR(VLOOKUP(H21,[1]SEMIELABORADOS!$A$2:$M$6000,2,0),"") | C21: =+A21 -> 0 | D21: =IFERROR(VLOOKUP(H21,[1]SEMIELABORADOS!$A$2:$M$6000,6,0),"") | E21: =IFERROR(VLOOKUP(H21,[1]SEMIELABORADOS!$A$2:$H$65536,8,0),"") | F21: =IFERROR(E21*C21,"") | G21: =IFERROR(F21/$F$66,"")
B22: =IFERROR(VLOOKUP(H22,[1]SEMIELABORADOS!$A$2:$M$6000,2,0),"") | C22: =+A22 -> 0 | D22: =IFERROR(VLOOKUP(H22,[1]SEMIELABORADOS!$A$2:$M$6000,6,0),"") | E22: =IFERROR(VLOOKUP(H22,[1]SEMIELABORADOS!$A$2:$H$65536,8,0),"") | F22: =IFERROR(E22*C22,"") | G22: =IFERROR(F22/$F$66,"")
B23: =IFERROR(VLOOKUP(H23,[1]SEMIELABORADOS!$A$2:$M$6000,2,0),"") | C23: =+A23 -> 0 | D23: =IFERROR(VLOOKUP(H23,[1]SEMIELABORADOS!$A$2:$M$6000,6,0),"") | E23: =IFERROR(VLOOKUP(H23,[1]SEMIELABORADOS!$A$2:$H$65536,8,0),"") | F23: =IFERROR(E23*C23,"") | G23: =IFERROR(F23/$F$66,"")
B24: =IFERROR(VLOOKUP(H24,[1]SEMIELABORADOS!$A$2:$M$6000,2,0),"") | C24: =+A24 -> 0 | D24: =IFERROR(VLOOKUP(H24,[1]SEMIELABORADOS!$A$2:$M$6000,6,0),"") | E24: =IFERROR(VLOOKUP(H24,[1]SEMIELABORADOS!$A$2:$H$65536,8,0),"") | F24: =IFERROR(E24*C24,"") | G24: =IFERROR(F24/$F$66,"")
A26: UNIDADES | B26: EMPAQUE | C26: UNIDADES | D26: UND MEDIDA | E26: COSTO UNITARIO | F26: TOTAL COSTO | G26: % PREC. DEFINIDO | H26: CODIGOS
A27: 0 | B27: =IFERROR(VLOOKUP(H27,'[1]Consolidado MP Planta'!$A$2:$M$823,3,0),"") | C27: =+A27 -> 0 | D27: =IFERROR(VLOOKUP(H27,'[1]Consolidado MP Planta'!$A$2:$M$823,13,0),"") | E27: =IFERROR(VLOOKUP(H27,'[1]Consolidado MP Planta'!$A$2:$M$823,12,0),"") | F27: =IFERROR(C27*E27,"") | G27: =IFERROR(F27/$F$66,"")
B28: =IFERROR(VLOOKUP(H28,'[1]Consolidado MP Planta'!$A$2:$M$823,3,0),"") | C28: =+A28 -> 0 | D28: =IFERROR(VLOOKUP(H28,'[1]Consolidado MP Planta'!$A$2:$M$823,13,0),"") | E28: =IFERROR(VLOOKUP(H28,'[1]Consolidado MP Planta'!$A$2:$M$823,12,0),"") | F28: =IFERROR(C28*E28,"") | G28: =IFERROR(F28/$F$66,"")
B29: =IFERROR(VLOOKUP(H29,'[1]Consolidado MP Planta'!$A$2:$M$823,3,0),"") | C29: =+A29 -> 0 | D29: =IFERROR(VLOOKUP(H29,'[1]Consolidado MP Planta'!$A$2:$M$823,13,0),"") | E29: =IFERROR(VLOOKUP(H29,'[1]Consolidado MP Planta'!$A$2:$M$823,12,0),"") | F29: =IFERROR(C29*E29,"") | G29: =IFERROR(F29/$F$66,"")
B30: =IFERROR(VLOOKUP(H30,'[1]Consolidado MP Planta'!$A$2:$M$823,3,0),"") | C30: =+A30 -> 0 | D30: =IFERROR(VLOOKUP(H30,'[1]Consolidado MP Planta'!$A$2:$M$823,13,0),"") | E30: =IFERROR(VLOOKUP(H30,'[1]Consolidado MP Planta'!$A$2:$M$823,12,0),"") | F30: =IFERROR(C30*E30,"") | G30: =IFERROR(F30/$F$66,"")
B31: =IFERROR(VLOOKUP(H31,'[1]Consolidado MP Planta'!$A$2:$M$823,3,0),"") | C31: =+A31 -> 0 | D31: =IFERROR(VLOOKUP(H31,'[1]Consolidado MP Planta'!$A$2:$M$823,13,0),"") | E31: =IFERROR(VLOOKUP(H31,'[1]Consolidado MP Planta'!$A$2:$M$823,12,0),"") | F31: =IFERROR(C31*E31,"") | G31: =IFERROR(F31/$F$66,"")
B32: =IFERROR(VLOOKUP(H32,'[1]Consolidado MP Planta'!$A$2:$M$823,3,0),"") | C32: =+A32 -> 0 | D32: =IFERROR(VLOOKUP(H32,'[1]Consolidado MP Planta'!$A$2:$M$823,13,0),"") | E32: =IFERROR(VLOOKUP(H32,'[1]Consolidado MP Planta'!$A$2:$M$823,12,0),"") | F32: =IFERROR(C32*E32,"") | G32: =IFERROR(F32/$F$66,"")
A34: UNIDADES | B34: EMPAQUE SEMIELABORADOS | C34: UNIDADES | D34: UND MEDIDA | E34: COSTO UNITARIO | F34: TOTAL COSTO | G34: % PREC. DEFINIDO | H34: CODIGOS
A35: =+A17 -> 1000 | B35: =IFERROR(VLOOKUP(H35,[1]SEMIELABORADOS!$A$2:$M$6000,2,0),"") -> CREMA CHANTILLY BLANCA SPOON-IND KILO | C35: =+A35 -> 1000 | D35: =IFERROR(VLOOKUP(H35,[1]SEMIELABORADOS!$A$2:$M$6000,6,0),"") -> Gramo | E35: =IFERROR(VLOOKUP(H35,[1]SEMIELABORADOS!$A$2:$M$65536,10,0),"") -> 2.7884615e-05 | F35: =IFERROR(E35*C35,"") -> 0.027884615 | G35: =IFERROR(F35/$F$66,"") -> 1.2075252e-05 | H35: 95717
A36: =+A18 -> 0 | B36: =IFERROR(VLOOKUP(H36,[1]SEMIELABORADOS!$A$2:$M$6000,2,0),"") | C36: =+A36 -> 0 | D36: =IFERROR(VLOOKUP(H36,[1]SEMIELABORADOS!$A$2:$M$6000,6,0),"") | E36: =IFERROR(VLOOKUP(H36,[1]SEMIELABORADOS!$A$2:$M$65536,10,0),"") | F36: =IFERROR(E36*C36,"") | G36: =IFERROR(F36/$F$66,"")
A37: =+A19 -> 0 | B37: =IFERROR(VLOOKUP(H37,[1]SEMIELABORADOS!$A$2:$M$6000,2,0),"") | C37: =+A37 -> 0 | D37: =IFERROR(VLOOKUP(H37,[1]SEMIELABORADOS!$A$2:$M$6000,6,0),"") | E37: =IFERROR(VLOOKUP(H37,[1]SEMIELABORADOS!$A$2:$M$65536,10,0),"") | F37: =IFERROR(E37*C37,"") | G37: =IFERROR(F37/$F$66,"")
A38: =+A20 -> 0 | B38: =IFERROR(VLOOKUP(H38,[1]SEMIELABORADOS!$A$2:$M$6000,2,0),"") | C38: =+A38 -> 0 | D38: =IFERROR(VLOOKUP(H38,[1]SEMIELABORADOS!$A$2:$M$6000,6,0),"") | E38: =IFERROR(VLOOKUP(H38,[1]SEMIELABORADOS!$A$2:$M$65536,10,0),"") | F38: =IFERROR(E38*C38,"") | G38: =IFERROR(F38/$F$66,"")
A39: =+A21 -> 0 | B39: =IFERROR(VLOOKUP(H39,[1]SEMIELABORADOS!$A$2:$M$6000,2,0),"") | C39: =+A39 -> 0 | D39: =IFERROR(VLOOKUP(H39,[1]SEMIELABORADOS!$A$2:$M$6000,6,0),"") | E39: =IFERROR(VLOOKUP(H39,[1]SEMIELABORADOS!$A$2:$M$65536,10,0),"") | F39: =IFERROR(E39*C39,"") | G39: =IFERROR(F39/$F$66,"")
A40: =+A22 -> 0 | B40: =IFERROR(VLOOKUP(H40,[1]SEMIELABORADOS!$A$2:$M$6000,2,0),"") | C40: =+A40 -> 0 | D40: =IFERROR(VLOOKUP(H40,[1]SEMIELABORADOS!$A$2:$M$6000,6,0),"") | E40: =IFERROR(VLOOKUP(H40,[1]SEMIELABORADOS!$A$2:$M$65536,10,0),"") | F40: =IFERROR(E40*C40,"") | G40: =IFERROR(F40/$F$66,"")
A41: =+A23 -> 0 | B41: =IFERROR(VLOOKUP(H41,[1]SEMIELABORADOS!$A$2:$M$6000,2,0),"") | C41: =+A41 -> 0 | D41: =IFERROR(VLOOKUP(H41,[1]SEMIELABORADOS!$A$2:$M$6000,6,0),"") | E41: =IFERROR(VLOOKUP(H41,[1]SEMIELABORADOS!$A$2:$M$65536,10,0),"") | F41: =IFERROR(E41*C41,"") | G41: =IFERROR(F41/$F$66,"")
A43: UNIDADES | B43: MODI | C43: UNIDADES | D43: UND MEDIDA | E43: COSTO UNITARIO | F43: TOTAL COSTO | G43: % PREC. DEFINIDO | H43: CODIGOS
A44: =+A35 -> 1000 | B44: =IFERROR(VLOOKUP(H44,[1]SEMIELABORADOS!$A$2:$M$6000,2,0),"") -> CREMA CHANTILLY BLANCA SPOON-IND KILO | C44: =+A44 -> 1000 | D44: =IFERROR(VLOOKUP(H44,[1]SEMIELABORADOS!$A$2:$M$6000,6,0),"") -> Gramo | E44: =IFERROR(VLOOKUP(H44,[1]SEMIELABORADOS!$A$2:$M$65536,12,0),"") -> 0.416078 | F44: =IFERROR(E44*C44,"") -> 416.078 | G44: =IFERROR(F44/$F$66,"") -> 0.18017989 | H44: 95717
A45: =+A36 -> 0 | B45: =IFERROR(VLOOKUP(H45,[1]SEMIELABORADOS!$A$2:$M$6000,2,0),"") | C45: =+A45 -> 0 | D45: =IFERROR(VLOOKUP(H45,[1]SEMIELABORADOS!$A$2:$M$6000,6,0),"") | E45: =IFERROR(VLOOKUP(H45,[1]SEMIELABORADOS!$A$2:$M$65536,12,0),"") | F45: =IFERROR(E45*C45,"") | G45: =IFERROR(F45/$F$66,"")
A46: =+A37 -> 0 | B46: =IFERROR(VLOOKUP(H46,[1]SEMIELABORADOS!$A$2:$M$6000,2,0),"") | C46: =+A46 -> 0 | D46: =IFERROR(VLOOKUP(H46,[1]SEMIELABORADOS!$A$2:$M$6000,6,0),"") | E46: =IFERROR(VLOOKUP(H46,[1]SEMIELABORADOS!$A$2:$M$65536,12,0),"") | F46: =IFERROR(E46*C46,"") | G46: =IFERROR(F46/$F$66,"")
A47: =+A38 -> 0 | B47: =IFERROR(VLOOKUP(H47,[1]SEMIELABORADOS!$A$2:$M$6000,2,0),"") | C47: =+A47 -> 0 | D47: =IFERROR(VLOOKUP(H47,[1]SEMIELABORADOS!$A$2:$M$6000,6,0),"") | E47: =IFERROR(VLOOKUP(H47,[1]SEMIELABORADOS!$A$2:$M$65536,12,0),"") | F47: =IFERROR(E47*C47,"") | G47: =IFERROR(F47/$F$66,"")
A48: =+A39 -> 0 | B48: =IFERROR(VLOOKUP(H48,[1]SEMIELABORADOS!$A$2:$M$6000,2,0),"") | C48: =+A48 -> 0 | D48: =IFERROR(VLOOKUP(H48,[1]SEMIELABORADOS!$A$2:$M$6000,6,0),"") | E48: =IFERROR(VLOOKUP(H48,[1]SEMIELABORADOS!$A$2:$M$65536,12,0),"") | F48: =IFERROR(E48*C48,"") | G48: =IFERROR(F48/$F$66,"")
A49: =+A40 -> 0 | B49: =IFERROR(VLOOKUP(H49,[1]SEMIELABORADOS!$A$2:$M$6000,2,0),"") | C49: =+A49 -> 0 | D49: =IFERROR(VLOOKUP(H49,[1]SEMIELABORADOS!$A$2:$M$6000,6,0),"") | E49: =IFERROR(VLOOKUP(H49,[1]SEMIELABORADOS!$A$2:$M$65536,12,0),"") | F49: =IFERROR(E49*C49,"") | G49: =IFERROR(F49/$F$66,"")
A50: =+A41 -> 0 | B50: =IFERROR(VLOOKUP(H50,[1]SEMIELABORADOS!$A$2:$M$6000,2,0),"") | C50: =+A50 -> 0 | D50: =IFERROR(VLOOKUP(H50,[1]SEMIELABORADOS!$A$2:$M$6000,6,0),"") | E50: =IFERROR(VLOOKUP(H50,[1]SEMIELABORADOS!$A$2:$M$65536,12,0),"") | F50: =IFERROR(E50*C50,"") | G50: =IFERROR(F50/$F$66,"")
A51: 1 | B51: MODI PREPARACION | C51: =+A51 -> 1 | D51: N/A | E51: =+F65 -> 77 | F51: =IFERROR(C51*E51,"") -> 77 | G51: =IFERROR(F51/$F$66,"") -> 0.033344352
B53: TOTAL MATERIA PRIMA | F53: =SUM(F8:F14,F17:F24) -> 2188.44 | G53: =+F53/$F$66 -> 0.94768978 | H53: =+F53/$D$60 -> 2188.44
B54: TOTAL EMPAQUE | F54: =SUM(F27:F32,F35:F41) -> 0.027884615 | G54: =+F54/$F$66 -> 1.2075252e-05 | H54: =+F54/$D$60 -> 0.027884615 | K54: TOTAL MATERIA PRIMA + EMPAQUE | O54: =+F55 -> 2188.4679
B55: TOTAL MATERIAS P. + EMPAQUES | F55: =+F53+F54 -> 2188.4679 | G55: =+F55/$F$66 -> 0.94770185 | H55: =+F55/$D$60 -> 2188.4679 | M55: MODI PLANTA | O55: =+H56 -> 493.078
C56: TOTAL MODI | F56: =SUM(F44:F51) -> 493.078 | G56: =+F56/$F$66 -> 0.21352424 | H56: =+F56/$D$60 -> 493.078 | M56: DESECHO | O56: =O54*N56 -> 0
M57: COSTO PLANTA | O57: =SUM(O54:O56) -> 2681.5459
B58: GRAMOS | D58: 1000 | H58: =+H56/77 -> 6.4036104 | M58: % GIF | O58: =+H59 -> 409.83107
B59: PESO POR UNIDAD | D59: 1000 | H59: =+H58*64 -> 409.83107 | M59: COSTO PLANTA | O59: =SUM(O57:O58) -> 3091.377
B60: UNIDADES TOTALES | D60: =+D58/D59 -> 1 | O60: =+O59*N60 -> 0
B61: UNIDAD MEDIDA | K61: PRECIO DE VENTA PLANTA A LOCAL | O61: =SUM(O59:O60) -> 3091.377 | P61: GR
E62: S/ COSTO | F62: TOTAL | L62: UNIDAD | O62: =+O61/D60 -> 3091.377 | P62: =+O62/D59 -> 3.091377
B63: TOTAL MATERIAS P. + EMPAQUES | E63: =+F63/F63 -> 1 | F63: =SUM(F55) -> 2188.4679 | G63: =+F63/$F$66 -> 0.94770185
B64: DESECHOS Y PERDIDAS | E64: 0.02 | F64: =+F53*E64 -> 43.7688 | G64: =+F64/$F$66 -> 0.018953796
B65: MANO OBRA DIRECTA | D65: 1 | E65: 77 | F65: =+E65*D65 -> 77 | G65: =+F65/$F$66 -> 0.033344352
B66: TOTAL COSTO PLANTA | F66: =SUM(F63:F65) -> 2309.2367 | G66: =+F66/$F$66 -> 1 | M66: MODI 77 COLONES X MIN
M67: Gf 64 colones min
B68: COSTO POR GRAMO | M68: ,
B69: TOTAL COSTO MATERIA PRIMA | C69: =+F53 -> 2188.44 | D69: =+D58 -> 1000 | E69: =+C69/D69 -> 2.18844
B71: TOTAL COSTO UNIDAD MP+DESECHO+EMPAQUE | C71: =SUM(F63:F64) -> 2232.2367 | D71: =+D58 -> 1000 | E71: =+C71/D71 -> 2.2322367
B73: TOTAL MODI PREPARACION POR GRAMO | C73: =+F65 -> 77 | D73: =+D58 -> 1000 | E73: =+C73/D73 -> 0.077
B74: TOTAL MODI POR GRAMO | C74: =+F56 -> 493.078 | D74: =+D73 -> 1000 | E74: =+C74/D74 -> 0.493078
B76: TOTAL EMPAQUE POR GRAMO | C76: =+F54 -> 0.027884615 | D76: =+D74 -> 1000 | E76: =+C76/D76 -> 2.7884615e-05
B78: TOTAL GRAMO MP+MODI | E78: =+E69+E74 -> 2.681518
B80: COSTO POR UNIDAD
B81: TOTAL COSTO MATERIA PRIMA | C81: =+C69 -> 2188.44 | D81: =+D60 -> 1 | E81: =+C81/D81 -> 2188.44
B83: TOTAL COSTO UNIDAD MP+DESECHO+EMPAQUE | C83: =+C71 -> 2232.2367 | D83: =+D60 -> 1 | E83: =+C83/D83 -> 2232.2367
B85: TOTAL MODI POR GRAMO | C85: =+C73 -> 77 | D85: =+D60 -> 1 | E85: =+C85/D85 -> 77
B86: TOTAL MODI POR GRAMO | C86: =+C74 -> 493.078 | D86: =+D85 -> 1 | E86: =+C86/D86 -> 493.078

Sheet Disco Pistacho 2
C1: SERVICIOS DE PASTELERIA S.A. | H1: CÓDIGO: | I1: ESP-RE-POS-104
C2: ESPECIFICACION DE RECETA | H2: REVISIÓN: | I2: 1
C3: SE00742 Disco de pistacho | H3: FECHA DE APROBACIÓN: | I3: 45889
C4: Elaborado | D4: Juan Pablo Brenes, Chef
C5: Aprobado | D5: Esteban Cartin. Gte de Manufactura
A7: AREA QUE PRODUCE: | D7: Postres | G7: AREA QUE EMPACA: Postres
A8: # Código | B8: # Codigo Netsuite | C8: Descripción del ingrediente | D8: Marca | E8: Unidad Internacional | G8: Medida alternativa | I8: Costo - Referencia
E9: Cantidad | F9: Unidad medida | G9: Cantidad | H9: Unidad medida | I9: Colones
B11: SE00462 | C11: Rosquete nucleo vainilla Dawn redondo 360g | D11: FAS | E11: 320 | F11: g | G11: 1 UNIDAD
B12: SE00254 | C12: LECHES PASTEURIZADA CON AGUA | D12: FAS | E12: 200 | F12: g | G12: 100 por capa
B13: SE00740 | C13: MOUSSE PISTACHO | D13: FAS | E13: 300 | F13: g
B14: SE00739 | C14: SALSA PISTACHO | D14: FAS | E14: 130 | F14: g | G14: 1/2 TAZA
B15: SE00682 | C15: CARAMELO CON CHOCOLATE BLANCO | D15: FAS | E15: 45 | F15: g | G15: 1/4 taza
B16: SE00509 | C16: ROSQUETE TURRON DE ALMENDRA | D16: FAS | E16: 75 | F16: g | G16: 1/4 UD
B17: SE00740 | C17: MOUSSE PISTACHO | D17: FAS | E17: 100 | F17: g
D20: Cantidad | E20: Unidad
A21: PESO TOTAL OBTENIDO | D21: 1100 | E21: g | F21: Tiempo de Horneo:
A22: TIEMPO TOTAL DE PREPARACION | D22: 4 | E22: min | F22: Horno:
A23: CANTIDAD DE PORCIONES OBTENIDAS | D23: 1 | E23: ud | F23: Temperatura de Horneo:
A24: PESO DE CADA PORCIÓN | D24: 1100 | E24: g | F24: Otros:
A25: MERMA | D25: 70 | E25: g | F25: Rendimiento Final:
A26: PROCEDIMIENTO DE PREPARACION DE LA RECETA
A27: 1.Se corta el rosquete a la mitad, se coloca en un molde de aluminio desmoldable (molde pie de limon) y se moja con 100g de leche en cada tapa.
A28: 2. Se coloca en la base del rosquete la primer capa de mousse de pistacho dejando un hueco al centro, luego al centro la salsa de pistacho
A29: 3. Se le agrega el chocolate blanco con caramelo y el turron en trozos al centro sobre la salsa y se le coloca la otra parte del mousse de pistacho
A30: 4. Por ultimo se tapa con la otra mitad del rosquete y se dejar enfiar por al menos 6 horas.
A33: Control de cambios

Sheet Rosquete Vainilla Dawn 
C1: SERVICIOS DE PASTELERIA S.A. | H1: CÓDIGO: | I1: ESP-RE-BAS-030
C2: ESPECIFICACION DE RECETA | H2: REVISIÓN: | I2: 01
C3: 907000311(SE00462) Rosquete nucleo vainilla Dawn redondo 360g | H3: FECHA DE APROBACIÓN: | I3: 45619
C4: Elaborado | D4: Javier Tong, Chef
C5: Aprobado | D5: Esteban Cartin, Gte Manufactura
A6: AREA QUE PRODUCE: | D6: Batidos | G6: AREA QUE EMPACA: | I6: Batidos
A7: # Código | B7: # Código Netsuite | C7: Descripción del ingrediente | D7: Marca | E7: Unidad Internacional | G7: Medida alternativa | I7: Costo - Referencia
E8: Cantidad | F8: Unidad medida | G8: Cantidad | H8: Unidad medida | I8: Colones
C9: Ensamble
A10: 907000306 | B10: SE00444 | C10: BATIDO NUCLEO VAINILLA DAWN | D10: FAS | E10: 24000 | F10: g
C21: Decoración
C28: Empaque
A29: 902000019 | C29: MEZCLA P/ENGRASE MOLDES KILO | D29: FAS | E29: 650 | F29: g
A30: 1950928 | B30: AS00028 | C30: BOLSA TRANSPARENTE 56X96X1.80 KILO | D30: PLASTICOS P | E30: 6 | F30: ud
A31: 0702007 | B31: EM10004 | C31: ETIQ.FECHA VENCIMIENTO BLANCO (ROLLO) | D31: ETIPLAST | E31: 6 | F31: ud
A32: 702069 | B32: EM10002 | C32: ETIQ.BLANCA 1 1/4 * 3/4 (UND) | D32: CEMUSA | E32: 6 | F32: ud
D38: Cantidad | E38: Unidad
A39: PESO TOTAL OBTENIDO | D39: 23400 | E39: g | F39: Tiempo de Horneo:
A40: TIEMPO TOTAL DE PREPARACION | D40: 14 | E40: Min | F40: Horno:
A41: CANTIDAD DE PORCIONES OBTENIDAS | D41: 65 | E41: ud | F41: Temperatura de Horneo:
A42: PESO DE CADA PORCIÓN | D42: 360 | E42: g | F42: Otros
A43: MERMA | D43: 600 | E43: g
A44: PROCEDIMIENTO DE PREPARACION DE LA RECETA
A45: 1.- Pesar 360g de mezcla en los moldes previamente engrasados.
A46: 2.- Hornear por 31 minutos en el Dicte 1 a 170°C, en el Dicte 2 por 38 minutos a 170°C y en el Marshall por 26 minutos a 175°C.
A47: 3.- Enfriar, desmoldar, colocar 12 rosquetes por lata, etiquetar con nombre y fecha de producción.
A55: CONTROL DE CAMBIOS

Sheet Batido Nucleo Vainilla Dawn 
C1: SERVICIOS DE PASTELERIA S.A. | H1: CÓDIGO: | I1: ESP-RE-BAS-027
C2: ESPECIFICACION DE RECETA | H2: REVISIÓN: | I2: 01
C3: SE00444 Batido Nucleo vainilla Dawn | H3: FECHA DE APROBACIÓN: | I3: 45619
C4: Elaborado | D4: Javier Tong, Chef
C5: Aprobado | D5: Esteban Cartin, Gte Manufactura
A6: AREA QUE PRODUCE: | D6: Batidos | G6: AREA QUE EMPACA: | I6: Batidos
A7: # Código | B7: # Código Netsuite | C7: Descripción del ingrediente | D7: Marca | E7: Unidad Internacional | G7: Medida alternativa | I7: Costo - Referencia
E8: Cantidad | F8: Unidad medida | G8: Cantidad | H8: Unidad medida | I8: Colones
C9: Ensamble
A10: 906000138 | B10: SE00443 | C10: PREMEZCLA BATIDO NUCLEO VAINILLA DAWN | D10: FAS | E10: 14195 | F10: g
A11: 1210482 | B11: MP10005 | C11: HUEVO ENTERO PASTERI INNOVO ( CAJA: 10 K) | D11: INNOVO | E11: 7700 | F11: g
A12: 10415 | C12: AGUA POTABLE (PLANTA) | D12: FAS | E12: 3090 | F12: g
A13: 1212437 | B13: MP10315 | C13: PRESERVANTE MIXTO (UND:17 K) | D13: PURATOS | E13: 390 | F13: g
C21: Decoración
C28: Empaque
D38: Cantidad | E38: Unidad
A39: PESO TOTAL OBTENIDO | D39: 24000 | E39: g | F39: Tiempo de Horneo:
A40: TIEMPO TOTAL DE PREPARACION | D40: 10 | E40: min | F40: Horno:
A41: CANTIDAD DE PORCIONES OBTENIDAS | D41: 1 | E41: Tanda | F41: Temperatura de Horneo:
A42: PESO DE CADA PORCIÓN | D42: 24000 | E42: g | F42: Otros
A43: MERMA | D43: 1375 | E43: g
A44: PROCEDIMIENTO DE PREPARACION DE LA RECETA
A46: 1, Colocar los liquidos en la batidora, posterior agregar los ingredientes secos
A47: 2, Batir por 1 min en velocidad 1. Con paleta
A48: 3, Batir 4 min en velocidad 3. con paleta
A55: CONTROL DE CAMBIOS

Sheet Premezcla Batido Nucleo Dawn
C1: SERVICIOS DE PASTELERIA S.A. | H1: CÓDIGO: | I1: ESP-RE-PRES-025
C2: ESPECIFICACION DE RECETA | H2: REVISIÓN: | I2: 01
C3: SE00443 Premezcla Batido Nucleo Vainilla Dawn | H3: FECHA DE APROBACIÓN: | I3: 45617
C4: Elaborado | D4: Javier Tong, Chef
C5: Aprobado | D5: Esteban Cartin, Gte Manufactura
A6: AREA QUE PRODUCE: | D6: Premezclas | G6: AREA QUE EMPACA: | I6: Premezclas
A7: # Código | B7: # Código Netsuite | C7: Descripción del ingrediente | D7: Marca | E7: Unidad Internacional | G7: Medida alternativa | I7: Costo - Referencia
E8: Cantidad | F8: Unidad medida | G8: Cantidad | H8: Unidad medida | I8: Colones
C9: Ensamble
A10: 510301 | B10: MP10074 | C10: AZUCAR BLANCO INDUSTRIAL (SACO:50 K) | D10: LAICA | E10: 5820 | F10: g
A11: 1210445 | B11: MP10142 | C11: CLARA DE HUEVO DESHIDRATADA | E11: 350 | F11: g
A12: 11200072 | B12: MP10478 | C12: HARINA SILVER CAKE | D12: FAHACASA | E12: 3622 | F12: g
A13: 11200087 | B13: MP10493 | C13: COCENTRADO VAINILLA DAWN | D13: DAWN | E13: 3492 | F13: g
A14: 1160001 | B14: MP10481 | C14: GOMA XANTANA | D14: MABAKER & CHEF | E14: 60 | F14: g
A15: 1212410 | B15: MP10008 | C15: PRESERVANTE 1047S (PAQ=5 KILO) | D15: ASEAL | E15: 38 | F15: g
A16: 10100337 | B16: MP10494 | C16: CMC | D16: UNIVERSAL DE ALIMENTOS | E16: 30 | F16: g
A17: 310145 | B17: MP10234 | C17: LECHE POLVO INDUSTRIAL (SACO:25 KG) | D17: DOS PINOS | E17: 518 | F17: g
A18: 503000036 | B18: MP10085 | C18: BICARBONATO DE SODIO (PAQ:2.5 K) | E18: 65 | F18: g
A19: 11300012 | B19: MP10517 | C19: ACTI EGG | D19: PURATOS | E19: 200 | F19: g
C21: Decoración
C29: Empaque
A30: 1950708 | B30: EM10013 | C30: BOLSA 17x25 TRANSP KILO | E30: 2 | F30: ud
A31: 60100010 | B31: EM10133 | C31: ETIQUETA ROJA LETRA ALERJENO (UND) | E31: 2 | F31: ud
A32: 702123 | B32: EM10011 | C32: ETIQUETA BLANCA 2 5/8X1 15/16 (UND) | E32: 2 | F32: ud
A33: 1950705 | B33: EM10037 | C33: BOLSA 8x12 TRANSPARENTE KILO | E33: 1 | F33: ud
D42: Cantidad | E42: Unidad
A43: PESO TOTAL OBTENIDO | D43: 14195 | E43: g | F43: Tiempo de Horneo:
A44: TIEMPO TOTAL DE PREPARACION | D44: 3 | E44: min | F44: Horno:
A45: CANTIDAD DE PORCIONES OBTENIDAS | D45: 1 | E45: ud | F45: Temperatura de Horneo:
A46: PESO DE CADA PORCIÓN | D46: 14195 | E46: g | F46: Otros
A47: MERMA | D47: 0 | E47: g
A48: PROCEDIMIENTO DE PREPARACION DE LA RECETA
A49: 1, En una bolsa 17x25 empacar el azucar. Etiquetar
A50: 2, En una bolsa 17x25 empacar las harinas, concentrado,cmc, leche en polvo y la goma. Clara de huevo, acti egg. Etiquetar
A51: 3, En una bolsa 8*12 pesar el preservante y el bicarbonato (se debe pesar justo antes de su uso)
A52: 4, En una bolsa 8*12 pesar la clara
A57: CONTROL DE CAMBIOS

Sheet Leches pasteu con agua 
C1: SERVICIOS DE PASTELERIA S.A. | H1: CÓDIGO: | I1: ESP-RE-DES-026
C2: ESPECIFICACION DE RECETA | H2: REVISIÓN: | I2: 01
C3: Leches pasteurizadas con Agua 320g Spoon 910000003(SE00254) | H3: FECHA DE APROBACIÓN: | I3: 45613
C4: Elaborado | D4: Javier Tong, Chef
C5: Aprobado | D5: Esteban Cartin, Gte Manufactura
A6: AREA QUE PRODUCE: | D6: Decoración | G6: AREA QUE EMPACA: | I6: Decoracion
A7: # Código | B7: # Código Netsuite | C7: Descripción del ingrediente | D7: Marca | E7: Unidad Internacional | G7: Medida alternativa | I7: Costo - Referencia
E8: Cantidad | F8: Unidad medida | G8: Cantidad | H8: Unidad medida | I8: Colones
C9: Ensamble
A10: 907000001 | B10: SE00031 | C10: MEZCLA DE LECHE PASTEURIZADA | D10: FAS | E10: 1600 | F10: g
C11: AGUA | D11: FAS | E11: 1600 | F11: g
A12: 1212412 | B12: MP10025 | C12: PRESERVANTE 1017 (PAQ=5 KILO) | D12: Aseal | E12: 3 | F12: g
C20: Decoración
C29: Empaque
D40: Cantidad | E40: Unidad
A41: PESO TOTAL OBTENIDO | D41: 3200 | E41: g | F41: Tiempo de Horneo:
A42: TIEMPO TOTAL DE PREPARACION | D42: 5 | E42: Minutos | F42: Horno:
A43: CANTIDAD DE PORCIONES OBTENIDAS | D43: 10 | E43: Tortas | F43: Temperatura de Horneo:
A44: PESO DE CADA PORCIÓN | D44: 320 | E44: g | F44: Otros
A45: MERMA | D45: 3 | E45: g
A46: PROCEDIMIENTO DE PREPARACION DE LA RECETA
A47: 1.- Colocar la mezcla de leches con agua y preservante en un balde.
A56: CONTROL DE CAMBIOS

Sheet Mezcla leche pasteur
C1: SERVICIOS DE PASTELERIA S.A. | H1: CÓDIGO: | I1: ESP-RE-POS-020
C2: ESPECIFICACION DE RECETA | H2: REVISIÓN: | I2: 02
C3: Mezcla para Tres Leches Pasteurizada SE00031 | H3: FECHA DE APROBACIÓN: | I3: 45615
C4: Elaborado | D4: Javier Tong, Chef
C5: Aprobado | D5: Esteban Cartin, Gte Manufactura
A6: AREA QUE PRODUCE: | D6: Postres | G6: AREA QUE EMPACA: | I6: Postres
A7: # Código | B7: # Código Netsuite | C7: Descripción del ingrediente | D7: Marca | E7: Unidad Internacional | G7: Medida alternativa | I7: Costo - Referencia
E8: Cantidad | F8: Unidad medida | G8: Cantidad | H8: Unidad medida | I8: Colones
C9: Ensamble
A10: 11400047 | B10: MP10030 | C10: LECHE 2% PASTEURIZADA (UND) | D10: DOS PINOS | E10: 12230 | F10: g
A11: 1110414 | B11: MP10024 | C11: LECHE EVAPORADA (LITRO) | D11: NESTLE | E11: 17430 | F11: g
A12: 11400046 | B12: MP10050 | C12: LECHE CONDENSADA | D12: NESTLE | E12: 17430 | F12: g
A13: 11400031 | B13: MP10048 | C13: CREMA PRESTIGE GRAND | D13: RICH | E13: 14000 | F13: g
A14: 90100131 | B14: SE00016 | C14: AZUCAR BLANCO INDUSTRIAL KILO | D14: FAS | E14: 1475 | F14: g
A15: 1212410 | B15: MP10008 | C15: PRESERVANTE 1047S (PAQ=5 KILO) | D15: ASEAL | E15: 140 | F15: g
C21: Decoración
C30: Empaque
D43: Cantidad | E43: Unidad
A44: PESO TOTAL OBTENIDO | D44: 62500 | E44: g | F44: Tiempo de Horneo:
A45: TIEMPO TOTAL DE PREPARACION | D45: 11 | E45: Min. | F45: Horno:
A46: CANTIDAD DE PORCIONES OBTENIDAS | D46: 1 | E46: tanda | F46: Temperatura de Horneo:
A47: PESO DE CADA PORCIÓN | D47: 62500 | E47: g | F47: Otros
A48: MERMA | D48: 205 | E48: g
A49: PROCEDIMIENTO DE PREPARACION DE LA RECETA
A50: 1. Disolver completamente el preservante en un litro de leche estandar empleando el homogenizador manual.
A51: 2. Colocar en un bolw con una paleta manual, la leche fluida, la leche evaporada, el litro de leche con el preservante ya disuelto, el azúcar, la crema prestige líquida y la leche condensada.
A52: 3. Dosificar la mezcla pasteurizada en recipientes de acero inoxidable previamente lavado de acuerdo a INS-LMP-019 Recipiente para el Almacenamiento de Leche Pasteurizada, tapar el recipiente hermeticamente y reservar hasta su uso.
A53: 4. Identificar los recipientes con nombre del producto, fecha de producción y responsable.
A54: 5. Esta mezcla tiene una vida útil de 2 días envasada en recipientes de acero inoxidable herméticamente cerrados y mantenida en refrigeración
A55: 0ºC y 5ªC. Terminado el proceso proceder a la limpieza del equipo y a la sanitización.
A58: CONTROL DE CAMBIOS
A59: 2Actualización procedimiento

Sheet Caramelo con choc Blanc
C1: SERVICIOS DE PASTELERIA S.A. | H1: CÓDIGO: | I1: ESP-RE-POS-072
C2: ESPECIFICACION DE RECETA | H2: REVISIÓN: | I2: 1
C3: SE00682 CARAMELO CON CHOCOLATE BLANCO | H3: FECHA DE APROBACIÓN: | I3: 45715
C4: Elaborado | D4: Juan Pablo Brenes-Chef
C5: Aprobado | D5: Esteban Cartin, Gerente de Manofactura
A6: AREA QUE PRODUCE: | D6: Postres | G6: AREA QUE EMPACA: | I6: Postres
A7: # Código | B7: # Código | C7: Descripción del ingrediente | D7: Marca | E7: Unidad Internacional | G7: Medida alternativa | I7: Costo - Referencia
E8: Cantidad | F8: Unidad medida | G8: Cantidad | H8: Unidad medida | I8: Colones
B9: SE00355 | C9: Caramelo Crocante | D9: FAS | E9: 1000 | F9: g
B10: MP10143 | C10: Cobertura Chocolate Blanco Nacional | D10: NACIONAL | E10: 1000 | F10: g
A11: 1950702 | B11: EM10016 | C11: Bolsa 12X18 Transparente | D11: Plasticos P | E11: 1 | F11: Unid
A12: 702067 | B12: EM10120 | C12: Etiq.Blanca 1 13/16 * 1 7/8 | D12: Mayca | E12: 1 | F12: Unid
F13: Unid | L13: =SUM(E9:E10) -> 2000
D15: Cantidad | E15: Unidad
A16: PESO TOTAL OBTENIDO | D16: 2000 | E16: g
A17: TIEMPO TOTAL DE PREPARACION | D17: 5 | E17: min
A18: CANTIDAD DE PORCIONES OBTENIDAS | D18: =(D16/D19) -> 1 | E18: ud
A19: PESO DE CADA PORCIÓN | D19: 2000 | E19: g
A20: MERMA | D20: =SUM(E9:E10)-D16 -> 0 | E20: g
A21: LLEGO C
A22: 1.Realizar el Brittle de almendras, una vez listo y procesado, derretir chocolate blanco y mezclarlo muy bien.
A23: 2. Exparsirlo bien en una bandeja y dejarlo secar.
A24: 3. Cuando este bien seco. Se vuelve a procesar para que queden pequeños trozos.
A25: 4. Guardar y etiquetar.
A30: CONTROL DE CAMBIOS

Sheet Caramelo Crocante 
C1: SERVICIOS DE PASTELERIA S.A. | H1: CÓDIGO: | I1: ESP-RE-POS-022
C2: ESPECIFICACION DE RECETA | H2: REVISIÓN: | I2: 01
C3: Caramelo Crocante 1000g Spoon SE00355 | H3: FECHA DE APROBACIÓN: | I3: 45615
C4: Elaborado | D4: Javier Tong, Chef
C5: Aprobado | D5: Esteban Cartin, Gte Manufactura
A6: AREA QUE PRODUCE: | D6: Postres | G6: AREA QUE EMPACA: | I6: Postres
A7: # Código | B7: # Código Netsuite | C7: Descripción del ingrediente | D7: Marca | E7: Unidad Internacional | G7: Medida alternativa | I7: Costo - Referencia
E8: Cantidad | F8: Unidad medida | G8: Cantidad | H8: Unidad medida | I8: Colones
C9: Ensamble
A10: 510302 | B10: MP10078 | C10: AZUCAR REFINO INDUSTRIAL | D10: MAYCA | E10: 1100 | F10: g
C21: Decoración
C30: Empaque
A31: 1950702 | B31: EM10016 | C31: BOLSA 12X18 TRANSPARENTE | D31: PLASTICOS P | E31: 1 | F31: Unid
A32: 702067 | B32: EM10120 | C32: ETIQ.BLANCA 1 13/16 * 1 7/8 | D32: MAYCA | E32: 1 | F32: Unid
D43: Cantidad | E43: Unidad
A44: PESO TOTAL OBTENIDO | D44: 1000 | E44: g | F44: Tiempo de Horneo:
A45: TIEMPO TOTAL DE PREPARACION | D45: 6 | E45: min | F45: Horno:
A46: CANTIDAD DE PORCIONES OBTENIDAS | D46: 1 | E46: ud | F46: Temperatura de Horneo:
A47: PESO DE CADA PORCIÓN | D47: 1000 | E47: g | F47: Otros
A48: MERMA | D48: 100 | E48: g
A49: PROCEDIMIENTO DE PREPARACION DE LA RECETA
A50: 1.- Derretir el azucar hasta tomar color caramelo. Tener cuidado de no quemar.
A51: 2.- Retirar del fuego y colocar en una blonda de teflon, dejar enfriar.
A52: 3.- Partir con un maso, trozos pequeños.
A53: 4.- Enviar a figuras.
A58: CONTROL DE CAMBIOS

Sheet Rosquete Turron Almendra 
B1: SERVICIOS DE PASTELERIA S.A. | G1: CÓDIGO: | H1: ESP-RE-BAS-053
B2: ESPECIFICACION DE RECETA | G2: REVISIÓN: | H2: 01
B3: Rosquete De Turron De Almendras Redondo 330g 903000036 | G3: FECHA DE APROBACIÓN: | H3: 42614
B4: Elaborado | C4: Maria Jose Rodriguez, Chef
B5: Aprobado | C5: Jorge, Montero. Gte de Manufactura
A6: # Código | B6: Descripción del ingrediente | C6: Marca | D6: Unidad Internacional | F6: Medida alternativa | H6: Costo - Referencia
D7: Cantidad | E7: Unidad medida | F7: Cantidad | G7: Unidad medida | H7: Colones
A8: 902000010 | B8: BATIDO TURRON DE ALMENDRAS | C8: Spoon | D8: 5910 | E8: g
A9: 902000019 | B9: MEZCLA P/ENGRASE MOLDES KILO | C9: Spoon | D9: =16*8 -> 128 | E9: g
A10: 1950771 | B10: PAPEL ENCERADO 10X10 (CAJA) | C10: Mayca | D10: 16 | E10: Unids
C13: Cantidad | D13: Unidad
A14: PESO TOTAL OBTENIDO | C14: =16*C17 -> 5280 | D14: g | E14: Tiempo de Horneo: | G14: 15 Minutos
A15: TIEMPO TOTAL DE PREPARACION | C15: 8 | D15: Minutos | E15: Horno: | G15: Marshall
A16: CANTIDAD DE PORCIONES OBTENIDAS | C16: =C14/C17 -> 16 | D16: Unidades | E16: Temperatura de Horneo: | G16: 170°C
A17: PESO POR PORCION | C17: 330 | D17: g | E17: Otros
A18: MERMA | C18: =SUM(D8-C14) -> 630 | D18: g
A19: PROCEDIMIENTO DE PREPARACION DE LA RECETA
A20: 1.- Dosificar 330g en moldes engrasados y con papel engrasado en la base.
A21: 2.- Hornear en el Marshall a 170°C por 35 minutos.

Sheet Batido Turron Almendra
B1: SERVICIOS DE PASTELERIA S.A. | G1: CÓDIGO: | H1: ESP-RE-BAS-022
B2: ESPECIFICACION DE RECETA | G2: REVISIÓN: | H2: 06
B3: 902000010 Batido turron de almendras | G3: FECHA DE APROBACIÓN: | H3: 44483
B4: Elaborado | C4: Juan Pablo Brenes,chef
B5: Aprobado | C5: Esteban Cartin, Gerente de Manufactura
A7: AREA QUE PRODUCE: | C7: BATIDOS | F7: AREA QUE EMPACA: | H7: BATIDOS
A8: # Código | B8: Descripción del ingrediente | C8: Marca | D8: Unidad Internacional | F8: Medida alternativa | H8: Costo - Referencia
D9: Cantidad | E9: Unidad medida | F9: Cantidad | G9: Unidad medida | H9: Colones
A10: 901000011 | B10: PREMEZCLA PARA TURRON DE ALMENDRAS | C10: SPOON | D10: 4090 | E10: g | I10: =+D10/$C$20 -> 0.69204738 | J10: =+I10*1000 -> 692.04738
A11: 0310107 | B11: LACTOCREMA GRANEL (CAJA:25 KG) | C11: DOS PINOS | D11: 600 | E11: g | I11: =+D11/$C$20 -> 0.10152284 | J11: =+I11*1000 -> 101.52284
A12: 11300009 | B12: CLARA DE HUEVO (CAJA:5 K) | C12: INNOVO | D12: 780 | E12: g | I12: =+D12/$C$20 -> 0.1319797 | J12: =+I12*1000 -> 131.9797
A13: 11300011 | B13: YEMA DE HUEVO (UND: 8.34 K) | C13: INNOVO | D13: 440 | E13: g | I13: =+D13/$C$20 -> 0.074450085 | J13: =+I13*1000 -> 74.450085
C19: Cantidad | D19: Unidad
A20: PESO TOTAL OBTENIDO | C20: =SUM(D10:D13) -> 5910 | D20: g
A21: TIEMPO TOTAL DE PREPARACION | C21: 10 | D21: min | I21: =+C21/C20 -> 0.0016920474 | J21: =+I21*1000 -> 1.6920474
A22: CANTIDAD DE PORCIONES OBTENIDAS | C22: 1 | D22: Tanda
A23: PESO DE CADA PORCIÓN | C23: =C20 -> 5910 | D23: g
A24: MERMA | C24: 0 | D24: g
A25: PROCEDIMIENTO DE PREPARACION DE LA RECETA
A26: 1,- Batir los huevos a velocidad 3 hasta que crezcan. Unos 6 minutos
A27: 2,- bajar la velocidad a 2 y aadicionar la lactocrema derretida
A28: 3- agregar el azucar rapidamente en velocidad 1 y batir por 10 segundos. Agregar la harina y la almendra majada ligeramente.
A33: CONTROL DE CAMBIOS
A34: Versión #5, se actualiza instructivo, códigos y procedimeintos
A35: Revisión #6: Reactivación de producto.
A36: Revisión #7: Se elimina la almendra del batido.

Sheet Premezcla Turron Almendra
B1: SERVICIOS DE PASTELERIA S.A. | G1: CÓDIGO: | H1: ESP-RE-PAPS-047
B2: ESPECIFICACION DE RECETA | G2: REVISIÓN:
B3: PREMZCLA PARA BATIDO ROSQUETE TURRÓN DE ALMENDRA 901000011 | G3: FECHA DE APROBACIÓN:
B4: Elaborado | C4: Enmanuel Madrigal, Chef
B5: Aprobado | C5: Jeffry Rodriguez, Gerente de Manufactura
A6: AREA QUE PRODUCE: | C6: PREMEZCLA | F6: AREA QUE EMPACA: | H6: PREMEZCLA
A7: # Código | B7: Descripción del ingrediente | C7: Marca | D7: Unidad Internacional | F7: Medida alternativa | H7: Costo - Referencia
D8: Cantidad | E8: Unidad medida | F8: Cantidad | G8: Unidad medida | H8: Colones
A9: 510301 | B9: AZUCAR BLANCO INDUSTRIAL (SACO:50 K) | C9: LAYCA | D9: 2000 | E9: g
A10: 11200064 | B10: HARINA NACARINA (SACO: 50 K) | C10: NACARINA | D10: 1020 | E10: g
A11: 10100046 | B11: POLVO HORNEAR FLEISHMAN (PAQ:2.5 K) | C11: FLEISHMAN | D11: 24 | E11: g
A12: 1212410 | B12: PRESERVANTE 1047S (PAQ=5 KILO) | C12: ASAEL | D12: 3 | E12: g
B14: EMPAQUE
A15: 1950702 | B15: BOLSA 12x18 TRANSP (KILO) | C15: PLASTICOS P | D15: 2 | E15: ud
A16: 0702007 | B16: ETIQ.FECHA VENCIMIENTO BLANCO (ROLLO) | C16: ETIPLAST | D16: 1 | E16: ud
C18: Cantidad | D18: Unidad
A19: PESO TOTAL OBTENIDO | C19: 3047 | D19: g
A20: TIEMPO TOTAL DE PREPARACION | C20: 2 | D20: min
A21: CANTIDAD DE PORCIONES OBTENIDAS | C21: 1 | D21: tanda | E21: 1 tanda = 47 rosquetes
A22: PESO DE CADA PORCIÓN | C22: 3047 | D22: g
A23: MERMA | C23: =SUM(D9:D12)-C19 -> 0 | D23: g
A24: PROCEDIMIENTO DE PREPARACION DE LA RECETA
A25: 1- Colocar en azúcar en una bolsa 12x18
A26: 2- Colocar la harina en una bolsa 12x18 junto con el polvo de hornear y preservante, hacer nudo y colocar dentro de la bolsa del azúcar,
A27: 3- Colocar nombre y fecha de vencimiento
A30: CONTROL DE CAMBIOS
A31: Versión #8, se actualiza instructivo y códigos

Sheet Costo Disco Pistacho
E1: Precio Local | F1: Costo MP | G1: Costo EM | H1: Costo MO
E2: =IFERROR(O62,"") -> 4436.7676 | F2: =IFERROR(H53,"") -> 3607.791 | G2: =IFERROR(H54,"") -> 11.465 | H2: =IFERROR(H56,"") -> 446.4425
A5: ESTRUCTURA DE COSTOS
F6: Fecha: | H6: =TODAY() -> 45890
A7: UNIDADES | B7: DESCRIPCION MAT.PRIMA | C7: UNIDADES | D7: UND MEDIDA | E7: COSTO UNITARIO | F7: TOTAL COSTO | G7: % PREC. DEFINIDO | H7: CODIGOS
B8: =IFERROR(VLOOKUP(H8,'[1]Consolidado MP Planta'!$A$2:$M$823,3,0),"") | C8: =+A8 -> 0 | D8: =IFERROR(VLOOKUP(H8,'[1]Consolidado MP Planta'!$A$2:$M$823,13,0),"") | E8: =IFERROR(VLOOKUP(H8,'[1]Consolidado MP Planta'!$A$2:$M$823,12,0),"") | F8: =IFERROR(C8*E8,"") | G8: =IFERROR(F8/$F$66,"")
B9: =IFERROR(VLOOKUP(H9,'[1]Consolidado MP Planta'!$A$2:$M$823,3,0),"") | C9: =+A9 -> 0 | D9: =IFERROR(VLOOKUP(H9,'[1]Consolidado MP Planta'!$A$2:$M$823,13,0),"") | E9: =IFERROR(VLOOKUP(H9,'[1]Consolidado MP Planta'!$A$2:$M$823,12,0),"") | F9: =IFERROR(C9*E9,"") | G9: =IFERROR(F9/$F$66,"")
B10: =IFERROR(VLOOKUP(H10,'[1]Consolidado MP Planta'!$A$2:$M$823,3,0),"") | C10: =+A10 -> 0 | D10: =IFERROR(VLOOKUP(H10,'[1]Consolidado MP Planta'!$A$2:$M$823,13,0),"") | E10: =IFERROR(VLOOKUP(H10,'[1]Consolidado MP Planta'!$A$2:$M$823,12,0),"") | F10: =IFERROR(C10*E10,"") | G10: =IFERROR(F10/$F$66,"")
B11: =IFERROR(VLOOKUP(H11,'[1]Consolidado MP Planta'!$A$2:$M$823,3,0),"") | C11: =+A11 -> 0 | D11: =IFERROR(VLOOKUP(H11,'[1]Consolidado MP Planta'!$A$2:$M$823,13,0),"") | E11: =IFERROR(VLOOKUP(H11,'[1]Consolidado MP Planta'!$A$2:$M$823,12,0),"") | F11: =IFERROR(C11*E11,"") | G11: =IFERROR(F11/$F$66,"")
B12: =IFERROR(VLOOKUP(H12,'[1]Consolidado MP Planta'!$A$2:$M$823,3,0),"") | C12: =+A12 -> 0 | D12: =IFERROR(VLOOKUP(H12,'[1]Consolidado MP Planta'!$A$2:$M$823,13,0),"") | E12: =IFERROR(VLOOKUP(H12,'[1]Consolidado MP Planta'!$A$2:$M$823,12,0),"") | F12: =IFERROR(C12*E12,"") | G12: =IFERROR(F12/$F$66,"")
B13: =IFERROR(VLOOKUP(H13,'[1]Consolidado MP Planta'!$A$2:$M$823,3,0),"") | C13: =+A13 -> 0 | D13: =IFERROR(VLOOKUP(H13,'[1]Consolidado MP Planta'!$A$2:$M$823,13,0),"") | E13: =IFERROR(VLOOKUP(H13,'[1]Consolidado MP Planta'!$A$2:$M$823,12,0),"") | F13: =IFERROR(C13*E13,"") | G13: =IFERROR(F13/$F$66,"")
B14: =IFERROR(VLOOKUP(H14,'[1]Consolidado MP Planta'!$A$2:$M$823,3,0),"") | C14: =+A14 -> 0 | D14: =IFERROR(VLOOKUP(H14,'[1]Consolidado MP Planta'!$A$2:$M$823,13,0),"") | E14: =IFERROR(VLOOKUP(H14,'[1]Consolidado MP Planta'!$A$2:$M$823,12,0),"") | F14: =IFERROR(C14*E14,"") | G14: =IFERROR(F14/$F$66,"")
B15: =IFERROR(VLOOKUP(H15,'[2]ARTICULOS MP PLANTA'!$A$2:$G$589,2,0),"")
A16: UNIDADES | B16: MATERIA PRIMA SEMIELABORADOS | C16: UNIDADES | D16: UND MEDIDA | E16: COSTO UNITARIO | F16: TOTAL COSTO | G16: % PREC. DEFINIDO | H16: CODIGOS
A17: 1 | B17: Rosquete nucleo vainilla Dawn redondo 360g | C17: =+A17 -> 1 | D17: UND | E17: 663.21 | F17: =IFERROR(E17*C17,"") -> 663.21 | G17: =IFERROR(F17/$F$66,"") -> 0.16582688 | H17: SE00462
A18: 200 | B18: LECHES PASTEURIZADA CON AGUA | C18: =+A18 -> 200 | D18: Gramos | E18: 1.09 | F18: =IFERROR(E18*C18,"") -> 218 | G18: =IFERROR(F18/$F$66,"") -> 0.054508015 | H18: SE00254
A19: 400 | B19: MOUSSE PISTACHO | C19: =+A19 -> 400 | D19: Gramos | E19: =+'Costo Mousse Pistacho'!E69 -> 4.408044 | F19: =IFERROR(E19*C19,"") -> 1763.2176 | G19: =IFERROR(F19/$F$66,"") -> 0.44086923 | H19: NUEVO
A20: 130 | B20: SALSA PISTACHO | C20: =+A20 -> 130 | D20: Gramos | E20: =+'Costo Salsa Pistacho'!E69 -> 5.139276 | F20: =IFERROR(E20*C20,"") -> 668.10588 | G20: =IFERROR(F20/$F$66,"") -> 0.16705103 | H20: NUEVO
A21: 45 | B21: CARAMELO CON CHOCOLATE BLANCO | C21: =+A21 -> 45 | D21: Gramos | E21: 2.33 | F21: =IFERROR(E21*C21,"") -> 104.85 | G21: =IFERROR(F21/$F$66,"") -> 0.026216355 | H21: SE00682
A22: 0.25 | B22: ROSQUETE TURRON DE ALMENDRA | C22: =+A22 -> 0.25 | D22: Gramos | E22: 761.63 | F22: =IFERROR(E22*C22,"") -> 190.4075 | G22: =IFERROR(F22/$F$66,"") -> 0.047608876 | H22: SE00509
C23: =+A23 -> 0 | E23: =IFERROR(VLOOKUP(H23,[1]SEMIELABORADOS!$A$2:$H$65536,8,0),"") | F23: =IFERROR(E23*C23,"") | G23: =IFERROR(F23/$F$66,"")
B24: =IFERROR(VLOOKUP(H24,[1]SEMIELABORADOS!$A$2:$M$6000,2,0),"") | C24: =+A24 -> 0 | D24: =IFERROR(VLOOKUP(H24,[1]SEMIELABORADOS!$A$2:$M$6000,6,0),"") | E24: =IFERROR(VLOOKUP(H24,[1]SEMIELABORADOS!$A$2:$H$65536,8,0),"") | F24: =IFERROR(E24*C24,"") | G24: =IFERROR(F24/$F$66,"")
A26: UNIDADES | B26: EMPAQUE | C26: UNIDADES | D26: UND MEDIDA | E26: COSTO UNITARIO | F26: TOTAL COSTO | G26: % PREC. DEFINIDO | H26: CODIGOS
A27: 0 | B27: =IFERROR(VLOOKUP(H27,'[1]Consolidado MP Planta'!$A$2:$M$823,3,0),"") | C27: =+A27 -> 0 | D27: =IFERROR(VLOOKUP(H27,'[1]Consolidado MP Planta'!$A$2:$M$823,13,0),"") | E27: =IFERROR(VLOOKUP(H27,'[1]Consolidado MP Planta'!$A$2:$M$823,12,0),"") | F27: =IFERROR(C27*E27,"") | G27: =IFERROR(F27/$F$66,"")
B28: =IFERROR(VLOOKUP(H28,'[1]Consolidado MP Planta'!$A$2:$M$823,3,0),"") | C28: =+A28 -> 0 | D28: =IFERROR(VLOOKUP(H28,'[1]Consolidado MP Planta'!$A$2:$M$823,13,0),"") | E28: =IFERROR(VLOOKUP(H28,'[1]Consolidado MP Planta'!$A$2:$M$823,12,0),"") | F28: =IFERROR(C28*E28,"") | G28: =IFERROR(F28/$F$66,"")
B29: =IFERROR(VLOOKUP(H29,'[1]Consolidado MP Planta'!$A$2:$M$823,3,0),"") | C29: =+A29 -> 0 | D29: =IFERROR(VLOOKUP(H29,'[1]Consolidado MP Planta'!$A$2:$M$823,13,0),"") | E29: =IFERROR(VLOOKUP(H29,'[1]Consolidado MP Planta'!$A$2:$M$823,12,0),"") | F29: =IFERROR(C29*E29,"") | G29: =IFERROR(F29/$F$66,"")
B30: =IFERROR(VLOOKUP(H30,'[1]Consolidado MP Planta'!$A$2:$M$823,3,0),"") | C30: =+A30 -> 0 | D30: =IFERROR(VLOOKUP(H30,'[1]Consolidado MP Planta'!$A$2:$M$823,13,0),"") | E30: =IFERROR(VLOOKUP(H30,'[1]Consolidado MP Planta'!$A$2:$M$823,12,0),"") | F30: =IFERROR(C30*E30,"") | G30: =IFERROR(F30/$F$66,"")
B31: =IFERROR(VLOOKUP(H31,'[1]Consolidado MP Planta'!$A$2:$M$823,3,0),"") | C31: =+A31 -> 0 | D31: =IFERROR(VLOOKUP(H31,'[1]Consolidado MP Planta'!$A$2:$M$823,13,0),"") | E31: =IFERROR(VLOOKUP(H31,'[1]Consolidado MP Planta'!$A$2:$M$823,12,0),"") | F31: =IFERROR(C31*E31,"") | G31: =IFERROR(F31/$F$66,"")
B32: =IFERROR(VLOOKUP(H32,'[1]Consolidado MP Planta'!$A$2:$M$823,3,0),"") | C32: =+A32 -> 0 | D32: =IFERROR(VLOOKUP(H32,'[1]Consolidado MP Planta'!$A$2:$M$823,13,0),"") | E32: =IFERROR(VLOOKUP(H32,'[1]Consolidado MP Planta'!$A$2:$M$823,12,0),"") | F32: =IFERROR(C32*E32,"") | G32: =IFERROR(F32/$F$66,"")
A34: UNIDADES | B34: EMPAQUE SEMIELABORADOS | C34: UNIDADES | D34: UND MEDIDA | E34: COSTO UNITARIO | F34: TOTAL COSTO | G34: % PREC. DEFINIDO | H34: CODIGOS
A35: =+A17 -> 1 | B35: Rosquete nucleo vainilla Dawn redondo 360g | C35: =+A35 -> 1 | D35: UND | E35: 6.63 | F35: =IFERROR(E35*C35,"") -> 6.63 | G35: =IFERROR(F35/$F$66,"") -> 0.0016577438 | H35: SE00462
A36: =+A18 -> 200 | B36: LECHES PASTEURIZADA CON AGUA | C36: =+A36 -> 200 | D36: Gramos | E36: 0 | F36: =IFERROR(E36*C36,"") -> 0 | G36: =IFERROR(F36/$F$66,"") -> 0 | H36: SE00254
A37: =+A19 -> 400 | B37: MOUSSE PISTACHO | C37: =+A37 -> 400 | D37: Gramos | E37: =+'Costo Mousse Pistacho'!E76 -> 0 | F37: =IFERROR(E37*C37,"") -> 0 | G37: =IFERROR(F37/$F$66,"") -> 0 | H37: NUEVO
A38: =+A20 -> 130 | B38: SALSA PISTACHO | C38: =+A38 -> 130 | D38: Gramos | E38: =+'Costo Salsa Pistacho'!E76 -> 0.009 | F38: =IFERROR(E38*C38,"") -> 1.17 | G38: =IFERROR(F38/$F$66,"") -> 0.00029254302 | H38: NUEVO
A39: =+A21 -> 45 | B39: CARAMELO CON CHOCOLATE BLANCO | C39: =+A39 -> 45 | D39: Gramos | E39: 0.01 | F39: =IFERROR(E39*C39,"") -> 0.45 | G39: =IFERROR(F39/$F$66,"") -> 0.00011251655 | H39: SE00682
A40: =+A22 -> 0.25 | B40: ROSQUETE TURRON DE ALMENDRA | C40: =+A40 -> 0.25 | D40: Gramos | E40: 12.86 | F40: =IFERROR(E40*C40,"") -> 3.215 | G40: =IFERROR(F40/$F$66,"") -> 0.00080386821 | H40: SE00509
A41: =+A23 -> 0 | C41: =+A41 -> 0 | E41: =IFERROR(VLOOKUP(H41,[1]SEMIELABORADOS!$A$2:$M$65536,10,0),"") | F41: =IFERROR(E41*C41,"") | G41: =IFERROR(F41/$F$66,"")
A43: UNIDADES | B43: MODI | C43: UNIDADES | D43: UND MEDIDA | E43: COSTO UNITARIO | F43: TOTAL COSTO | G43: % PREC. DEFINIDO | H43: CODIGOS
A44: =+A35 -> 1 | B44: Rosquete nucleo vainilla Dawn redondo 360g | C44: =+A44 -> 1 | D44: UND | E44: 42.24 | F44: =IFERROR(E44*C44,"") -> 42.24 | G44: =IFERROR(F44/$F$66,"") -> 0.010561553 | H44: SE00462
A45: =+A36 -> 200 | B45: LECHES PASTEURIZADA CON AGUA | C45: =+A45 -> 200 | D45: Gramos | E45: 0.13 | F45: =IFERROR(E45*C45,"") -> 26 | G45: =IFERROR(F45/$F$66,"") -> 0.006500956 | H45: SE00254
A46: =+A37 -> 400 | B46: MOUSSE PISTACHO | C46: =+A46 -> 400 | D46: Gramos | E46: =+'Costo Mousse Pistacho'!E74 -> 0.077 | F46: =IFERROR(E46*C46,"") -> 30.8 | G46: =IFERROR(F46/$F$66,"") -> 0.0077011325 | H46: NUEVO
A47: =+A38 -> 130 | B47: SALSA PISTACHO | C47: =+A47 -> 130 | D47: Gramos | E47: =+'Costo Salsa Pistacho'!E74 -> 0.018 | F47: =IFERROR(E47*C47,"") -> 2.34 | G47: =IFERROR(F47/$F$66,"") -> 0.00058508604 | H47: NUEVO
A48: =+A39 -> 45 | B48: CARAMELO CON CHOCOLATE BLANCO | C48: =+A48 -> 45 | D48: Gramos | E48: 0.4 | F48: =IFERROR(E48*C48,"") -> 18 | G48: =IFERROR(F48/$F$66,"") -> 0.0045006618 | H48: SE00682
A49: =+A40 -> 0.25 | B49: ROSQUETE TURRON DE ALMENDRA | C49: =+A49 -> 0.25 | D49: Gramos | E49: 76.25 | F49: =IFERROR(E49*C49,"") -> 19.0625 | G49: =IFERROR(F49/$F$66,"") -> 0.0047663259 | H49: SE00509
C50: =+A50 -> 0 | E50: =IFERROR(VLOOKUP(H50,[1]SEMIELABORADOS!$A$2:$M$65536,12,0),"") | F50: =IFERROR(E50*C50,"") | G50: =IFERROR(F50/$F$66,"")
A51: 1 | B51: MODI PREPARACION | C51: =+A51 -> 1 | D51: N/A | E51: =+F65 -> 308 | F51: =IFERROR(C51*E51,"") -> 308 | G51: =IFERROR(F51/$F$66,"") -> 0.077011325
B53: TOTAL MATERIA PRIMA | F53: =SUM(F8:F14,F17:F24) -> 3607.791 | G53: =+F53/$F$66 -> 0.9020804 | H53: =+F53/$D$60 -> 3607.791
B54: TOTAL EMPAQUE | F54: =SUM(F27:F32,F35:F41) -> 11.465 | G54: =+F54/$F$66 -> 0.0028666715 | H54: =+F54/$D$60 -> 11.465 | K54: TOTAL MATERIA PRIMA + EMPAQUE | O54: =+F55 -> 3619.256
B55: TOTAL MATERIAS P. + EMPAQUES | F55: =+F53+F54 -> 3619.256 | G55: =+F55/$F$66 -> 0.90494707 | H55: =+F55/$D$60 -> 3619.256 | M55: MODI PLANTA | O55: =+H56 -> 446.4425
C56: TOTAL MODI | F56: =SUM(F44:F51) -> 446.4425 | G56: =+F56/$F$66 -> 0.11162704 | H56: =+F56/$D$60 -> 446.4425 | M56: DESECHO | O56: =O54*N56 -> 0
M57: COSTO PLANTA | O57: =SUM(O54:O56) -> 4065.6985
B58: GRAMOS | D58: 1100 | H58: =+H56/77 -> 5.7979545 | M58: % GIF | O58: =+H59 -> 371.06909
B59: PESO POR UNIDAD | D59: 1100 | H59: =+H58*64 -> 371.06909 | M59: COSTO PLANTA | O59: =SUM(O57:O58) -> 4436.7676
B60: UNIDADES TOTALES | D60: =+D58/D59 -> 1 | O60: =+O59*N60 -> 0
B61: UNIDAD MEDIDA | K61: PRECIO DE VENTA PLANTA A LOCAL | O61: =SUM(O59:O60) -> 4436.7676 | P61: GR
E62: S/ COSTO | F62: TOTAL | L62: UNIDAD | O62: =+O61/D60 -> 4436.7676 | P62: =+O62/D59 -> 4.0334251
B63: TOTAL MATERIAS P. + EMPAQUES | E63: =+F63/F63 -> 1 | F63: =SUM(F55) -> 3619.256 | G63: =+F63/$F$66 -> 0.90494707
B64: DESECHOS Y PERDIDAS | E64: 0.02 | F64: =+F53*E64 -> 72.15582 | G64: =+F64/$F$66 -> 0.018041608
B65: MANO OBRA DIRECTA | D65: 4 | E65: 77 | F65: =+E65*D65 -> 308 | G65: =+F65/$F$66 -> 0.077011325
B66: TOTAL COSTO PLANTA | F66: =SUM(F63:F65) -> 3999.4118 | G66: =+F66/$F$66 -> 1 | M66: MODI 77 COLONES X MIN
M67: Gf 64 colones min
B68: COSTO POR GRAMO | M68: ,
B69: TOTAL COSTO MATERIA PRIMA | C69: =+F53 -> 3607.791 | D69: =+D58 -> 1100 | E69: =+C69/D69 -> 3.27981
B71: TOTAL COSTO UNIDAD MP+DESECHO+EMPAQUE | C71: =SUM(F63:F64) -> 3691.4118 | D71: =+D58 -> 1100 | E71: =+C71/D71 -> 3.3558289
B73: TOTAL MODI PREPARACION POR GRAMO | C73: =+F65 -> 308 | D73: =+D58 -> 1100 | E73: =+C73/D73 -> 0.28
B74: TOTAL MODI POR GRAMO | C74: =+F56 -> 446.4425 | D74: =+D73 -> 1100 | E74: =+C74/D74 -> 0.40585682
B76: TOTAL EMPAQUE POR GRAMO | C76: =+F54 -> 11.465 | D76: =+D74 -> 1100 | E76: =+C76/D76 -> 0.010422727
B78: TOTAL GRAMO MP+MODI | E78: =+E69+E74 -> 3.6856668
B80: COSTO POR UNIDAD
B81: TOTAL COSTO MATERIA PRIMA | C81: =+C69 -> 3607.791 | D81: =+D60 -> 1 | E81: =+C81/D81 -> 3607.791
B83: TOTAL COSTO UNIDAD MP+DESECHO+EMPAQUE | C83: =+C71 -> 3691.4118 | D83: =+D60 -> 1 | E83: =+C83/D83 -> 3691.4118
B85: TOTAL MODI POR GRAMO | C85: =+C73 -> 308 | D85: =+D60 -> 1 | E85: =+C85/D85 -> 308
B86: TOTAL MODI POR GRAMO | C86: =+C74 -> 446.4425 | D86: =+D85 -> 1 | E86: =+C86/D86 -> 446.4425

Sheet Torta Pistacho local
C1: SERVICIOS DE PASTELERIA S.A. | H1: CÓDIGO:
C2: ESPECIFICACION DE RECETA | H2: REVISIÓN:
C3: Torta Rosanna Pistacho | H3: FECHA DE APROBACIÓN:
C4: Elaborado | D4: Juan Pablo Brenes-Chef
C5: Aprobado | D5: Esteban Cartin, Gerente de Manofactura
A6: AREA QUE PRODUCE: | D6: Decoración | G6: AREA QUE EMPACA: | I6: Decoración
A7: # Código | B7: # Código | C7: Descripción del ingrediente | D7: Marca | E7: Unidad Internacional | G7: Medida alternativa | I7: Costo - Referencia
E8: Cantidad | F8: Unidad medida | G8: Cantidad | H8: Unidad medida | I8: Colones
B9: NUEVO | C9: ENSAMBLE DISCO PISTACHO | D9: Fas | E9: 1200 | F9: g | G9: 1 unidad
C11: DECORACIÓN
B12: NUEVO | C12: CREMA VERDE PISTACHO | D12: Fas | E12: 120 | F12: g | G12: Encremado
B13: NUEVO | C13: SALSA DE PISTACHO | D13: Fas | E13: 130 | F13: g | G13: 1/3 taza
B14: NUEVO | C14: PISTACHO TOSTADO | D14: Fas | E14: 15 | F14: g
B15: NUEVO | C15: PLACA CHOCOLATE ROSANNA | E15: 1 | F15: ud
M17: 1500
C18: EMPAQUE
A19: 121603 | B19: EM10009 | C19: QUEQUERA RED BASE/DOMO 10 (CAJA:50) | D19: EXPORT PMT | E19: 1 | F19: ud
A20: 1950692 | B20: EM10008 | C20: Orla Carton 10" Dorada | E20: 1 | F20: ud
A21: 703020 | B21: EM10248 | C21: CINTA ADHESIVA TRANSPARENTE 2*100 MTS | D21: Mayca | E21: 60 | F21: cm
A22: 701096 | B22: EM10124 | C22: ETIQUETA BLANCA R-153 (UND) | D22: CEMUSA | E22: 1 | F22: ud
A23: 702123 | B23: EM10011 | C23: ETIQUETA BLANCA 2 5/8X1 15/16 | D23: ETIPLAST | E23: 1 | F23: ud
A24: 702069 | B24: EM10002 | C24: Etiq.Blanca 1 1/4 * 3/4 | E24: 1 | F24: ud
B25: NUEVO | C25: ETIQUETA ESPECIAL TEMPORADA | E25: 1 | F25: ud
D29: Cantidad | E29: Unidad
A30: PESO TOTAL OBTENIDO | D30: 1460 | E30: g
A31: TIEMPO TOTAL DE PREPARACIÓN | D31: 5 | E31: min
A32: CANTIDAD DE PORCIONES OBTENIDAS | D32: 1 | E32: ud
A33: PESO DE CADA PORCIÓN | D33: 1460 | E33: g
A34: MERMA | D34: =SUM(E9:E15)-D30 -> 6 | E34: g
A35: PROCEDIMIENTO DE PREPARACION DE LA RECETA
A36: 1.- Desmoldar el disco de pistacho en la orla 10.
A37: 2.- Encremar de forma lisa con la crema verde pistacho y formar un hueco al centro para colocar la salsa
A38: 3.- Colocar la salsa de pistacho al centro y en todo el borde agregar el pistacho tostado.
A39: 4.- En un costado colocar la placa de Rosanna pistacho.
A40: 5.- Tapar y etiquetar
A43: CONTROL DE CAMBIOS

Sheet Costo Torta Rossana 
E1: Precio Local | F1: Costo MP | G1: Costo EM | H1: Costo MO
E2: =IFERROR(O64,"") -> 6811.6464 | F2: =IFERROR(H55,"") -> 4672.7202 | G2: =IFERROR(H56,"") -> 643.29635 | H2: =IFERROR(H58,"") -> 816.76239
A5: ESTRUCTURA DE COSTOS
F6: Fecha: | H6: =TODAY() -> 45890
A7: UNIDADES | B7: DESCRIPCION MAT.PRIMA | C7: UNIDADES | D7: UND MEDIDA | E7: COSTO UNITARIO | F7: TOTAL COSTO | G7: % PREC. DEFINIDO | H7: CODIGOS
A8: 0 | B8: PLACA CHOCOLATE ROSANNA | C8: =+A8 -> 0 | D8: UND | E8: 248 | F8: =IFERROR(C8*E8,"") -> 0 | G8: =IFERROR(F8/$F$68,"") -> 0 | M8: 225
B9: =IFERROR(VLOOKUP(H9,'[1]Consolidado MP Planta'!$A$2:$M$823,3,0),"") | C9: =+A9 -> 0 | D9: =IFERROR(VLOOKUP(H9,'[1]Consolidado MP Planta'!$A$2:$M$823,13,0),"") | E9: =IFERROR(VLOOKUP(H9,'[1]Consolidado MP Planta'!$A$2:$M$823,12,0),"") | F9: =IFERROR(C9*E9,"") | G9: =IFERROR(F9/$F$68,"")
B10: =IFERROR(VLOOKUP(H10,'[1]Consolidado MP Planta'!$A$2:$M$823,3,0),"") | C10: =+A10 -> 0 | D10: =IFERROR(VLOOKUP(H10,'[1]Consolidado MP Planta'!$A$2:$M$823,13,0),"") | E10: =IFERROR(VLOOKUP(H10,'[1]Consolidado MP Planta'!$A$2:$M$823,12,0),"") | F10: =IFERROR(C10*E10,"") | G10: =IFERROR(F10/$F$68,"")
B11: =IFERROR(VLOOKUP(H11,'[1]Consolidado MP Planta'!$A$2:$M$823,3,0),"") | C11: =+A11 -> 0 | D11: =IFERROR(VLOOKUP(H11,'[1]Consolidado MP Planta'!$A$2:$M$823,13,0),"") | E11: =IFERROR(VLOOKUP(H11,'[1]Consolidado MP Planta'!$A$2:$M$823,12,0),"") | F11: =IFERROR(C11*E11,"") | G11: =IFERROR(F11/$F$68,"")
B12: =IFERROR(VLOOKUP(H12,'[1]Consolidado MP Planta'!$A$2:$M$823,3,0),"") | C12: =+A12 -> 0 | D12: =IFERROR(VLOOKUP(H12,'[1]Consolidado MP Planta'!$A$2:$M$823,13,0),"") | E12: =IFERROR(VLOOKUP(H12,'[1]Consolidado MP Planta'!$A$2:$M$823,12,0),"") | F12: =IFERROR(C12*E12,"") | G12: =IFERROR(F12/$F$68,"")
B13: =IFERROR(VLOOKUP(H13,'[1]Consolidado MP Planta'!$A$2:$M$823,3,0),"") | C13: =+A13 -> 0 | D13: =IFERROR(VLOOKUP(H13,'[1]Consolidado MP Planta'!$A$2:$M$823,13,0),"") | E13: =IFERROR(VLOOKUP(H13,'[1]Consolidado MP Planta'!$A$2:$M$823,12,0),"") | F13: =IFERROR(C13*E13,"") | G13: =IFERROR(F13/$F$68,"")
B14: =IFERROR(VLOOKUP(H14,'[1]Consolidado MP Planta'!$A$2:$M$823,3,0),"") | C14: =+A14 -> 0 | D14: =IFERROR(VLOOKUP(H14,'[1]Consolidado MP Planta'!$A$2:$M$823,13,0),"") | E14: =IFERROR(VLOOKUP(H14,'[1]Consolidado MP Planta'!$A$2:$M$823,12,0),"") | F14: =IFERROR(C14*E14,"") | G14: =IFERROR(F14/$F$68,"")
B15: =IFERROR(VLOOKUP(H15,'[2]ARTICULOS MP PLANTA'!$A$2:$G$589,2,0),"") | M15: =+M8*10% -> 22.5
A16: UNIDADES | B16: MATERIA PRIMA SEMIELABORADOS | C16: UNIDADES | D16: UND MEDIDA | E16: COSTO UNITARIO | F16: TOTAL COSTO | G16: % PREC. DEFINIDO | H16: CODIGOS
A17: 1 | B17: ENSAMBLE DISCO PISTACHO | C17: =+A17 -> 1 | D17: UND | E17: =+'Costo Disco Pistacho'!H53 -> 3607.791 | F17: =IFERROR(E17*C17,"") -> 3607.791 | G17: =IFERROR(F17/$F$68,"") -> 0.63101169 | H17: NUEVO
A18: 120 | B18: CREMA VERDE PISTACHO | C18: =+A18 -> 120 | D18: Gramos | E18: =+'Costo Crema verde pistacho'!E69 -> 2.18844 | F18: =IFERROR(E18*C18,"") -> 262.6128 | G18: =IFERROR(F18/$F$68,"") -> 0.045931637 | H18: NUEVO
A19: 130 | B19: SALSA DE PISTACHO | C19: =+A19 -> 130 | D19: Gramos | E19: =+'Costo Salsa Pistacho'!E69 -> 5.139276 | F19: =IFERROR(E19*C19,"") -> 668.10588 | G19: =IFERROR(F19/$F$68,"") -> 0.11685339 | H19: NUEVO
A20: 10 | B20: PISTACHO TOSTADO | C20: =+A20 -> 10 | D20: Gramos | E20: =+'Costo Pistacho Tostado'!E69 -> 13.421053 | F20: =IFERROR(E20*C20,"") -> 134.21053 | G20: =IFERROR(F20/$F$68,"") -> 0.023473758 | H20: NUEVO
B21: =IFERROR(VLOOKUP(H21,[1]SEMIELABORADOS!$A$2:$M$6000,2,0),"") | C21: =+A21 -> 0 | D21: =IFERROR(VLOOKUP(H21,[1]SEMIELABORADOS!$A$2:$M$6000,6,0),"") | E21: =IFERROR(VLOOKUP(H21,[1]SEMIELABORADOS!$A$2:$H$65536,8,0),"") | F21: =IFERROR(E21*C21,"") | G21: =IFERROR(F21/$F$68,"")
B22: =IFERROR(VLOOKUP(H22,[1]SEMIELABORADOS!$A$2:$M$6000,2,0),"") | C22: =+A22 -> 0 | D22: =IFERROR(VLOOKUP(H22,[1]SEMIELABORADOS!$A$2:$M$6000,6,0),"") | E22: =IFERROR(VLOOKUP(H22,[1]SEMIELABORADOS!$A$2:$H$65536,8,0),"") | F22: =IFERROR(E22*C22,"") | G22: =IFERROR(F22/$F$68,"")
B23: =IFERROR(VLOOKUP(H23,[1]SEMIELABORADOS!$A$2:$M$6000,2,0),"") | C23: =+A23 -> 0 | D23: =IFERROR(VLOOKUP(H23,[1]SEMIELABORADOS!$A$2:$M$6000,6,0),"") | E23: =IFERROR(VLOOKUP(H23,[1]SEMIELABORADOS!$A$2:$H$65536,8,0),"") | F23: =IFERROR(E23*C23,"") | G23: =IFERROR(F23/$F$68,"")
B24: =IFERROR(VLOOKUP(H24,[1]SEMIELABORADOS!$A$2:$M$6000,2,0),"") | C24: =+A24 -> 0 | D24: =IFERROR(VLOOKUP(H24,[1]SEMIELABORADOS!$A$2:$M$6000,6,0),"") | E24: =IFERROR(VLOOKUP(H24,[1]SEMIELABORADOS!$A$2:$H$65536,8,0),"") | F24: =IFERROR(E24*C24,"") | G24: =IFERROR(F24/$F$68,"")
A26: UNIDADES | B26: EMPAQUE | C26: UNIDADES | D26: UND MEDIDA | E26: COSTO UNITARIO | F26: TOTAL COSTO | G26: % PREC. DEFINIDO | H26: CODIGOS
A27: 1 | B27: =IFERROR(VLOOKUP(H27,'[1]Consolidado MP Planta'!$A$2:$M$823,3,0),"") -> QUEQUERA RED BASE/DOMO 10 (CAJA:50) | C27: =+A27 -> 1 | D27: =IFERROR(VLOOKUP(H27,'[1]Consolidado MP Planta'!$A$2:$M$823,13,0),"") -> UND | E27: 430.56 | F27: =IFERROR(C27*E27,"") -> 430.56 | G27: =IFERROR(F27/$F$68,"") -> 0.075306023 | H27: 121603
A28: 1 | B28: =IFERROR(VLOOKUP(H28,'[1]Consolidado MP Planta'!$A$2:$M$823,3,0),"") -> ORLA CARTON 10" DORADA (UND) | C28: =+A28 -> 1 | D28: =IFERROR(VLOOKUP(H28,'[1]Consolidado MP Planta'!$A$2:$M$823,13,0),"") -> Und | E28: 112 | F28: =IFERROR(C28*E28,"") -> 112 | G28: =IFERROR(F28/$F$68,"") -> 0.019589081 | H28: 1950692
A29: 1 | B29: =IFERROR(VLOOKUP(H29,'[1]Consolidado MP Planta'!$A$2:$M$823,3,0),"") -> ETIQUETA BLANCA R-153 (UND) | C29: =+A29 -> 1 | D29: =IFERROR(VLOOKUP(H29,'[1]Consolidado MP Planta'!$A$2:$M$823,13,0),"") -> Und | E29: =IFERROR(VLOOKUP(H29,'[1]Consolidado MP Planta'!$A$2:$M$823,12,0),"") -> 0.39 | F29: =IFERROR(C29*E29,"") -> 0.39 | G29: =IFERROR(F29/$F$68,"") -> 6.8211978e-05 | H29: 701096
A30: 1 | B30: =IFERROR(VLOOKUP(H30,'[1]Consolidado MP Planta'!$A$2:$M$823,3,0),"") -> ETIQUETA BLANCA 2 5/8X1 15/16 (UND) | C30: =+A30 -> 1 | D30: =IFERROR(VLOOKUP(H30,'[1]Consolidado MP Planta'!$A$2:$M$823,13,0),"") -> Und | E30: =IFERROR(VLOOKUP(H30,'[1]Consolidado MP Planta'!$A$2:$M$823,12,0),"") -> 2.128 | F30: =IFERROR(C30*E30,"") -> 2.128 | G30: =IFERROR(F30/$F$68,"") -> 0.00037219253 | H30: 0702123
A31: 1 | B31: =IFERROR(VLOOKUP(H31,'[1]Consolidado MP Planta'!$A$2:$M$823,3,0),"") -> ETIQ.BLANCA 1 1/4 * 3/4 (UND) | C31: =+A31 -> 1 | D31: =IFERROR(VLOOKUP(H31,'[1]Consolidado MP Planta'!$A$2:$M$823,13,0),"") -> Und | E31: =IFERROR(VLOOKUP(H31,'[1]Consolidado MP Planta'!$A$2:$M$823,12,0),"") -> 0.58 | F31: =IFERROR(C31*E31,"") -> 0.58 | G31: =IFERROR(F31/$F$68,"") -> 0.00010144345 | H31: 0702069
A32: 1 | B32: ETIQUETA ESPECIAL TEMPORADA | C32: =+A32 -> 1 | D32: UND | E32: 85 | F32: =IFERROR(C32*E32,"") -> 85 | G32: =IFERROR(F32/$F$68,"") -> 0.014866713 | H32: NUEVO
B33: =IFERROR(VLOOKUP(H33,'[1]Consolidado MP Planta'!$A$2:$M$823,3,0),"") | C33: =+A33 -> 0 | D33: =IFERROR(VLOOKUP(H33,'[1]Consolidado MP Planta'!$A$2:$M$823,13,0),"") | E33: =IFERROR(VLOOKUP(H33,'[1]Consolidado MP Planta'!$A$2:$M$823,12,0),"") | F33: =IFERROR(C33*E33,"") | G33: =IFERROR(F33/$F$68,"")
B34: =IFERROR(VLOOKUP(H34,'[1]Consolidado MP Planta'!$A$2:$M$823,3,0),"") | C34: =+A34 -> 0 | D34: =IFERROR(VLOOKUP(H34,'[1]Consolidado MP Planta'!$A$2:$M$823,13,0),"") | E34: =IFERROR(VLOOKUP(H34,'[1]Consolidado MP Planta'!$A$2:$M$823,12,0),"") | F34: =IFERROR(C34*E34,"") | G34: =IFERROR(F34/$F$68,"")
A36: UNIDADES | B36: EMPAQUE SEMIELABORADOS | C36: UNIDADES | D36: UND MEDIDA | E36: COSTO UNITARIO | F36: TOTAL COSTO | G36: % PREC. DEFINIDO | H36: CODIGOS
A37: =+A17 -> 1 | B37: ENSAMBLE DISCO PISTACHO | C37: =+A37 -> 1 | D37: UND | E37: =+'Costo Disco Pistacho'!H54 -> 11.465 | F37: =IFERROR(E37*C37,"") -> 11.465 | G37: =IFERROR(F37/$F$68,"") -> 0.0020052572 | H37: NUEVO
A38: =+A18 -> 120 | B38: CREMA VERDE PISTACHO | C38: =+A38 -> 120 | D38: Gramos | E38: =+'Costo Crema verde pistacho'!E76 -> 2.7884615e-05 | F38: =IFERROR(E38*C38,"") -> 0.0033461538 | G38: =IFERROR(F38/$F$68,"") -> 5.852507e-07 | H38: NUEVO
A39: =+A19 -> 130 | B39: SALSA DE PISTACHO | C39: =+A39 -> 130 | D39: Gramos | E39: =+'Costo Salsa Pistacho'!E76 -> 0.009 | F39: =IFERROR(E39*C39,"") -> 1.17 | G39: =IFERROR(F39/$F$68,"") -> 0.00020463593 | H39: NUEVO
A40: =+A20 -> 10 | B40: PISTACHO TOSTADO | C40: =+A40 -> 10 | D40: Gramos | E40: =+'Costo Pistacho Tostado'!E76 -> 0 | F40: =IFERROR(E40*C40,"") -> 0 | G40: =IFERROR(F40/$F$68,"") -> 0 | H40: NUEVO
A41: =+A21 -> 0 | B41: =IFERROR(VLOOKUP(H41,[1]SEMIELABORADOS!$A$2:$M$6000,2,0),"") | C41: =+A41 -> 0 | D41: =IFERROR(VLOOKUP(H41,[1]SEMIELABORADOS!$A$2:$M$6000,6,0),"") | E41: =IFERROR(VLOOKUP(H41,[1]SEMIELABORADOS!$A$2:$M$65536,10,0),"") | F41: =IFERROR(E41*C41,"") | G41: =IFERROR(F41/$F$68,"")
A42: =+A22 -> 0 | B42: =IFERROR(VLOOKUP(H42,[1]SEMIELABORADOS!$A$2:$M$6000,2,0),"") | C42: =+A42 -> 0 | D42: =IFERROR(VLOOKUP(H42,[1]SEMIELABORADOS!$A$2:$M$6000,6,0),"") | E42: =IFERROR(VLOOKUP(H42,[1]SEMIELABORADOS!$A$2:$M$65536,10,0),"") | F42: =IFERROR(E42*C42,"") | G42: =IFERROR(F42/$F$68,"")
A43: =+A23 -> 0 | B43: =IFERROR(VLOOKUP(H43,[1]SEMIELABORADOS!$A$2:$M$6000,2,0),"") | C43: =+A43 -> 0 | D43: =IFERROR(VLOOKUP(H43,[1]SEMIELABORADOS!$A$2:$M$6000,6,0),"") | E43: =IFERROR(VLOOKUP(H43,[1]SEMIELABORADOS!$A$2:$M$65536,10,0),"") | F43: =IFERROR(E43*C43,"") | G43: =IFERROR(F43/$F$68,"")
A45: UNIDADES | B45: MODI | C45: UNIDADES | D45: UND MEDIDA | E45: COSTO UNITARIO | F45: TOTAL COSTO | G45: % PREC. DEFINIDO | H45: CODIGOS
A46: =+A37 -> 1 | B46: ENSAMBLE DISCO PISTACHO | C46: =+A46 -> 1 | D46: UND | E46: =+'Costo Disco Pistacho'!H56 -> 446.4425 | F46: =IFERROR(E46*C46,"") -> 446.4425 | G46: =IFERROR(F46/$F$68,"") -> 0.078083912 | H46: NUEVO
A47: =+A38 -> 120 | B47: CREMA VERDE PISTACHO | C47: =+A47 -> 120 | D47: Gramos | E47: =+'Costo Crema verde pistacho'!E74 -> 0.493078 | F47: =IFERROR(E47*C47,"") -> 59.16936 | G47: =IFERROR(F47/$F$68,"") -> 0.010348869 | H47: NUEVO
A48: =+A39 -> 130 | B48: SALSA DE PISTACHO | C48: =+A48 -> 130 | D48: Gramos | E48: =+'Costo Salsa Pistacho'!E74 -> 0.018 | F48: =IFERROR(E48*C48,"") -> 2.34 | G48: =IFERROR(F48/$F$68,"") -> 0.00040927187 | H48: NUEVO
A49: =+A40 -> 10 | B49: PISTACHO TOSTADO | C49: =+A49 -> 10 | D49: Gramos | E49: =+'Costo Pistacho Tostado'!E74 -> 0.081052632 | F49: =IFERROR(E49*C49,"") -> 0.81052632 | G49: =IFERROR(F49/$F$68,"") -> 0.00014176308 | H49: NUEVO
A50: =+A41 -> 0 | B50: =IFERROR(VLOOKUP(H50,[1]SEMIELABORADOS!$A$2:$M$6000,2,0),"") | C50: =+A50 -> 0 | D50: =IFERROR(VLOOKUP(H50,[1]SEMIELABORADOS!$A$2:$M$6000,6,0),"") | E50: =IFERROR(VLOOKUP(H50,[1]SEMIELABORADOS!$A$2:$M$65536,12,0),"") | F50: =IFERROR(E50*C50,"") | G50: =IFERROR(F50/$F$68,"")
A51: =+A42 -> 0 | B51: =IFERROR(VLOOKUP(H51,[1]SEMIELABORADOS!$A$2:$M$6000,2,0),"") | C51: =+A51 -> 0 | D51: =IFERROR(VLOOKUP(H51,[1]SEMIELABORADOS!$A$2:$M$6000,6,0),"") | E51: =IFERROR(VLOOKUP(H51,[1]SEMIELABORADOS!$A$2:$M$65536,12,0),"") | F51: =IFERROR(E51*C51,"") | G51: =IFERROR(F51/$F$68,"")
A52: =+A43 -> 0 | B52: =IFERROR(VLOOKUP(H52,[1]SEMIELABORADOS!$A$2:$M$6000,2,0),"") | C52: =+A52 -> 0 | D52: =IFERROR(VLOOKUP(H52,[1]SEMIELABORADOS!$A$2:$M$6000,6,0),"") | E52: =IFERROR(VLOOKUP(H52,[1]SEMIELABORADOS!$A$2:$M$65536,12,0),"") | F52: =IFERROR(E52*C52,"") | G52: =IFERROR(F52/$F$68,"")
A53: 1 | B53: MODI PREPARACION | C53: =+A53 -> 1 | D53: N/A | E53: =+F67 -> 308 | F53: =IFERROR(C53*E53,"") -> 308 | G53: =IFERROR(F53/$F$68,"") -> 0.053869972
B55: TOTAL MATERIA PRIMA | F55: =SUM(F8:F14,F17:F24) -> 4672.7202 | G55: =+F55/$F$68 -> 0.81727047 | H55: =+F55/$D$62 -> 4672.7202
B56: TOTAL EMPAQUE | F56: =SUM(F27:F34,F37:F43) -> 643.29635 | G56: =+F56/$F$68 -> 0.11251414 | H56: =+F56/$D$62 -> 643.29635 | K56: TOTAL MATERIA PRIMA + EMPAQUE | O56: =+F57 -> 5316.0165
B57: TOTAL MATERIAS P. + EMPAQUES | F57: =+F55+F56 -> 5316.0165 | G57: =+F57/$F$68 -> 0.92978462 | H57: =+F57/$D$62 -> 5316.0165 | M57: MODI PLANTA | O57: =+H58 -> 816.76239
C58: TOTAL MODI | F58: =SUM(F46:F53) -> 816.76239 | G58: =+F58/$F$68 -> 0.14285379 | H58: =+F58/$D$62 -> 816.76239 | M58: DESECHO | O58: =O56*N58 -> 0
M59: COSTO PLANTA | O59: =SUM(O56:O58) -> 6132.7789
B60: GRAMOS | D60: 1200 | H60: =+H58/77 -> 10.607304 | M60: % GIF | O60: =+H61 -> 678.86744
B61: PESO POR UNIDAD | D61: 1200 | H61: =+H60*64 -> 678.86744 | M61: COSTO PLANTA | O61: =SUM(O59:O60) -> 6811.6464
B62: UNIDADES TOTALES | D62: =+D60/D61 -> 1 | O62: =+O61*N62 -> 0
B63: UNIDAD MEDIDA | K63: PRECIO DE VENTA PLANTA A LOCAL | O63: =SUM(O61:O62) -> 6811.6464 | P63: GR
E64: S/ COSTO | F64: TOTAL | L64: UNIDAD | O64: =+O63/D62 -> 6811.6464 | P64: =+O64/D61 -> 5.676372
B65: TOTAL MATERIAS P. + EMPAQUES | E65: =+F65/F65 -> 1 | F65: =SUM(F57) -> 5316.0165 | G65: =+F65/$F$68 -> 0.92978462
B66: DESECHOS Y PERDIDAS | E66: 0.02 | F66: =+F55*E66 -> 93.454404 | G66: =+F66/$F$68 -> 0.016345409
B67: MANO OBRA DIRECTA | D67: 4 | E67: 77 | F67: =+E67*D67 -> 308 | G67: =+F67/$F$68 -> 0.053869972
B68: TOTAL COSTO PLANTA | F68: =SUM(F65:F67) -> 5717.4709 | G68: =+F68/$F$68 -> 1 | M68: MODI 77 COLONES X MIN
M69: Gf 64 colones min
B70: COSTO POR GRAMO | M70: ,
B71: TOTAL COSTO MATERIA PRIMA | C71: =+F55 -> 4672.7202 | D71: =+D60 -> 1200 | E71: =+C71/D71 -> 3.8939335
B73: TOTAL COSTO UNIDAD MP+DESECHO+EMPAQUE | C73: =SUM(F65:F66) -> 5409.4709 | D73: =+D60 -> 1200 | E73: =+C73/D73 -> 4.5078924
B75: TOTAL MODI PREPARACION POR GRAMO | C75: =+F67 -> 308 | D75: =+D60 -> 1200 | E75: =+C75/D75 -> 0.25666667
B76: TOTAL MODI POR GRAMO | C76: =+F58 -> 816.76239 | D76: =+D75 -> 1200 | E76: =+C76/D76 -> 0.68063532
B78: TOTAL EMPAQUE POR GRAMO | C78: =+F56 -> 643.29635 | D78: =+D76 -> 1200 | E78: =+C78/D78 -> 0.53608029
B80: TOTAL GRAMO MP+MODI | E80: =+E71+E76 -> 4.5745688
B82: COSTO POR UNIDAD
B83: TOTAL COSTO MATERIA PRIMA | C83: =+C71 -> 4672.7202 | D83: =+D62 -> 1 | E83: =+C83/D83 -> 4672.7202
B85: TOTAL COSTO UNIDAD MP+DESECHO+EMPAQUE | C85: =+C73 -> 5409.4709 | D85: =+D62 -> 1 | E85: =+C85/D85 -> 5409.4709
B87: TOTAL MODI POR GRAMO | C87: =+C75 -> 308 | D87: =+D62 -> 1 | E87: =+C87/D87 -> 308
B88: TOTAL MODI POR GRAMO | C88: =+C76 -> 816.76239 | D88: =+D87 -> 1 | E88: =+C88/D88 -> 816.76239

Sheet Torta Pistacho Industria 
C1: SERVICIOS DE PASTELERIA S.A. | H1: CÓDIGO:
C2: ESPECIFICACION DE RECETA | H2: REVISIÓN:
C3: Torta Rosanna Pistacho | H3: FECHA DE APROBACIÓN:
C4: Elaborado | D4: Juan Pablo Brenes-Chef
C5: Aprobado | D5: Esteban Cartin, Gerente de Manofactura
A6: AREA QUE PRODUCE: | D6: Decoración | G6: AREA QUE EMPACA: | I6: Decoración
A7: # Código | B7: # Código | C7: Descripción del ingrediente | D7: Marca | E7: Unidad Internacional | G7: Medida alternativa | I7: Costo - Referencia
E8: Cantidad | F8: Unidad medida | G8: Cantidad | H8: Unidad medida | I8: Colones
B9: NUEVO | C9: ENSAMBLE DISCO PISTACHO | D9: Fas | E9: 1200 | F9: g | G9: 1 unidad
C11: DECORACIÓN
B12: NUEVO | C12: CREMA VERDE PISTACHO | D12: Fas | E12: 120 | F12: g | G12: Encremado
B13: NUEVO | C13: SALSA DE PISTACHO | D13: Fas | E13: 130 | F13: g | G13: 1/3 taza
B14: NUEVO | C14: PISTACHO TOSTADO | D14: Fas | E14: 15 | F14: g
B15: NUEVO | C15: PLACA CHOCOLATE ROSANNA | E15: 1 | F15: ud
M17: 1500
C18: EMPAQUE
A19: 121603 | B19: EM10009 | C19: QUEQUERA RED BASE/DOMO 10 (CAJA:50) | D19: EXPORT PMT | E19: 1 | F19: ud
A20: 1950692 | B20: EM10008 | C20: Orla Carton 10" Dorada | E20: 1 | F20: ud
A21: 703020 | B21: EM10248 | C21: CINTA ADHESIVA TRANSPARENTE 2*100 MTS | D21: Mayca | E21: 60 | F21: cm
A22: 701096 | B22: EM10124 | C22: ETIQUETA BLANCA R-153 (UND) | D22: CEMUSA | E22: 1 | F22: ud
A23: 702123 | B23: EM10011 | C23: ETIQUETA BLANCA 2 5/8X1 15/16 | D23: ETIPLAST | E23: 1 | F23: ud
A24: 702069 | B24: EM10002 | C24: Etiq.Blanca 1 1/4 * 3/4 | E24: 1 | F24: ud
B25: NUEVO | C25: ETIQUETA ESPECIAL TEMPORADA | E25: 1 | F25: ud
D29: Cantidad | E29: Unidad
A30: PESO TOTAL OBTENIDO | D30: 1460 | E30: g
A31: TIEMPO TOTAL DE PREPARACIÓN | D31: 5 | E31: min
A32: CANTIDAD DE PORCIONES OBTENIDAS | D32: 1 | E32: ud
A33: PESO DE CADA PORCIÓN | D33: 1460 | E33: g
A34: MERMA | D34: =SUM(E9:E15)-D30 -> 6 | E34: g
A35: PROCEDIMIENTO DE PREPARACION DE LA RECETA
A36: 1.- Desmoldar el disco de pistacho en la orla 10.
A37: 2.- Encremar de forma lisa con la crema verde pistacho y formar un hueco al centro para colocar la salsa
A38: 3.- Colocar la salsa de pistacho al centro y en todo el borde agregar el pistacho tostado.
A39: 4.- En un costado colocar la placa de Rosanna pistacho.
A40: 5.- Tapar y etiquetar
A43: CONTROL DE CAMBIOS
