Workbook

Sheet Costo Premezcla 
E1: Precio Local | F1: Costo MP | G1: Costo EM | H1: Costo MO
E2: =IFERROR(O61,"") -> 7174.0412 | F2: =IFERROR(H52,"") -> 5799.3063 | G2: =IFERROR(H53,"") -> 153.728 | H2: =IFERROR(H55,"") -> 268.52139
A5: ESTRUCTURA DE COSTOS
F6: Fecha: | H6: =TODAY() -> 45663
A7: UNIDADES | B7: DESCRIPCION MAT.PRIMA | C7: UNIDADES | D7: UND MEDIDA | E7: COSTO UNITARIO | F7: TOTAL COSTO | G7: % PREC. DEFINIDO | H7: CODIGOS
A8: 884 | B8: HARINA FHACASA VERDE (SACO: 25 K) | C8: =+A8 -> 884 | D8: Gramos | E8: 0.61 | F8: =IFERROR(C8*E8,"") -> 539.24 | G8: =IFERROR(F8/$F$65,"") -> 0.087184837 | H8: 11200071
A9: 56 | B9: =IFERROR(VLOOKUP(H9,'[1]Consolidado MP Planta'!$A$2:$M$823,3,0),"") -> COCOA DUTCH PROCESS (SACO:25 KG) | C9: =+A9 -> 56 | D9: =IFERROR(VLOOKUP(H9,'[1]Consolidado MP Planta'!$A$2:$M$823,13,0),"") -> Gramos | E9: 3.15 | F9: =IFERROR(C9*E9,"") -> 176.4 | G9: =IFERROR(F9/$F$65,"") -> 0.02852052 | H9: 0512255
A10: 10 | B10: =IFERROR(VLOOKUP(H10,'[1]Consolidado MP Planta'!$A$2:$M$823,3,0),"") -> POLVO HORNEAR FLEISHMAN (PAQ:2.5 K) | C10: =+A10 -> 10 | D10: =IFERROR(VLOOKUP(H10,'[1]Consolidado MP Planta'!$A$2:$M$823,13,0),"") -> Gramos | E10: 1.03 | F10: =IFERROR(C10*E10,"") -> 10.3 | G10: =IFERROR(F10/$F$65,"") -> 0.0016653138 | H10: 10100046
A11: 10 | B11: =IFERROR(VLOOKUP(H11,'[1]Consolidado MP Planta'!$A$2:$M$823,3,0),"") -> PRESERVANTE 1017S (PAQ=5 KILO) | C11: =+A11 -> 10 | D11: =IFERROR(VLOOKUP(H11,'[1]Consolidado MP Planta'!$A$2:$M$823,13,0),"") -> Gramos | E11: =IFERROR(VLOOKUP(H11,'[1]Consolidado MP Planta'!$A$2:$M$823,12,0),"") -> 11.66863 | F11: =IFERROR(C11*E11,"") -> 116.6863 | G11: =IFERROR(F11/$F$65,"") -> 0.018865952 | H11: 1212412
A12: 450 | B12: =IFERROR(VLOOKUP(H12,'[1]Consolidado MP Planta'!$A$2:$M$823,3,0),"") -> PECANA ENTERA (CAJA:13.6 K) | C12: =+A12 -> 450 | D12: =IFERROR(VLOOKUP(H12,'[1]Consolidado MP Planta'!$A$2:$M$823,13,0),"") -> Gramos | E12: 9.28 | F12: =IFERROR(C12*E12,"") -> 4176 | G12: =IFERROR(F12/$F$65,"") -> 0.67517966 | H12: 0510262
B13: =IFERROR(VLOOKUP(H13,'[1]Consolidado MP Planta'!$A$2:$M$823,3,0),"") | C13: =+A13 -> 0 | D13: =IFERROR(VLOOKUP(H13,'[1]Consolidado MP Planta'!$A$2:$M$823,13,0),"") | E13: =IFERROR(VLOOKUP(H13,'[1]Consolidado MP Planta'!$A$2:$M$823,12,0),"") | F13: =IFERROR(C13*E13,"") | G13: =IFERROR(F13/$F$65,"")
B14: =IFERROR(VLOOKUP(H14,'[2]ARTICULOS MP PLANTA'!$A$2:$G$589,2,0),"")
A15: UNIDADES | B15: MATERIA PRIMA SEMIELABORADOS | C15: UNIDADES | D15: UND MEDIDA | E15: COSTO UNITARIO | F15: TOTAL COSTO | G15: % PREC. DEFINIDO | H15: CODIGOS
A16: 2000 | B16: =IFERROR(VLOOKUP(H16,[1]SEMIELABORADOS!$A$2:$M$6000,2,0),"") -> AZUCAR BLANCO INDUSTRIAL KILO | C16: =+A16 -> 2000 | D16: =IFERROR(VLOOKUP(H16,[1]SEMIELABORADOS!$A$2:$M$6000,6,0),"") -> Gramo | E16: =IFERROR(VLOOKUP(H16,[1]SEMIELABORADOS!$A$2:$H$65536,8,0),"") -> 0.39034 | F16: =IFERROR(E16*C16,"") -> 780.68 | G16: =IFERROR(F16/$F$65,"") -> 0.12622109 | H16: 90100131
B17: =IFERROR(VLOOKUP(H17,[1]SEMIELABORADOS!$A$2:$M$6000,2,0),"") | C17: =+A17 -> 0 | D17: =IFERROR(VLOOKUP(H17,[1]SEMIELABORADOS!$A$2:$M$6000,6,0),"") | E17: =IFERROR(VLOOKUP(H17,[1]SEMIELABORADOS!$A$2:$H$65536,8,0),"") | F17: =IFERROR(E17*C17,"") | G17: =IFERROR(F17/$F$65,"")
B18: =IFERROR(VLOOKUP(H18,[1]SEMIELABORADOS!$A$2:$M$6000,2,0),"") | C18: =+A18 -> 0 | D18: =IFERROR(VLOOKUP(H18,[1]SEMIELABORADOS!$A$2:$M$6000,6,0),"") | E18: =IFERROR(VLOOKUP(H18,[1]SEMIELABORADOS!$A$2:$H$65536,8,0),"") | F18: =IFERROR(E18*C18,"") | G18: =IFERROR(F18/$F$65,"")
B19: =IFERROR(VLOOKUP(H19,[1]SEMIELABORADOS!$A$2:$M$6000,2,0),"") | C19: =+A19 -> 0 | D19: =IFERROR(VLOOKUP(H19,[1]SEMIELABORADOS!$A$2:$M$6000,6,0),"") | E19: =IFERROR(VLOOKUP(H19,[1]SEMIELABORADOS!$A$2:$H$65536,8,0),"") | F19: =IFERROR(E19*C19,"") | G19: =IFERROR(F19/$F$65,"")
B20: =IFERROR(VLOOKUP(H20,[1]SEMIELABORADOS!$A$2:$M$6000,2,0),"") | C20: =+A20 -> 0 | D20: =IFERROR(VLOOKUP(H20,[1]SEMIELABORADOS!$A$2:$M$6000,6,0),"") | E20: =IFERROR(VLOOKUP(H20,[1]SEMIELABORADOS!$A$2:$H$65536,8,0),"") | F20: =IFERROR(E20*C20,"") | G20: =IFERROR(F20/$F$65,"")
B21: =IFERROR(VLOOKUP(H21,[1]SEMIELABORADOS!$A$2:$M$6000,2,0),"") | C21: =+A21 -> 0 | D21: =IFERROR(VLOOKUP(H21,[1]SEMIELABORADOS!$A$2:$M$6000,6,0),"") | E21: =IFERROR(VLOOKUP(H21,[1]SEMIELABORADOS!$A$2:$H$65536,8,0),"") | F21: =IFERROR(E21*C21,"") | G21: =IFERROR(F21/$F$65,"")
B22: =IFERROR(VLOOKUP(H22,[1]SEMIELABORADOS!$A$2:$M$6000,2,0),"") | C22: =+A22 -> 0 | D22: =IFERROR(VLOOKUP(H22,[1]SEMIELABORADOS!$A$2:$M$6000,6,0),"") | E22: =IFERROR(VLOOKUP(H22,[1]SEMIELABORADOS!$A$2:$H$65536,8,0),"") | F22: =IFERROR(E22*C22,"") | G22: =IFERROR(F22/$F$65,"")
B23: =IFERROR(VLOOKUP(H23,[1]SEMIELABORADOS!$A$2:$M$6000,2,0),"") | C23: =+A23 -> 0 | D23: =IFERROR(VLOOKUP(H23,[1]SEMIELABORADOS!$A$2:$M$6000,6,0),"") | E23: =IFERROR(VLOOKUP(H23,[1]SEMIELABORADOS!$A$2:$H$65536,8,0),"") | F23: =IFERROR(E23*C23,"") | G23: =IFERROR(F23/$F$65,"")
A25: UNIDADES | B25: EMPAQUE | C25: UNIDADES | D25: UND MEDIDA | E25: COSTO UNITARIO | F25: TOTAL COSTO | G25: % PREC. DEFINIDO | H25: CODIGOS
A26: 3 | B26: =IFERROR(VLOOKUP(H26,'[1]Consolidado MP Planta'!$A$2:$M$823,3,0),"") -> BOLSA 12x18 TRANSP KILO | C26: =+A26 -> 3 | D26: =IFERROR(VLOOKUP(H26,'[1]Consolidado MP Planta'!$A$2:$M$823,13,0),"") -> Und | E26: =IFERROR(VLOOKUP(H26,'[1]Consolidado MP Planta'!$A$2:$M$823,12,0),"") -> 16 | F26: =IFERROR(C26*E26,"") -> 48 | G26: =IFERROR(F26/$F$65,"") -> 0.0077606858 | H26: 1950702
A27: 1 | B27: =IFERROR(VLOOKUP(H27,'[1]Consolidado MP Planta'!$A$2:$M$823,3,0),"") -> ETIQUETA BLANCA 2 5/8X1 15/16 (UND) | C27: =+A27 -> 1 | D27: =IFERROR(VLOOKUP(H27,'[1]Consolidado MP Planta'!$A$2:$M$823,13,0),"") -> Und | E27: =IFERROR(VLOOKUP(H27,'[1]Consolidado MP Planta'!$A$2:$M$823,12,0),"") -> 2.128 | F27: =IFERROR(C27*E27,"") -> 2.128 | G27: =IFERROR(F27/$F$65,"") -> 0.00034405707 | H27: 0702123
A28: 1 | B28: =IFERROR(VLOOKUP(H28,'[1]Consolidado MP Planta'!$A$2:$M$823,3,0),"") -> ETIQUETA ROJA LETRA ALERJENO (UND) | C28: =+A28 -> 1 | D28: =IFERROR(VLOOKUP(H28,'[1]Consolidado MP Planta'!$A$2:$M$823,13,0),"") -> Und | E28: =IFERROR(VLOOKUP(H28,'[1]Consolidado MP Planta'!$A$2:$M$823,12,0),"") -> 3.6 | F28: =IFERROR(C28*E28,"") -> 3.6 | G28: =IFERROR(F28/$F$65,"") -> 0.00058205143 | H28: 60100010
B29: =IFERROR(VLOOKUP(H29,'[1]Consolidado MP Planta'!$A$2:$M$823,3,0),"") | C29: =+A29 -> 0 | D29: =IFERROR(VLOOKUP(H29,'[1]Consolidado MP Planta'!$A$2:$M$823,13,0),"") | E29: =IFERROR(VLOOKUP(H29,'[1]Consolidado MP Planta'!$A$2:$M$823,12,0),"") | F29: =IFERROR(C29*E29,"") | G29: =IFERROR(F29/$F$65,"")
B30: =IFERROR(VLOOKUP(H30,'[1]Consolidado MP Planta'!$A$2:$M$823,3,0),"") | C30: =+A30 -> 0 | D30: =IFERROR(VLOOKUP(H30,'[1]Consolidado MP Planta'!$A$2:$M$823,13,0),"") | E30: =IFERROR(VLOOKUP(H30,'[1]Consolidado MP Planta'!$A$2:$M$823,12,0),"") | F30: =IFERROR(C30*E30,"") | G30: =IFERROR(F30/$F$65,"")
B31: =IFERROR(VLOOKUP(H31,'[1]Consolidado MP Planta'!$A$2:$M$823,3,0),"") | C31: =+A31 -> 0 | D31: =IFERROR(VLOOKUP(H31,'[1]Consolidado MP Planta'!$A$2:$M$823,13,0),"") | E31: =IFERROR(VLOOKUP(H31,'[1]Consolidado MP Planta'!$A$2:$M$823,12,0),"") | F31: =IFERROR(C31*E31,"") | G31: =IFERROR(F31/$F$65,"")
A33: UNIDADES | B33: EMPAQUE SEMIELABORADOS | C33: UNIDADES | D33: UND MEDIDA | E33: COSTO UNITARIO | F33: TOTAL COSTO | G33: % PREC. DEFINIDO | H33: CODIGOS
A34: =+A16 -> 2000 | B34: =IFERROR(VLOOKUP(H34,[1]SEMIELABORADOS!$A$2:$M$6000,2,0),"") -> AZUCAR BLANCO INDUSTRIAL KILO | C34: =+A34 -> 2000 | D34: =IFERROR(VLOOKUP(H34,[1]SEMIELABORADOS!$A$2:$M$6000,6,0),"") -> Gramo | E34: 0.05 | F34: =IFERROR(E34*C34,"") -> 100 | G34: =IFERROR(F34/$F$65,"") -> 0.016168095 | H34: 90100131
A35: =+A17 -> 0 | B35: =IFERROR(VLOOKUP(H35,[1]SEMIELABORADOS!$A$2:$M$6000,2,0),"") | C35: =+A35 -> 0 | D35: =IFERROR(VLOOKUP(H35,[1]SEMIELABORADOS!$A$2:$M$6000,6,0),"") | E35: =IFERROR(VLOOKUP(H35,[1]SEMIELABORADOS!$A$2:$M$65536,10,0),"") | F35: =IFERROR(E35*C35,"") | G35: =IFERROR(F35/$F$65,"")
A36: =+A18 -> 0 | B36: =IFERROR(VLOOKUP(H36,[1]SEMIELABORADOS!$A$2:$M$6000,2,0),"") | C36: =+A36 -> 0 | D36: =IFERROR(VLOOKUP(H36,[1]SEMIELABORADOS!$A$2:$M$6000,6,0),"") | E36: =IFERROR(VLOOKUP(H36,[1]SEMIELABORADOS!$A$2:$M$65536,10,0),"") | F36: =IFERROR(E36*C36,"") | G36: =IFERROR(F36/$F$65,"")
A37: =+A19 -> 0 | B37: =IFERROR(VLOOKUP(H37,[1]SEMIELABORADOS!$A$2:$M$6000,2,0),"") | C37: =+A37 -> 0 | D37: =IFERROR(VLOOKUP(H37,[1]SEMIELABORADOS!$A$2:$M$6000,6,0),"") | E37: =IFERROR(VLOOKUP(H37,[1]SEMIELABORADOS!$A$2:$M$65536,10,0),"") | F37: =IFERROR(E37*C37,"") | G37: =IFERROR(F37/$F$65,"")
A38: =+A20 -> 0 | B38: =IFERROR(VLOOKUP(H38,[1]SEMIELABORADOS!$A$2:$M$6000,2,0),"") | C38: =+A38 -> 0 | D38: =IFERROR(VLOOKUP(H38,[1]SEMIELABORADOS!$A$2:$M$6000,6,0),"") | E38: =IFERROR(VLOOKUP(H38,[1]SEMIELABORADOS!$A$2:$M$65536,10,0),"") | F38: =IFERROR(E38*C38,"") | G38: =IFERROR(F38/$F$65,"")
A39: =+A21 -> 0 | B39: =IFERROR(VLOOKUP(H39,[1]SEMIELABORADOS!$A$2:$M$6000,2,0),"") | C39: =+A39 -> 0 | D39: =IFERROR(VLOOKUP(H39,[1]SEMIELABORADOS!$A$2:$M$6000,6,0),"") | E39: =IFERROR(VLOOKUP(H39,[1]SEMIELABORADOS!$A$2:$M$65536,10,0),"") | F39: =IFERROR(E39*C39,"") | G39: =IFERROR(F39/$F$65,"")
A40: =+A22 -> 0 | B40: =IFERROR(VLOOKUP(H40,[1]SEMIELABORADOS!$A$2:$M$6000,2,0),"") | C40: =+A40 -> 0 | D40: =IFERROR(VLOOKUP(H40,[1]SEMIELABORADOS!$A$2:$M$6000,6,0),"") | E40: =IFERROR(VLOOKUP(H40,[1]SEMIELABORADOS!$A$2:$M$65536,10,0),"") | F40: =IFERROR(E40*C40,"") | G40: =IFERROR(F40/$F$65,"")
A42: UNIDADES | B42: MODI | C42: UNIDADES | D42: UND MEDIDA | E42: COSTO UNITARIO | F42: TOTAL COSTO | G42: % PREC. DEFINIDO | H42: CODIGOS
A43: =+A34 -> 2000 | B43: =IFERROR(VLOOKUP(H43,[1]SEMIELABORADOS!$A$2:$M$6000,2,0),"") -> AZUCAR BLANCO INDUSTRIAL KILO | C43: =+A43 -> 2000 | D43: =IFERROR(VLOOKUP(H43,[1]SEMIELABORADOS!$A$2:$M$6000,6,0),"") -> Gramo | E43: =IFERROR(VLOOKUP(H43,[1]SEMIELABORADOS!$A$2:$M$65536,12,0),"") -> 0.076260694 | F43: =IFERROR(E43*C43,"") -> 152.52139 | G43: =IFERROR(F43/$F$65,"") -> 0.024659803 | H43: 90100131
A44: =+A35 -> 0 | B44: =IFERROR(VLOOKUP(H44,[1]SEMIELABORADOS!$A$2:$M$6000,2,0),"") | C44: =+A44 -> 0 | D44: =IFERROR(VLOOKUP(H44,[1]SEMIELABORADOS!$A$2:$M$6000,6,0),"") | E44: =IFERROR(VLOOKUP(H44,[1]SEMIELABORADOS!$A$2:$M$65536,12,0),"") | F44: =IFERROR(E44*C44,"") | G44: =IFERROR(F44/$F$65,"")
A45: =+A36 -> 0 | B45: =IFERROR(VLOOKUP(H45,[1]SEMIELABORADOS!$A$2:$M$6000,2,0),"") | C45: =+A45 -> 0 | D45: =IFERROR(VLOOKUP(H45,[1]SEMIELABORADOS!$A$2:$M$6000,6,0),"") | E45: =IFERROR(VLOOKUP(H45,[1]SEMIELABORADOS!$A$2:$M$65536,12,0),"") | F45: =IFERROR(E45*C45,"") | G45: =IFERROR(F45/$F$65,"")
A46: =+A37 -> 0 | B46: =IFERROR(VLOOKUP(H46,[1]SEMIELABORADOS!$A$2:$M$6000,2,0),"") | C46: =+A46 -> 0 | D46: =IFERROR(VLOOKUP(H46,[1]SEMIELABORADOS!$A$2:$M$6000,6,0),"") | E46: =IFERROR(VLOOKUP(H46,[1]SEMIELABORADOS!$A$2:$M$65536,12,0),"") | F46: =IFERROR(E46*C46,"") | G46: =IFERROR(F46/$F$65,"")
A47: =+A38 -> 0 | B47: =IFERROR(VLOOKUP(H47,[1]SEMIELABORADOS!$A$2:$M$6000,2,0),"") | C47: =+A47 -> 0 | D47: =IFERROR(VLOOKUP(H47,[1]SEMIELABORADOS!$A$2:$M$6000,6,0),"") | E47: =IFERROR(VLOOKUP(H47,[1]SEMIELABORADOS!$A$2:$M$65536,12,0),"") | F47: =IFERROR(E47*C47,"") | G47: =IFERROR(F47/$F$65,"")
A48: =+A39 -> 0 | B48: =IFERROR(VLOOKUP(H48,[1]SEMIELABORADOS!$A$2:$M$6000,2,0),"") | C48: =+A48 -> 0 | D48: =IFERROR(VLOOKUP(H48,[1]SEMIELABORADOS!$A$2:$M$6000,6,0),"") | E48: =IFERROR(VLOOKUP(H48,[1]SEMIELABORADOS!$A$2:$M$65536,12,0),"") | F48: =IFERROR(E48*C48,"") | G48: =IFERROR(F48/$F$65,"")
A49: =+A40 -> 0 | B49: =IFERROR(VLOOKUP(H49,[1]SEMIELABORADOS!$A$2:$M$6000,2,0),"") | C49: =+A49 -> 0 | D49: =IFERROR(VLOOKUP(H49,[1]SEMIELABORADOS!$A$2:$M$6000,6,0),"") | E49: =IFERROR(VLOOKUP(H49,[1]SEMIELABORADOS!$A$2:$M$65536,12,0),"") | F49: =IFERROR(E49*C49,"") | G49: =IFERROR(F49/$F$65,"")
A50: 1 | B50: MODI PREPARACION | C50: =+A50 -> 1 | D50: N/A | E50: =+F64 -> 116 | F50: =IFERROR(C50*E50,"") -> 116 | G50: =IFERROR(F50/$F$65,"") -> 0.018754991
B52: TOTAL MATERIA PRIMA | F52: =SUM(F8:F13,F16:F23) -> 5799.3063 | G52: =+F52/$F$65 -> 0.93763737 | H52: =+F52/$D$59 -> 5799.3063
B53: TOTAL EMPAQUE | F53: =SUM(F26:F31,F34:F40) -> 153.728 | G53: =+F53/$F$65 -> 0.02485489 | H53: =+F53/$D$59 -> 153.728 | K53: TOTAL MATERIA PRIMA + EMPAQUE | O53: =+F54 -> 5953.0343
B54: TOTAL MATERIAS P. + EMPAQUES | F54: =+F52+F53 -> 5953.0343 | G54: =+F54/$F$65 -> 0.96249226 | H54: =+F54/$D$59 -> 5953.0343 | M54: MODI PLANTA | O54: =+H55 -> 268.52139
C55: TOTAL MODI | F55: =SUM(F43:F50) -> 268.52139 | G55: =+F55/$F$65 -> 0.043414794 | H55: =+F55/$D$59 -> 268.52139 | M55: DESECHO | O55: =O53*N55 -> 0
M56: COSTO PLANTA | O56: =SUM(O53:O55) -> 6221.5557
B57: GRAMOS | D57: 3410 | M57: % MK | N57: 0.16 | O57: =+O53*N57 -> 952.48549
B58: PESO POR UNIDAD | D58: 3410 | M58: COSTO PLANTA | O58: =SUM(O56:O57) -> 7174.0412
B59: UNIDADES TOTALES | D59: =+D57/D58 -> 1 | O59: =+O58*N59 -> 0
B60: UNIDAD MEDIDA | K60: PRECIO DE VENTA PLANTA A LOCAL | O60: =SUM(O58:O59) -> 7174.0412 | P60: GR
E61: S/ COSTO | F61: TOTAL | L61: UNIDAD | O61: =+O60/D59 -> 7174.0412 | P61: =+O61/D58 -> 2.1038244
B62: TOTAL MATERIAS P. + EMPAQUES | E62: =+F62/F62 -> 1 | F62: =SUM(F54) -> 5953.0343 | G62: =+F62/$F$65 -> 0.96249226
B63: DESECHOS Y PERDIDAS | E63: 0.02 | F63: =+F52*E63 -> 115.98613 | G63: =+F63/$F$65 -> 0.018752747
B64: MANO OBRA DIRECTA | D64: 2 | E64: 58 | F64: =+E64*D64 -> 116 | G64: =+F64/$F$65 -> 0.018754991
B65: TOTAL COSTO PLANTA | F65: =SUM(F62:F64) -> 6185.0204 | G65: =+F65/$F$65 -> 1 | M65: MODI 58 COLONES X MIN
M66: Gf 57 colones min
B67: COSTO POR GRAMO
B68: TOTAL COSTO MATERIA PRIMA | C68: =+F52 -> 5799.3063 | D68: =+D57 -> 3410 | E68: =+C68/D68 -> 1.7006763
B70: TOTAL COSTO UNIDAD MP+DESECHO+EMPAQUE | C70: =SUM(F62:F63) -> 6069.0204 | D70: =+D57 -> 3410 | E70: =+C70/D70 -> 1.7797714
B72: TOTAL MODI PREPARACION POR GRAMO | C72: =+F64 -> 116 | D72: =+D57 -> 3410 | E72: =+C72/D72 -> 0.034017595
B73: TOTAL MODI POR GRAMO | C73: =+F55 -> 268.52139 | D73: =+D72 -> 3410 | E73: =+C73/D73 -> 0.078745275
B75: TOTAL EMPAQUE POR GRAMO | C75: =+F53 -> 153.728 | D75: =+D73 -> 3410 | E75: =+C75/D75 -> 0.045081525
B77: TOTAL GRAMO MP+MODI | E77: =+E68+E73 -> 1.7794216
B79: COSTO POR UNIDAD
B80: TOTAL COSTO MATERIA PRIMA | C80: =+C68 -> 5799.3063 | D80: =+D59 -> 1 | E80: =+C80/D80 -> 5799.3063
B82: TOTAL COSTO UNIDAD MP+DESECHO+EMPAQUE | C82: =+C70 -> 6069.0204 | D82: =+D59 -> 1 | E82: =+C82/D82 -> 6069.0204
B84: TOTAL MODI POR GRAMO | C84: =+C72 -> 116 | D84: =+D59 -> 1 | E84: =+C84/D84 -> 116
B85: TOTAL MODI POR GRAMO | C85: =+C73 -> 268.52139 | D85: =+D84 -> 1 | E85: =+C85/D85 -> 268.52139

Sheet Hoja1
C1: SERVICIOS DE PASTELERIA S.A. | H1: CÓDIGO: | I1: ESP-RE-PRES-027
C2: ESPECIFICACION DE RECETA | H2: REVISIÓN: | I2: 01
C3: 906000145 (SE00471) Premezcla para Turron de chocolate y pecanas | H3: FECHA DE APROBACIÓN: | I3: 45617
C4: Elaborado | D4: Javier Tong, Chef
C5: Aprobado | D5: Esteban Cartin, Gte Manufactura
A6: AREA QUE PRODUCE: | D6: Premezclas | G6: AREA QUE EMPACA: | I6: Premezclas
A7: # Código | B7: # Código Netsuite | C7: Descripción del ingrediente | D7: Marca | E7: Unidad Internacional | G7: Medida alternativa | I7: Costo - Referencia
E8: Cantidad | F8: Unidad medida | G8: Cantidad | H8: Unidad medida | I8: Colones
C9: Ensamble
A10: 90100131 | B10: SE00016 | C10: AZUCAR BLANCO INDUSTRIAL KILO | D10: FAS | E10: 2000 | F10: g
A11: 11200071 | B11: MP10479 | C11: HARINA FHACASA VERDE (SACO: 25 K) | D11: FHACASA | E11: 884 | F11: g
A12: 512255 | B12: MP10146 | C12: COCOA DUTCH PROCESS (SACO: 25 KG) | D12: CR COCOA | E12: 56 | F12: g
A13: 10100046 | B13: MP10304 | C13: POLVO HORNEAR FLEISHMAN (PAQ:2.5 K) | D13: FLEISHMAN | E13: 10 | F13: g
A14: 1212412 | B14: MP10025 | C14: PRESERVANTE 1017S (PAQ=5 KILO) | D14: MAYCA | E14: 10 | F14: g
A15: 11900028 | B15: MP10562 | C15: PECANA ENTERA (CAJA:13.6 K) | D15: NUECES INDUSTRIALES | E15: 450 | F15: g
C21: Decoración
C29: Empaque
A30: 1950702 | B30: EM10016 | C30: BOLSA 12x18 TRANSP KILO | D30: ETIPLAST | E30: 3 | F30: ud
A31: 0702123 | B31: EM10011 | C31: ETIQUETA BLANCA 2 5/8X1 15/16 (UND) | D31: ETIPLAST | E31: 1 | F31: ud
A32: 60100010 | B32: EM10133 | C32: ETIQUETA ROJA LETRA ALERJENO (UND) | D32: ETIPLAST | E32: 1 | F32: ud
D42: Cantidad | E42: Unidad
A43: PESO TOTAL OBTENIDO | D43: 3410 | E43: g | F43: Tiempo de Horneo:
A44: TIEMPO TOTAL DE PREPARACION | D44: 2 | E44: min | F44: Horno:
A45: CANTIDAD DE PORCIONES OBTENIDAS | D45: 1 | E45: ud | F45: Temperatura de Horneo:
A46: PESO DE CADA PORCIÓN | D46: 3410 | E46: g | F46: Otros
A47: MERMA | D47: 0 | E47: g
A48: PROCEDIMIENTO DE PREPARACION DE LA RECETA
A49: 1.- Empacar en una bolsa 12x18 el azucar.
A50: 2.- En la otra bolsa colocar la harina, cocoa, preservante y el polvo de hornear, colocar esta bolsa dentro del azucar.
A51: 3.- Pesar en una bolsa 12x18 las pecanas.
A52: 4.- Etiquetar con nombre y alerjeno
A57: CONTROL DE CAMBIOS

Sheet Costo Batido
E1: Precio Local | F1: Costo MP | G1: Costo EM | H1: Costo MO
E2: =IFERROR(O62,"") -> 759.06385 | F2: =IFERROR(H53,"") -> 643.59442 | G2: =IFERROR(H54,"") -> 8.5153992 | H2: =IFERROR(H56,"") -> 47.09633
A5: ESTRUCTURA DE COSTOS
F6: Fecha: | H6: =TODAY() -> 45663
A7: UNIDADES | B7: DESCRIPCION MAT.PRIMA | C7: UNIDADES | D7: UND MEDIDA | E7: COSTO UNITARIO | F7: TOTAL COSTO | G7: % PREC. DEFINIDO | H7: CODIGOS
A8: 600 | B8: =IFERROR(VLOOKUP(H8,'[1]Consolidado MP Planta'!$A$2:$M$823,3,0),"") -> LACTOCREMA GRANEL (CAJA:25 KG) | C8: =+A8 -> 600 | D8: =IFERROR(VLOOKUP(H8,'[1]Consolidado MP Planta'!$A$2:$M$823,13,0),"") -> Gramos | E8: 3.93 | F8: =IFERROR(C8*E8,"") -> 2358 | G8: =IFERROR(F8/$F$66,"") -> 0.18789338 | H8: 0310107
A9: 780 | B9: =IFERROR(VLOOKUP(H9,'[1]Consolidado MP Planta'!$A$2:$M$823,3,0),"") -> CLARA DE HUEVO (CAJA:5 K) | C9: =+A9 -> 780 | D9: =IFERROR(VLOOKUP(H9,'[1]Consolidado MP Planta'!$A$2:$M$823,13,0),"") -> Gramos | E9: 2.78 | F9: =IFERROR(C9*E9,"") -> 2168.4 | G9: =IFERROR(F9/$F$66,"") -> 0.17278541 | H9: 11300009
A10: 440 | B10: =IFERROR(VLOOKUP(H10,'[1]Consolidado MP Planta'!$A$2:$M$823,3,0),"") -> YEMA DE HUEVO (UND: 8.34 K) | C10: =+A10 -> 440 | D10: =IFERROR(VLOOKUP(H10,'[1]Consolidado MP Planta'!$A$2:$M$823,13,0),"") -> 0 | E10: 2.9 | F10: =IFERROR(C10*E10,"") -> 1276 | G10: =IFERROR(F10/$F$66,"") -> 0.10167597 | H10: 11300011
B11: =IFERROR(VLOOKUP(H11,'[1]Consolidado MP Planta'!$A$2:$M$823,3,0),"") | C11: =+A11 -> 0 | D11: =IFERROR(VLOOKUP(H11,'[1]Consolidado MP Planta'!$A$2:$M$823,13,0),"") | E11: =IFERROR(VLOOKUP(H11,'[1]Consolidado MP Planta'!$A$2:$M$823,12,0),"") | F11: =IFERROR(C11*E11,"") | G11: =IFERROR(F11/$F$66,"")
B12: =IFERROR(VLOOKUP(H12,'[1]Consolidado MP Planta'!$A$2:$M$823,3,0),"") | C12: =+A12 -> 0 | D12: =IFERROR(VLOOKUP(H12,'[1]Consolidado MP Planta'!$A$2:$M$823,13,0),"") | E12: =IFERROR(VLOOKUP(H12,'[1]Consolidado MP Planta'!$A$2:$M$823,12,0),"") | F12: =IFERROR(C12*E12,"") | G12: =IFERROR(F12/$F$66,"")
B13: =IFERROR(VLOOKUP(H13,'[1]Consolidado MP Planta'!$A$2:$M$823,3,0),"") | C13: =+A13 -> 0 | D13: =IFERROR(VLOOKUP(H13,'[1]Consolidado MP Planta'!$A$2:$M$823,13,0),"") | E13: =IFERROR(VLOOKUP(H13,'[1]Consolidado MP Planta'!$A$2:$M$823,12,0),"") | F13: =IFERROR(C13*E13,"") | G13: =IFERROR(F13/$F$66,"")
B14: =IFERROR(VLOOKUP(H14,'[1]Consolidado MP Planta'!$A$2:$M$823,3,0),"") | C14: =+A14 -> 0 | D14: =IFERROR(VLOOKUP(H14,'[1]Consolidado MP Planta'!$A$2:$M$823,13,0),"") | E14: =IFERROR(VLOOKUP(H14,'[1]Consolidado MP Planta'!$A$2:$M$823,12,0),"") | F14: =IFERROR(C14*E14,"") | G14: =IFERROR(F14/$F$66,"")
B15: =IFERROR(VLOOKUP(H15,'[2]ARTICULOS MP PLANTA'!$A$2:$G$589,2,0),"")
A16: UNIDADES | B16: MATERIA PRIMA SEMIELABORADOS | C16: UNIDADES | D16: UND MEDIDA | E16: COSTO UNITARIO | F16: TOTAL COSTO | G16: % PREC. DEFINIDO | H16: CODIGOS
A17: 3400 | B17: PREMEZCLA PARA TURRON DE CHOCOLATE Y PECANAS | C17: =+A17 -> 3400 | D17: Gramos | E17: =+'Costo Premezcla '!E68 -> 1.7006763 | F17: =IFERROR(E17*C17,"") -> 5782.2995 | G17: =IFERROR(F17/$F$66,"") -> 0.46075309 | H17: NUEVO
B18: =IFERROR(VLOOKUP(H18,[1]SEMIELABORADOS!$A$2:$M$6000,2,0),"") | C18: =+A18 -> 0 | D18: =IFERROR(VLOOKUP(H18,[1]SEMIELABORADOS!$A$2:$M$6000,6,0),"") | E18: =IFERROR(VLOOKUP(H18,[1]SEMIELABORADOS!$A$2:$H$65536,8,0),"") | F18: =IFERROR(E18*C18,"") | G18: =IFERROR(F18/$F$66,"")
B19: =IFERROR(VLOOKUP(H19,[1]SEMIELABORADOS!$A$2:$M$6000,2,0),"") | C19: =+A19 -> 0 | D19: =IFERROR(VLOOKUP(H19,[1]SEMIELABORADOS!$A$2:$M$6000,6,0),"") | E19: =IFERROR(VLOOKUP(H19,[1]SEMIELABORADOS!$A$2:$H$65536,8,0),"") | F19: =IFERROR(E19*C19,"") | G19: =IFERROR(F19/$F$66,"")
B20: =IFERROR(VLOOKUP(H20,[1]SEMIELABORADOS!$A$2:$M$6000,2,0),"") | C20: =+A20 -> 0 | D20: =IFERROR(VLOOKUP(H20,[1]SEMIELABORADOS!$A$2:$M$6000,6,0),"") | E20: =IFERROR(VLOOKUP(H20,[1]SEMIELABORADOS!$A$2:$H$65536,8,0),"") | F20: =IFERROR(E20*C20,"") | G20: =IFERROR(F20/$F$66,"")
B21: =IFERROR(VLOOKUP(H21,[1]SEMIELABORADOS!$A$2:$M$6000,2,0),"") | C21: =+A21 -> 0 | D21: =IFERROR(VLOOKUP(H21,[1]SEMIELABORADOS!$A$2:$M$6000,6,0),"") | E21: =IFERROR(VLOOKUP(H21,[1]SEMIELABORADOS!$A$2:$H$65536,8,0),"") | F21: =IFERROR(E21*C21,"") | G21: =IFERROR(F21/$F$66,"")
B22: =IFERROR(VLOOKUP(H22,[1]SEMIELABORADOS!$A$2:$M$6000,2,0),"") | C22: =+A22 -> 0 | D22: =IFERROR(VLOOKUP(H22,[1]SEMIELABORADOS!$A$2:$M$6000,6,0),"") | E22: =IFERROR(VLOOKUP(H22,[1]SEMIELABORADOS!$A$2:$H$65536,8,0),"") | F22: =IFERROR(E22*C22,"") | G22: =IFERROR(F22/$F$66,"")
B23: =IFERROR(VLOOKUP(H23,[1]SEMIELABORADOS!$A$2:$M$6000,2,0),"") | C23: =+A23 -> 0 | D23: =IFERROR(VLOOKUP(H23,[1]SEMIELABORADOS!$A$2:$M$6000,6,0),"") | E23: =IFERROR(VLOOKUP(H23,[1]SEMIELABORADOS!$A$2:$H$65536,8,0),"") | F23: =IFERROR(E23*C23,"") | G23: =IFERROR(F23/$F$66,"")
B24: =IFERROR(VLOOKUP(H24,[1]SEMIELABORADOS!$A$2:$M$6000,2,0),"") | C24: =+A24 -> 0 | D24: =IFERROR(VLOOKUP(H24,[1]SEMIELABORADOS!$A$2:$M$6000,6,0),"") | E24: =IFERROR(VLOOKUP(H24,[1]SEMIELABORADOS!$A$2:$H$65536,8,0),"") | F24: =IFERROR(E24*C24,"") | G24: =IFERROR(F24/$F$66,"")
A26: UNIDADES | B26: EMPAQUE | C26: UNIDADES | D26: UND MEDIDA | E26: COSTO UNITARIO | F26: TOTAL COSTO | G26: % PREC. DEFINIDO | H26: CODIGOS
A27: 0 | B27: =IFERROR(VLOOKUP(H27,'[1]Consolidado MP Planta'!$A$2:$M$823,3,0),"") | C27: =+A27 -> 0 | D27: =IFERROR(VLOOKUP(H27,'[1]Consolidado MP Planta'!$A$2:$M$823,13,0),"") | E27: =IFERROR(VLOOKUP(H27,'[1]Consolidado MP Planta'!$A$2:$M$823,12,0),"") | F27: =IFERROR(C27*E27,"") | G27: =IFERROR(F27/$F$66,"")
B28: =IFERROR(VLOOKUP(H28,'[1]Consolidado MP Planta'!$A$2:$M$823,3,0),"") | C28: =+A28 -> 0 | D28: =IFERROR(VLOOKUP(H28,'[1]Consolidado MP Planta'!$A$2:$M$823,13,0),"") | E28: =IFERROR(VLOOKUP(H28,'[1]Consolidado MP Planta'!$A$2:$M$823,12,0),"") | F28: =IFERROR(C28*E28,"") | G28: =IFERROR(F28/$F$66,"")
B29: =IFERROR(VLOOKUP(H29,'[1]Consolidado MP Planta'!$A$2:$M$823,3,0),"") | C29: =+A29 -> 0 | D29: =IFERROR(VLOOKUP(H29,'[1]Consolidado MP Planta'!$A$2:$M$823,13,0),"") | E29: =IFERROR(VLOOKUP(H29,'[1]Consolidado MP Planta'!$A$2:$M$823,12,0),"") | F29: =IFERROR(C29*E29,"") | G29: =IFERROR(F29/$F$66,"")
B30: =IFERROR(VLOOKUP(H30,'[1]Consolidado MP Planta'!$A$2:$M$823,3,0),"") | C30: =+A30 -> 0 | D30: =IFERROR(VLOOKUP(H30,'[1]Consolidado MP Planta'!$A$2:$M$823,13,0),"") | E30: =IFERROR(VLOOKUP(H30,'[1]Consolidado MP Planta'!$A$2:$M$823,12,0),"") | F30: =IFERROR(C30*E30,"") | G30: =IFERROR(F30/$F$66,"")
B31: =IFERROR(VLOOKUP(H31,'[1]Consolidado MP Planta'!$A$2:$M$823,3,0),"") | C31: =+A31 -> 0 | D31: =IFERROR(VLOOKUP(H31,'[1]Consolidado MP Planta'!$A$2:$M$823,13,0),"") | E31: =IFERROR(VLOOKUP(H31,'[1]Consolidado MP Planta'!$A$2:$M$823,12,0),"") | F31: =IFERROR(C31*E31,"") | G31: =IFERROR(F31/$F$66,"")
B32: =IFERROR(VLOOKUP(H32,'[1]Consolidado MP Planta'!$A$2:$M$823,3,0),"") | C32: =+A32 -> 0 | D32: =IFERROR(VLOOKUP(H32,'[1]Consolidado MP Planta'!$A$2:$M$823,13,0),"") | E32: =IFERROR(VLOOKUP(H32,'[1]Consolidado MP Planta'!$A$2:$M$823,12,0),"") | F32: =IFERROR(C32*E32,"") | G32: =IFERROR(F32/$F$66,"")
A34: UNIDADES | B34: EMPAQUE SEMIELABORADOS | C34: UNIDADES | D34: UND MEDIDA | E34: COSTO UNITARIO | F34: TOTAL COSTO | G34: % PREC. DEFINIDO | H34: CODIGOS
A35: =+A17 -> 3400 | B35: PREMEZCLA PARA TURRON DE CHOCOLATE Y PECANAS | C35: =+A35 -> 3400 | D35: Gramos | E35: =+'Costo Premezcla '!E75 -> 0.045081525 | F35: =IFERROR(E35*C35,"") -> 153.27718 | G35: =IFERROR(F35/$F$66,"") -> 0.012213642 | H35: NUEVO
A36: =+A18 -> 0 | B36: =IFERROR(VLOOKUP(H36,[1]SEMIELABORADOS!$A$2:$M$6000,2,0),"") | C36: =+A36 -> 0 | D36: =IFERROR(VLOOKUP(H36,[1]SEMIELABORADOS!$A$2:$M$6000,6,0),"") | E36: =IFERROR(VLOOKUP(H36,[1]SEMIELABORADOS!$A$2:$M$65536,10,0),"") | F36: =IFERROR(E36*C36,"") | G36: =IFERROR(F36/$F$66,"")
A37: =+A19 -> 0 | B37: =IFERROR(VLOOKUP(H37,[1]SEMIELABORADOS!$A$2:$M$6000,2,0),"") | C37: =+A37 -> 0 | D37: =IFERROR(VLOOKUP(H37,[1]SEMIELABORADOS!$A$2:$M$6000,6,0),"") | E37: =IFERROR(VLOOKUP(H37,[1]SEMIELABORADOS!$A$2:$M$65536,10,0),"") | F37: =IFERROR(E37*C37,"") | G37: =IFERROR(F37/$F$66,"")
A38: =+A20 -> 0 | B38: =IFERROR(VLOOKUP(H38,[1]SEMIELABORADOS!$A$2:$M$6000,2,0),"") | C38: =+A38 -> 0 | D38: =IFERROR(VLOOKUP(H38,[1]SEMIELABORADOS!$A$2:$M$6000,6,0),"") | E38: =IFERROR(VLOOKUP(H38,[1]SEMIELABORADOS!$A$2:$M$65536,10,0),"") | F38: =IFERROR(E38*C38,"") | G38: =IFERROR(F38/$F$66,"")
A39: =+A21 -> 0 | B39: =IFERROR(VLOOKUP(H39,[1]SEMIELABORADOS!$A$2:$M$6000,2,0),"") | C39: =+A39 -> 0 | D39: =IFERROR(VLOOKUP(H39,[1]SEMIELABORADOS!$A$2:$M$6000,6,0),"") | E39: =IFERROR(VLOOKUP(H39,[1]SEMIELABORADOS!$A$2:$M$65536,10,0),"") | F39: =IFERROR(E39*C39,"") | G39: =IFERROR(F39/$F$66,"")
A40: =+A22 -> 0 | B40: =IFERROR(VLOOKUP(H40,[1]SEMIELABORADOS!$A$2:$M$6000,2,0),"") | C40: =+A40 -> 0 | D40: =IFERROR(VLOOKUP(H40,[1]SEMIELABORADOS!$A$2:$M$6000,6,0),"") | E40: =IFERROR(VLOOKUP(H40,[1]SEMIELABORADOS!$A$2:$M$65536,10,0),"") | F40: =IFERROR(E40*C40,"") | G40: =IFERROR(F40/$F$66,"")
A41: =+A23 -> 0 | B41: =IFERROR(VLOOKUP(H41,[1]SEMIELABORADOS!$A$2:$M$6000,2,0),"") | C41: =+A41 -> 0 | D41: =IFERROR(VLOOKUP(H41,[1]SEMIELABORADOS!$A$2:$M$6000,6,0),"") | E41: =IFERROR(VLOOKUP(H41,[1]SEMIELABORADOS!$A$2:$M$65536,10,0),"") | F41: =IFERROR(E41*C41,"") | G41: =IFERROR(F41/$F$66,"")
A43: UNIDADES | B43: MODI | C43: UNIDADES | D43: UND MEDIDA | E43: COSTO UNITARIO | F43: TOTAL COSTO | G43: % PREC. DEFINIDO | H43: CODIGOS
A44: =+A35 -> 3400 | B44: PREMEZCLA PARA TURRON DE CHOCOLATE Y PECANAS | C44: =+A44 -> 3400 | D44: Gramos | E44: =+'Costo Premezcla '!E73 -> 0.078745275 | F44: =IFERROR(E44*C44,"") -> 267.73394 | G44: =IFERROR(F44/$F$66,"") -> 0.021333941 | H44: NUEVO
A45: =+A36 -> 0 | B45: =IFERROR(VLOOKUP(H45,[1]SEMIELABORADOS!$A$2:$M$6000,2,0),"") | C45: =+A45 -> 0 | D45: =IFERROR(VLOOKUP(H45,[1]SEMIELABORADOS!$A$2:$M$6000,6,0),"") | E45: =IFERROR(VLOOKUP(H45,[1]SEMIELABORADOS!$A$2:$M$65536,12,0),"") | F45: =IFERROR(E45*C45,"") | G45: =IFERROR(F45/$F$66,"")
A46: =+A37 -> 0 | B46: =IFERROR(VLOOKUP(H46,[1]SEMIELABORADOS!$A$2:$M$6000,2,0),"") | C46: =+A46 -> 0 | D46: =IFERROR(VLOOKUP(H46,[1]SEMIELABORADOS!$A$2:$M$6000,6,0),"") | E46: =IFERROR(VLOOKUP(H46,[1]SEMIELABORADOS!$A$2:$M$65536,12,0),"") | F46: =IFERROR(E46*C46,"") | G46: =IFERROR(F46/$F$66,"")
A47: =+A38 -> 0 | B47: =IFERROR(VLOOKUP(H47,[1]SEMIELABORADOS!$A$2:$M$6000,2,0),"") | C47: =+A47 -> 0 | D47: =IFERROR(VLOOKUP(H47,[1]SEMIELABORADOS!$A$2:$M$6000,6,0),"") | E47: =IFERROR(VLOOKUP(H47,[1]SEMIELABORADOS!$A$2:$M$65536,12,0),"") | F47: =IFERROR(E47*C47,"") | G47: =IFERROR(F47/$F$66,"")
A48: =+A39 -> 0 | B48: =IFERROR(VLOOKUP(H48,[1]SEMIELABORADOS!$A$2:$M$6000,2,0),"") | C48: =+A48 -> 0 | D48: =IFERROR(VLOOKUP(H48,[1]SEMIELABORADOS!$A$2:$M$6000,6,0),"") | E48: =IFERROR(VLOOKUP(H48,[1]SEMIELABORADOS!$A$2:$M$65536,12,0),"") | F48: =IFERROR(E48*C48,"") | G48: =IFERROR(F48/$F$66,"")
A49: =+A40 -> 0 | B49: =IFERROR(VLOOKUP(H49,[1]SEMIELABORADOS!$A$2:$M$6000,2,0),"") | C49: =+A49 -> 0 | D49: =IFERROR(VLOOKUP(H49,[1]SEMIELABORADOS!$A$2:$M$6000,6,0),"") | E49: =IFERROR(VLOOKUP(H49,[1]SEMIELABORADOS!$A$2:$M$65536,12,0),"") | F49: =IFERROR(E49*C49,"") | G49: =IFERROR(F49/$F$66,"")
A50: =+A41 -> 0 | B50: =IFERROR(VLOOKUP(H50,[1]SEMIELABORADOS!$A$2:$M$6000,2,0),"") | C50: =+A50 -> 0 | D50: =IFERROR(VLOOKUP(H50,[1]SEMIELABORADOS!$A$2:$M$6000,6,0),"") | E50: =IFERROR(VLOOKUP(H50,[1]SEMIELABORADOS!$A$2:$M$65536,12,0),"") | F50: =IFERROR(E50*C50,"") | G50: =IFERROR(F50/$F$66,"")
A51: 1 | B51: MODI PREPARACION | C51: =+A51 -> 1 | D51: N/A | E51: =+F65 -> 580 | F51: =IFERROR(C51*E51,"") -> 580 | G51: =IFERROR(F51/$F$66,"") -> 0.046216352
B53: TOTAL MATERIA PRIMA | F53: =SUM(F8:F14,F17:F24) -> 11584.7 | G53: =+F53/$F$66 -> 0.92310785 | H53: =+F53/$D$60 -> 643.59442
B54: TOTAL EMPAQUE | F54: =SUM(F27:F32,F35:F41) -> 153.27718 | G54: =+F54/$F$66 -> 0.012213642 | H54: =+F54/$D$60 -> 8.5153992 | K54: TOTAL MATERIA PRIMA + EMPAQUE | O54: =+F55 -> 11737.977
B55: TOTAL MATERIAS P. + EMPAQUES | F55: =+F53+F54 -> 11737.977 | G55: =+F55/$F$66 -> 0.93532149 | H55: =+F55/$D$60 -> 652.10982 | M55: MODI PLANTA | O55: =+H56 -> 47.09633
C56: TOTAL MODI | F56: =SUM(F44:F51) -> 847.73394 | G56: =+F56/$F$66 -> 0.067550293 | H56: =+F56/$D$60 -> 47.09633 | M56: DESECHO | O56: =O54*N56 -> 0
M57: COSTO PLANTA | O57: =SUM(O54:O56) -> 11785.073
B58: GRAMOS | D58: 5040 | M58: % MK | N58: 0.16 | O58: =+O54*N58 -> 1878.0763
B59: PESO POR UNIDAD | D59: 280 | M59: COSTO PLANTA | O59: =SUM(O57:O58) -> 13663.149
B60: UNIDADES TOTALES | D60: =+D58/D59 -> 18 | O60: =+O59*N60 -> 0
B61: UNIDAD MEDIDA | K61: PRECIO DE VENTA PLANTA A LOCAL | O61: =SUM(O59:O60) -> 13663.149 | P61: GR
E62: S/ COSTO | F62: TOTAL | L62: UNIDAD | O62: =+O61/D60 -> 759.06385 | P62: =+O62/D59 -> 2.7109423
B63: TOTAL MATERIAS P. + EMPAQUES | E63: =+F63/F63 -> 1 | F63: =SUM(F55) -> 11737.977 | G63: =+F63/$F$66 -> 0.93532149
B64: DESECHOS Y PERDIDAS | E64: 0.02 | F64: =+F53*E64 -> 231.69399 | G64: =+F64/$F$66 -> 0.018462157
B65: MANO OBRA DIRECTA | D65: 10 | E65: 58 | F65: =+E65*D65 -> 580 | G65: =+F65/$F$66 -> 0.046216352
B66: TOTAL COSTO PLANTA | F66: =SUM(F63:F65) -> 12549.671 | G66: =+F66/$F$66 -> 1 | M66: MODI 58 COLONES X MIN
M67: Gf 57 colones min
B68: COSTO POR GRAMO
B69: TOTAL COSTO MATERIA PRIMA | C69: =+F53 -> 11584.7 | D69: =+D58 -> 5040 | E69: =+C69/D69 -> 2.2985515
B71: TOTAL COSTO UNIDAD MP+DESECHO+EMPAQUE | C71: =SUM(F63:F64) -> 11969.671 | D71: =+D58 -> 5040 | E71: =+C71/D71 -> 2.3749347
B73: TOTAL MODI PREPARACION POR GRAMO | C73: =+F65 -> 580 | D73: =+D58 -> 5040 | E73: =+C73/D73 -> 0.11507937
B74: TOTAL MODI POR GRAMO | C74: =+F56 -> 847.73394 | D74: =+D73 -> 5040 | E74: =+C74/D74 -> 0.16820118
B76: TOTAL EMPAQUE POR GRAMO | C76: =+F54 -> 153.27718 | D76: =+D74 -> 5040 | E76: =+C76/D76 -> 0.03041214
B78: TOTAL GRAMO MP+MODI | E78: =+E69+E74 -> 2.4667527
B80: COSTO POR UNIDAD
B81: TOTAL COSTO MATERIA PRIMA | C81: =+C69 -> 11584.7 | D81: =+D60 -> 18 | E81: =+C81/D81 -> 643.59442
B83: TOTAL COSTO UNIDAD MP+DESECHO+EMPAQUE | C83: =+C71 -> 11969.671 | D83: =+D60 -> 18 | E83: =+C83/D83 -> 664.98171
B85: TOTAL MODI POR GRAMO | C85: =+C73 -> 580 | D85: =+D60 -> 18 | E85: =+C85/D85 -> 32.222222
B86: TOTAL MODI POR GRAMO | C86: =+C74 -> 847.73394 | D86: =+D85 -> 18 | E86: =+C86/D86 -> 47.09633

Sheet Mezcla engrase moldes
B1: SERVICIOS DE PASTELERIA S.A. | G1: CÓDIGO: | H1: ESP-RE-BAS-006
B2: ESPECIFICACION DE RECETA | G2: REVISIÓN: | H2: 06
B3: Mezcla para engrase moldes 29800g 902000019 | G3: FECHA DE APROBACIÓN: | H3: 44202
B4: Elaborado | C4: Javier Tong, Chef
B5: Aprobado | C5: Jeffry Rodriguez. Gte de Manufactura
A6: # Código | B6: Descripción del ingrediente | C6: Marca | D6: Unidad Internacional | F6: Medida Costeo | H6: Costo - Referencia
D7: Cantidad | E7: Unidad medida | F7: Cantidad | G7: Unidad medida | H7: Colones
A9: 1210401 | B9: MANTECA MAX PAN (CAJA:25 k) | C9: Max Pan | D9: 25000 | E9: g | F9: 1 | G9: Caja
A10: 0510188 | B10: HARINA ESTANDAR (SACO: 25 KG ) | C10: Harisol | D10: 5000 | E10: g | F10: =+D10/25000 -> 0.2 | G10: Saco
A12: 512000002 | B12: PLASTICO AUTOAD (UND: 18 * 2000 M) | C12: Mayca | D12: 800 | E12: cm | F12: =+D12/20000 -> 0.04 | G12: Und
C15: Cantidad | D15: Unidad
A16: PESO TOTAL OBTENIDO | C16: 29800 | D16: g | E16: Tiempo de Horneo:
A17: TIEMPO TOTAL DE PREPARACION | C17: 30 | D17: min | E17: Horno:
A18: CANTIDAD DE PORCIONES OBTENIDAS | C18: 1 | D18: Tanda | E18: Temperatura de Horneo:
A19: PESO DE CADA PORCIÓN | C19: =C16 -> 29800 | D19: g | E19: Otros
A20: MERMA | C20: =SUM(D9:D10)-C16 -> 200 | D20: g
A21: PROCEDIMIENTO DE PREPARACION DE LA RECETA
A22: 1,- Colocar la manteca en la batidora y batir por 3 minutos hasta que se suavise.
A23: 2,- Agregar el harina y batir 40 minutos mas hasta homogenizar en velocidad 1.
A24: 3,- Colocar la mezcla en botes de plastico.Cubrir con papel autoadhesivo.
A27: Control de cambios
A28: 5, Actualizacion de codigos
A29: Revisión #6: Actualización de procedimiento.

Sheet Costo Rosquete 
E1: Precio Local | F1: Costo MP | G1: Costo EM | H1: Costo MO
E2: =IFERROR(O62,"") -> 796.21069 | F2: =IFERROR(H53,"") -> 659.91442 | G2: =IFERROR(H54,"") -> 22.88769 | H2: =IFERROR(H56,"") -> 74.884314
A5: ESTRUCTURA DE COSTOS
F6: Fecha: | H6: =TODAY() -> 45663
A7: UNIDADES | B7: DESCRIPCION MAT.PRIMA | C7: UNIDADES | D7: UND MEDIDA | E7: COSTO UNITARIO | F7: TOTAL COSTO | G7: % PREC. DEFINIDO | H7: CODIGOS
B8: =IFERROR(VLOOKUP(H8,'[1]Consolidado MP Planta'!$A$2:$M$823,3,0),"") | C8: =+A8 -> 0 | D8: =IFERROR(VLOOKUP(H8,'[1]Consolidado MP Planta'!$A$2:$M$823,13,0),"") | E8: =IFERROR(VLOOKUP(H8,'[1]Consolidado MP Planta'!$A$2:$M$823,12,0),"") | F8: =IFERROR(C8*E8,"") | G8: =IFERROR(F8/$F$66,"")
B9: =IFERROR(VLOOKUP(H9,'[1]Consolidado MP Planta'!$A$2:$M$823,3,0),"") | C9: =+A9 -> 0 | D9: =IFERROR(VLOOKUP(H9,'[1]Consolidado MP Planta'!$A$2:$M$823,13,0),"") | E9: =IFERROR(VLOOKUP(H9,'[1]Consolidado MP Planta'!$A$2:$M$823,12,0),"") | F9: =IFERROR(C9*E9,"") | G9: =IFERROR(F9/$F$66,"")
B10: =IFERROR(VLOOKUP(H10,'[1]Consolidado MP Planta'!$A$2:$M$823,3,0),"") | C10: =+A10 -> 0 | D10: =IFERROR(VLOOKUP(H10,'[1]Consolidado MP Planta'!$A$2:$M$823,13,0),"") | E10: =IFERROR(VLOOKUP(H10,'[1]Consolidado MP Planta'!$A$2:$M$823,12,0),"") | F10: =IFERROR(C10*E10,"") | G10: =IFERROR(F10/$F$66,"")
B11: =IFERROR(VLOOKUP(H11,'[1]Consolidado MP Planta'!$A$2:$M$823,3,0),"") | C11: =+A11 -> 0 | D11: =IFERROR(VLOOKUP(H11,'[1]Consolidado MP Planta'!$A$2:$M$823,13,0),"") | E11: =IFERROR(VLOOKUP(H11,'[1]Consolidado MP Planta'!$A$2:$M$823,12,0),"") | F11: =IFERROR(C11*E11,"") | G11: =IFERROR(F11/$F$66,"")
B12: =IFERROR(VLOOKUP(H12,'[1]Consolidado MP Planta'!$A$2:$M$823,3,0),"") | C12: =+A12 -> 0 | D12: =IFERROR(VLOOKUP(H12,'[1]Consolidado MP Planta'!$A$2:$M$823,13,0),"") | E12: =IFERROR(VLOOKUP(H12,'[1]Consolidado MP Planta'!$A$2:$M$823,12,0),"") | F12: =IFERROR(C12*E12,"") | G12: =IFERROR(F12/$F$66,"")
B13: =IFERROR(VLOOKUP(H13,'[1]Consolidado MP Planta'!$A$2:$M$823,3,0),"") | C13: =+A13 -> 0 | D13: =IFERROR(VLOOKUP(H13,'[1]Consolidado MP Planta'!$A$2:$M$823,13,0),"") | E13: =IFERROR(VLOOKUP(H13,'[1]Consolidado MP Planta'!$A$2:$M$823,12,0),"") | F13: =IFERROR(C13*E13,"") | G13: =IFERROR(F13/$F$66,"")
B14: =IFERROR(VLOOKUP(H14,'[1]Consolidado MP Planta'!$A$2:$M$823,3,0),"") | C14: =+A14 -> 0 | D14: =IFERROR(VLOOKUP(H14,'[1]Consolidado MP Planta'!$A$2:$M$823,13,0),"") | E14: =IFERROR(VLOOKUP(H14,'[1]Consolidado MP Planta'!$A$2:$M$823,12,0),"") | F14: =IFERROR(C14*E14,"") | G14: =IFERROR(F14/$F$66,"")
B15: =IFERROR(VLOOKUP(H15,'[2]ARTICULOS MP PLANTA'!$A$2:$G$589,2,0),"")
A16: UNIDADES | B16: MATERIA PRIMA SEMIELABORADOS | C16: UNIDADES | D16: UND MEDIDA | E16: COSTO UNITARIO | F16: TOTAL COSTO | G16: % PREC. DEFINIDO | H16: CODIGOS
A17: 5040 | B17: BATIDO TURRON DE CHOCOLATE Y PECANAS | C17: =+A17 -> 5040 | D17: Gramos | E17: =+'Costo Batido'!E69 -> 2.2985515 | F17: =IFERROR(E17*C17,"") -> 11584.7 | G17: =IFERROR(F17/$F$66,"") -> 0.89167897 | H17: NUEVO
A18: 144 | B18: =IFERROR(VLOOKUP(H18,[1]SEMIELABORADOS!$A$2:$M$6000,2,0),"") -> MEZCLA P/ENGRASE MOLDES KILO | C18: =+A18 -> 144 | D18: =IFERROR(VLOOKUP(H18,[1]SEMIELABORADOS!$A$2:$M$6000,6,0),"") -> Gramo | E18: 2.04 | F18: =IFERROR(E18*C18,"") -> 293.76 | G18: =IFERROR(F18/$F$66,"") -> 0.022610825 | H18: 902000019
B19: =IFERROR(VLOOKUP(H19,[1]SEMIELABORADOS!$A$2:$M$6000,2,0),"") | C19: =+A19 -> 0 | D19: =IFERROR(VLOOKUP(H19,[1]SEMIELABORADOS!$A$2:$M$6000,6,0),"") | E19: =IFERROR(VLOOKUP(H19,[1]SEMIELABORADOS!$A$2:$H$65536,8,0),"") | F19: =IFERROR(E19*C19,"") | G19: =IFERROR(F19/$F$66,"")
B20: =IFERROR(VLOOKUP(H20,[1]SEMIELABORADOS!$A$2:$M$6000,2,0),"") | C20: =+A20 -> 0 | D20: =IFERROR(VLOOKUP(H20,[1]SEMIELABORADOS!$A$2:$M$6000,6,0),"") | E20: =IFERROR(VLOOKUP(H20,[1]SEMIELABORADOS!$A$2:$H$65536,8,0),"") | F20: =IFERROR(E20*C20,"") | G20: =IFERROR(F20/$F$66,"")
B21: =IFERROR(VLOOKUP(H21,[1]SEMIELABORADOS!$A$2:$M$6000,2,0),"") | C21: =+A21 -> 0 | D21: =IFERROR(VLOOKUP(H21,[1]SEMIELABORADOS!$A$2:$M$6000,6,0),"") | E21: =IFERROR(VLOOKUP(H21,[1]SEMIELABORADOS!$A$2:$H$65536,8,0),"") | F21: =IFERROR(E21*C21,"") | G21: =IFERROR(F21/$F$66,"")
B22: =IFERROR(VLOOKUP(H22,[1]SEMIELABORADOS!$A$2:$M$6000,2,0),"") | C22: =+A22 -> 0 | D22: =IFERROR(VLOOKUP(H22,[1]SEMIELABORADOS!$A$2:$M$6000,6,0),"") | E22: =IFERROR(VLOOKUP(H22,[1]SEMIELABORADOS!$A$2:$H$65536,8,0),"") | F22: =IFERROR(E22*C22,"") | G22: =IFERROR(F22/$F$66,"")
B23: =IFERROR(VLOOKUP(H23,[1]SEMIELABORADOS!$A$2:$M$6000,2,0),"") | C23: =+A23 -> 0 | D23: =IFERROR(VLOOKUP(H23,[1]SEMIELABORADOS!$A$2:$M$6000,6,0),"") | E23: =IFERROR(VLOOKUP(H23,[1]SEMIELABORADOS!$A$2:$H$65536,8,0),"") | F23: =IFERROR(E23*C23,"") | G23: =IFERROR(F23/$F$66,"")
B24: =IFERROR(VLOOKUP(H24,[1]SEMIELABORADOS!$A$2:$M$6000,2,0),"") | C24: =+A24 -> 0 | D24: =IFERROR(VLOOKUP(H24,[1]SEMIELABORADOS!$A$2:$M$6000,6,0),"") | E24: =IFERROR(VLOOKUP(H24,[1]SEMIELABORADOS!$A$2:$H$65536,8,0),"") | F24: =IFERROR(E24*C24,"") | G24: =IFERROR(F24/$F$66,"")
A26: UNIDADES | B26: EMPAQUE | C26: UNIDADES | D26: UND MEDIDA | E26: COSTO UNITARIO | F26: TOTAL COSTO | G26: % PREC. DEFINIDO | H26: CODIGOS
A27: 18 | B27: =IFERROR(VLOOKUP(H27,'[1]Consolidado MP Planta'!$A$2:$M$823,3,0),"") -> PAPEL ENCERADO 10X10 (CAJA) | C27: =+A27 -> 18 | D27: =IFERROR(VLOOKUP(H27,'[1]Consolidado MP Planta'!$A$2:$M$823,13,0),"") -> Und | E27: 14.2 | F27: =IFERROR(C27*E27,"") -> 255.6 | G27: =IFERROR(F27/$F$66,"") -> 0.019673634 | H27: 1950772
B28: =IFERROR(VLOOKUP(H28,'[1]Consolidado MP Planta'!$A$2:$M$823,3,0),"") | C28: =+A28 -> 0 | D28: =IFERROR(VLOOKUP(H28,'[1]Consolidado MP Planta'!$A$2:$M$823,13,0),"") | E28: =IFERROR(VLOOKUP(H28,'[1]Consolidado MP Planta'!$A$2:$M$823,12,0),"") | F28: =IFERROR(C28*E28,"") | G28: =IFERROR(F28/$F$66,"")
B29: =IFERROR(VLOOKUP(H29,'[1]Consolidado MP Planta'!$A$2:$M$823,3,0),"") | C29: =+A29 -> 0 | D29: =IFERROR(VLOOKUP(H29,'[1]Consolidado MP Planta'!$A$2:$M$823,13,0),"") | E29: =IFERROR(VLOOKUP(H29,'[1]Consolidado MP Planta'!$A$2:$M$823,12,0),"") | F29: =IFERROR(C29*E29,"") | G29: =IFERROR(F29/$F$66,"")
B30: =IFERROR(VLOOKUP(H30,'[1]Consolidado MP Planta'!$A$2:$M$823,3,0),"") | C30: =+A30 -> 0 | D30: =IFERROR(VLOOKUP(H30,'[1]Consolidado MP Planta'!$A$2:$M$823,13,0),"") | E30: =IFERROR(VLOOKUP(H30,'[1]Consolidado MP Planta'!$A$2:$M$823,12,0),"") | F30: =IFERROR(C30*E30,"") | G30: =IFERROR(F30/$F$66,"")
B31: =IFERROR(VLOOKUP(H31,'[1]Consolidado MP Planta'!$A$2:$M$823,3,0),"") | C31: =+A31 -> 0 | D31: =IFERROR(VLOOKUP(H31,'[1]Consolidado MP Planta'!$A$2:$M$823,13,0),"") | E31: =IFERROR(VLOOKUP(H31,'[1]Consolidado MP Planta'!$A$2:$M$823,12,0),"") | F31: =IFERROR(C31*E31,"") | G31: =IFERROR(F31/$F$66,"")
B32: =IFERROR(VLOOKUP(H32,'[1]Consolidado MP Planta'!$A$2:$M$823,3,0),"") | C32: =+A32 -> 0 | D32: =IFERROR(VLOOKUP(H32,'[1]Consolidado MP Planta'!$A$2:$M$823,13,0),"") | E32: =IFERROR(VLOOKUP(H32,'[1]Consolidado MP Planta'!$A$2:$M$823,12,0),"") | F32: =IFERROR(C32*E32,"") | G32: =IFERROR(F32/$F$66,"")
A34: UNIDADES | B34: EMPAQUE SEMIELABORADOS | C34: UNIDADES | D34: UND MEDIDA | E34: COSTO UNITARIO | F34: TOTAL COSTO | G34: % PREC. DEFINIDO | H34: CODIGOS
A35: =+A17 -> 5040 | B35: BATIDO TURRON DE CHOCOLATE Y PECANAS | C35: =+A35 -> 5040 | D35: Gramos | E35: =+'Costo Batido'!E76 -> 0.03041214 | F35: =IFERROR(E35*C35,"") -> 153.27718 | G35: =IFERROR(F35/$F$66,"") -> 0.011797806 | H35: NUEVO
A36: =+A18 -> 144 | B36: =IFERROR(VLOOKUP(H36,[1]SEMIELABORADOS!$A$2:$M$6000,2,0),"") -> MEZCLA P/ENGRASE MOLDES KILO | C36: =+A36 -> 144 | D36: =IFERROR(VLOOKUP(H36,[1]SEMIELABORADOS!$A$2:$M$6000,6,0),"") -> Gramo | E36: =IFERROR(VLOOKUP(H36,[1]SEMIELABORADOS!$A$2:$M$65536,10,0),"") -> 0.021536385 | F36: =IFERROR(E36*C36,"") -> 3.1012394 | G36: =IFERROR(F36/$F$66,"") -> 0.00023870364 | H36: 902000019
A37: =+A19 -> 0 | B37: =IFERROR(VLOOKUP(H37,[1]SEMIELABORADOS!$A$2:$M$6000,2,0),"") | C37: =+A37 -> 0 | D37: =IFERROR(VLOOKUP(H37,[1]SEMIELABORADOS!$A$2:$M$6000,6,0),"") | E37: =IFERROR(VLOOKUP(H37,[1]SEMIELABORADOS!$A$2:$M$65536,10,0),"") | F37: =IFERROR(E37*C37,"") | G37: =IFERROR(F37/$F$66,"")
A38: =+A20 -> 0 | B38: =IFERROR(VLOOKUP(H38,[1]SEMIELABORADOS!$A$2:$M$6000,2,0),"") | C38: =+A38 -> 0 | D38: =IFERROR(VLOOKUP(H38,[1]SEMIELABORADOS!$A$2:$M$6000,6,0),"") | E38: =IFERROR(VLOOKUP(H38,[1]SEMIELABORADOS!$A$2:$M$65536,10,0),"") | F38: =IFERROR(E38*C38,"") | G38: =IFERROR(F38/$F$66,"")
A39: =+A21 -> 0 | B39: =IFERROR(VLOOKUP(H39,[1]SEMIELABORADOS!$A$2:$M$6000,2,0),"") | C39: =+A39 -> 0 | D39: =IFERROR(VLOOKUP(H39,[1]SEMIELABORADOS!$A$2:$M$6000,6,0),"") | E39: =IFERROR(VLOOKUP(H39,[1]SEMIELABORADOS!$A$2:$M$65536,10,0),"") | F39: =IFERROR(E39*C39,"") | G39: =IFERROR(F39/$F$66,"")
A40: =+A22 -> 0 | B40: =IFERROR(VLOOKUP(H40,[1]SEMIELABORADOS!$A$2:$M$6000,2,0),"") | C40: =+A40 -> 0 | D40: =IFERROR(VLOOKUP(H40,[1]SEMIELABORADOS!$A$2:$M$6000,6,0),"") | E40: =IFERROR(VLOOKUP(H40,[1]SEMIELABORADOS!$A$2:$M$65536,10,0),"") | F40: =IFERROR(E40*C40,"") | G40: =IFERROR(F40/$F$66,"")
A41: =+A23 -> 0 | B41: =IFERROR(VLOOKUP(H41,[1]SEMIELABORADOS!$A$2:$M$6000,2,0),"") | C41: =+A41 -> 0 | D41: =IFERROR(VLOOKUP(H41,[1]SEMIELABORADOS!$A$2:$M$6000,6,0),"") | E41: =IFERROR(VLOOKUP(H41,[1]SEMIELABORADOS!$A$2:$M$65536,10,0),"") | F41: =IFERROR(E41*C41,"") | G41: =IFERROR(F41/$F$66,"")
A43: UNIDADES | B43: MODI | C43: UNIDADES | D43: UND MEDIDA | E43: COSTO UNITARIO | F43: TOTAL COSTO | G43: % PREC. DEFINIDO | H43: CODIGOS
A44: =+A35 -> 5040 | B44: BATIDO TURRON DE CHOCOLATE Y PECANAS | C44: =+A44 -> 5040 | D44: Gramos | E44: =+'Costo Batido'!E74 -> 0.16820118 | F44: =IFERROR(E44*C44,"") -> 847.73394 | G44: =IFERROR(F44/$F$66,"") -> 0.065250421 | H44: NUEVO
A45: =+A36 -> 144 | B45: =IFERROR(VLOOKUP(H45,[1]SEMIELABORADOS!$A$2:$M$6000,2,0),"") -> MEZCLA P/ENGRASE MOLDES KILO | C45: =+A45 -> 144 | D45: =IFERROR(VLOOKUP(H45,[1]SEMIELABORADOS!$A$2:$M$6000,6,0),"") -> Gramo | E45: =IFERROR(VLOOKUP(H45,[1]SEMIELABORADOS!$A$2:$M$65536,12,0),"") -> 0.2512758 | F45: =IFERROR(E45*C45,"") -> 36.183715 | G45: =IFERROR(F45/$F$66,"") -> 0.0027850751 | H45: 902000019
A46: =+A37 -> 0 | B46: =IFERROR(VLOOKUP(H46,[1]SEMIELABORADOS!$A$2:$M$6000,2,0),"") | C46: =+A46 -> 0 | D46: =IFERROR(VLOOKUP(H46,[1]SEMIELABORADOS!$A$2:$M$6000,6,0),"") | E46: =IFERROR(VLOOKUP(H46,[1]SEMIELABORADOS!$A$2:$M$65536,12,0),"") | F46: =IFERROR(E46*C46,"") | G46: =IFERROR(F46/$F$66,"")
A47: =+A38 -> 0 | B47: =IFERROR(VLOOKUP(H47,[1]SEMIELABORADOS!$A$2:$M$6000,2,0),"") | C47: =+A47 -> 0 | D47: =IFERROR(VLOOKUP(H47,[1]SEMIELABORADOS!$A$2:$M$6000,6,0),"") | E47: =IFERROR(VLOOKUP(H47,[1]SEMIELABORADOS!$A$2:$M$65536,12,0),"") | F47: =IFERROR(E47*C47,"") | G47: =IFERROR(F47/$F$66,"")
A48: =+A39 -> 0 | B48: =IFERROR(VLOOKUP(H48,[1]SEMIELABORADOS!$A$2:$M$6000,2,0),"") | C48: =+A48 -> 0 | D48: =IFERROR(VLOOKUP(H48,[1]SEMIELABORADOS!$A$2:$M$6000,6,0),"") | E48: =IFERROR(VLOOKUP(H48,[1]SEMIELABORADOS!$A$2:$M$65536,12,0),"") | F48: =IFERROR(E48*C48,"") | G48: =IFERROR(F48/$F$66,"")
A49: =+A40 -> 0 | B49: =IFERROR(VLOOKUP(H49,[1]SEMIELABORADOS!$A$2:$M$6000,2,0),"") | C49: =+A49 -> 0 | D49: =IFERROR(VLOOKUP(H49,[1]SEMIELABORADOS!$A$2:$M$6000,6,0),"") | E49: =IFERROR(VLOOKUP(H49,[1]SEMIELABORADOS!$A$2:$M$65536,12,0),"") | F49: =IFERROR(E49*C49,"") | G49: =IFERROR(F49/$F$66,"")
A50: =+A41 -> 0 | B50: =IFERROR(VLOOKUP(H50,[1]SEMIELABORADOS!$A$2:$M$6000,2,0),"") | C50: =+A50 -> 0 | D50: =IFERROR(VLOOKUP(H50,[1]SEMIELABORADOS!$A$2:$M$6000,6,0),"") | E50: =IFERROR(VLOOKUP(H50,[1]SEMIELABORADOS!$A$2:$M$65536,12,0),"") | F50: =IFERROR(E50*C50,"") | G50: =IFERROR(F50/$F$66,"")
A51: 1 | B51: MODI PREPARACION | C51: =+A51 -> 1 | D51: N/A | E51: =+F65 -> 464 | F51: =IFERROR(C51*E51,"") -> 464 | G51: =IFERROR(F51/$F$66,"") -> 0.035714266
B53: TOTAL MATERIA PRIMA | F53: =SUM(F8:F14,F17:F24) -> 11878.46 | G53: =+F53/$F$66 -> 0.91428979 | H53: =+F53/$D$60 -> 659.91442
B54: TOTAL EMPAQUE | F54: =SUM(F27:F32,F35:F41) -> 411.97842 | G54: =+F54/$F$66 -> 0.031710145 | H54: =+F54/$D$60 -> 22.88769 | K54: TOTAL MATERIA PRIMA + EMPAQUE | O54: =+F55 -> 12290.438
B55: TOTAL MATERIAS P. + EMPAQUES | F55: =+F53+F54 -> 12290.438 | G55: =+F55/$F$66 -> 0.94599994 | H55: =+F55/$D$60 -> 682.80211 | M55: MODI PLANTA | O55: =+H56 -> 74.884314
C56: TOTAL MODI | F56: =SUM(F44:F51) -> 1347.9177 | G56: =+F56/$F$66 -> 0.10374976 | H56: =+F56/$D$60 -> 74.884314 | M56: DESECHO | O56: =O54*N56 -> 0
M57: COSTO PLANTA | O57: =SUM(O54:O56) -> 12365.322
B58: GRAMOS | D58: 5040 | M58: % MK | N58: 0.16 | O58: =+O54*N58 -> 1966.4701
B59: PESO POR UNIDAD | D59: 280 | M59: COSTO PLANTA | O59: =SUM(O57:O58) -> 14331.792
B60: UNIDADES TOTALES | D60: =+D58/D59 -> 18 | O60: =+O59*N60 -> 0
B61: UNIDAD MEDIDA | K61: PRECIO DE VENTA PLANTA A LOCAL | O61: =SUM(O59:O60) -> 14331.792 | P61: GR
E62: S/ COSTO | F62: TOTAL | L62: UNIDAD | O62: =+O61/D60 -> 796.21069 | P62: =+O62/D59 -> 2.8436096
B63: TOTAL MATERIAS P. + EMPAQUES | E63: =+F63/F63 -> 1 | F63: =SUM(F55) -> 12290.438 | G63: =+F63/$F$66 -> 0.94599994
B64: DESECHOS Y PERDIDAS | E64: 0.02 | F64: =+F53*E64 -> 237.56919 | G64: =+F64/$F$66 -> 0.018285796
B65: MANO OBRA DIRECTA | D65: 8 | E65: 58 | F65: =+E65*D65 -> 464 | G65: =+F65/$F$66 -> 0.035714266
B66: TOTAL COSTO PLANTA | F66: =SUM(F63:F65) -> 12992.007 | G66: =+F66/$F$66 -> 1 | M66: MODI 58 COLONES X MIN
M67: Gf 57 colones min
B68: COSTO POR GRAMO
B69: TOTAL COSTO MATERIA PRIMA | C69: =+F53 -> 11878.46 | D69: =+D58 -> 5040 | E69: =+C69/D69 -> 2.3568372
B71: TOTAL COSTO UNIDAD MP+DESECHO+EMPAQUE | C71: =SUM(F63:F64) -> 12528.007 | D71: =+D58 -> 5040 | E71: =+C71/D71 -> 2.4857157
B73: TOTAL MODI PREPARACION POR GRAMO | C73: =+F65 -> 464 | D73: =+D58 -> 5040 | E73: =+C73/D73 -> 0.092063492
B74: TOTAL MODI POR GRAMO | C74: =+F56 -> 1347.9177 | D74: =+D73 -> 5040 | E74: =+C74/D74 -> 0.26744398
B76: TOTAL EMPAQUE POR GRAMO | C76: =+F54 -> 411.97842 | D76: =+D74 -> 5040 | E76: =+C76/D76 -> 0.081741751
B78: TOTAL GRAMO MP+MODI | E78: =+E69+E74 -> 2.6242812
B80: COSTO POR UNIDAD
B81: TOTAL COSTO MATERIA PRIMA | C81: =+C69 -> 11878.46 | D81: =+D60 -> 18 | E81: =+C81/D81 -> 659.91442
B83: TOTAL COSTO UNIDAD MP+DESECHO+EMPAQUE | C83: =+C71 -> 12528.007 | D83: =+D60 -> 18 | E83: =+C83/D83 -> 696.0004
B85: TOTAL MODI POR GRAMO | C85: =+C73 -> 464 | D85: =+D60 -> 18 | E85: =+C85/D85 -> 25.777778
B86: TOTAL MODI POR GRAMO | C86: =+C74 -> 1347.9177 | D86: =+D85 -> 18 | E86: =+C86/D86 -> 74.884314

Sheet Costo Chesse Cake Dulce Leche 
E1: Precio Local | F1: Costo MP | G1: Costo EM | H1: Costo MO
E2: =IFERROR(O68,"") -> 1434.0459 | F2: =IFERROR(H59,"") -> 1233.7689 | G2: =IFERROR(H60,"") -> 0.0030982906 | H2: =IFERROR(H62,"") -> 51.666667
A5: ESTRUCTURA DE COSTOS
F6: Fecha: | H6: =TODAY() -> 45663
A7: UNIDADES | B7: DESCRIPCION MAT.PRIMA | C7: UNIDADES | D7: UND MEDIDA | E7: COSTO UNITARIO | F7: TOTAL COSTO | G7: % PREC. DEFINIDO | H7: CODIGOS
A8: 1960 | B8: =IFERROR(VLOOKUP(H8,'[1]Consolidado MP Planta'!$A$2:$M$823,3,0),"") -> QUESO CREMA PANADERO (CAJA: 5 K) | C8: =+A8 -> 1960 | D8: =IFERROR(VLOOKUP(H8,'[1]Consolidado MP Planta'!$A$2:$M$823,13,0),"") -> Gramos | E8: 3.08 | F8: =IFERROR(C8*E8,"") -> 6036.8 | G8: =IFERROR(F8/$F$72,"") -> 0.25664427 | H8: 1730660
A9: 1560 | B9: =IFERROR(VLOOKUP(H9,'[1]Consolidado MP Planta'!$A$2:$M$823,3,0),"") -> LECHE CONDENSADA (PAQ:11 K) | C9: =+A9 -> 1560 | D9: =IFERROR(VLOOKUP(H9,'[1]Consolidado MP Planta'!$A$2:$M$823,13,0),"") -> Gramos | E9: 2.16 | F9: =IFERROR(C9*E9,"") -> 3369.6 | G9: =IFERROR(F9/$F$72,"") -> 0.1432528 | H9: 11400046
A10: 820 | B10: =IFERROR(VLOOKUP(H10,'[1]Consolidado MP Planta'!$A$2:$M$823,3,0),"") -> LECHE HOMOGENIZ TB 3.5% (CAJA:12 UND) | C10: =+A10 -> 820 | D10: =IFERROR(VLOOKUP(H10,'[1]Consolidado MP Planta'!$A$2:$M$823,13,0),"") -> Mililitros | E10: 0.76 | F10: =IFERROR(C10*E10,"") -> 623.2 | G10: =IFERROR(F10/$F$72,"") -> 0.026494287 | H10: 114000002
A11: 295 | B11: =IFERROR(VLOOKUP(H11,'[1]Consolidado MP Planta'!$A$2:$M$823,3,0),"") -> AZUCAR GLASS MOLIDA (PAQ: 4 K) | C11: =+A11 -> 295 | D11: =IFERROR(VLOOKUP(H11,'[1]Consolidado MP Planta'!$A$2:$M$823,13,0),"") -> Gramos | E11: 1.72 | F11: =IFERROR(C11*E11,"") -> 507.4 | G11: =IFERROR(F11/$F$72,"") -> 0.021571247 | H11: 101000073
A12: 100 | B12: =IFERROR(VLOOKUP(H12,'[1]Consolidado MP Planta'!$A$2:$M$823,3,0),"") -> GELATINA PURA (PAQ:1 k) | C12: =+A12 -> 100 | D12: =IFERROR(VLOOKUP(H12,'[1]Consolidado MP Planta'!$A$2:$M$823,13,0),"") -> Gramos | E12: 12.86 | F12: =IFERROR(C12*E12,"") -> 1286 | G12: =IFERROR(F12/$F$72,"") -> 0.0546721 | H12: 0510186
A13: 600 | B13: =IFERROR(VLOOKUP(H13,'[1]Consolidado MP Planta'!$A$2:$M$823,3,0),"") -> AGUA PLANTA | C13: =+A13 -> 600 | D13: =IFERROR(VLOOKUP(H13,'[1]Consolidado MP Planta'!$A$2:$M$823,13,0),"") -> Mililitros | E13: =IFERROR(VLOOKUP(H13,'[1]Consolidado MP Planta'!$A$2:$M$823,12,0),"") -> 0.1 | F13: =IFERROR(C13*E13,"") -> 60 | G13: =IFERROR(F13/$F$72,"") -> 0.0025507978 | H13: 10415
A14: 100 | B14: =IFERROR(VLOOKUP(H14,'[1]Consolidado MP Planta'!$A$2:$M$823,3,0),"") -> TRIPLE SEC | C14: =+A14 -> 100 | D14: =IFERROR(VLOOKUP(H14,'[1]Consolidado MP Planta'!$A$2:$M$823,13,0),"") -> Mililitros | E14: 7.47 | F14: =IFERROR(C14*E14,"") -> 747 | G14: =IFERROR(F14/$F$72,"") -> 0.031757433 | H14: 1010339
A15: 18 | B15: =IFERROR(VLOOKUP(H15,'[1]Consolidado MP Planta'!$A$2:$M$823,3,0),"") -> PRESERVANTE 1047S (PAQ=5 KILO) | C15: =+A15 -> 18 | D15: =IFERROR(VLOOKUP(H15,'[1]Consolidado MP Planta'!$A$2:$M$823,13,0),"") -> Gramos | E15: 7.88 | F15: =IFERROR(C15*E15,"") -> 141.84 | G15: =IFERROR(F15/$F$72,"") -> 0.006030086 | H15: 1212410
A16: 1850 | B16: MANJAR LECHE CONDENSADA (PAQ: 6 K) | C16: =+A16 -> 1850 | D16: Gramos | E16: 2.56 | F16: =IFERROR(C16*E16,"") -> 4736 | G16: =IFERROR(F16/$F$72,"") -> 0.20134297 | H16: 11400066
B17: =IFERROR(VLOOKUP(H17,'[1]Consolidado MP Planta'!$A$2:$M$823,3,0),"") | C17: =+A17 -> 0 | D17: =IFERROR(VLOOKUP(H17,'[1]Consolidado MP Planta'!$A$2:$M$823,13,0),"") | E17: =IFERROR(VLOOKUP(H17,'[1]Consolidado MP Planta'!$A$2:$M$823,12,0),"") | F17: =IFERROR(C17*E17,"") | G17: =IFERROR(F17/$F$72,"")
B18: =IFERROR(VLOOKUP(H18,'[1]Consolidado MP Planta'!$A$2:$M$823,3,0),"") | C18: =+A18 -> 0 | D18: =IFERROR(VLOOKUP(H18,'[1]Consolidado MP Planta'!$A$2:$M$823,13,0),"") | E18: =IFERROR(VLOOKUP(H18,'[1]Consolidado MP Planta'!$A$2:$M$823,12,0),"") | F18: =IFERROR(C18*E18,"") | G18: =IFERROR(F18/$F$72,"")
B19: =IFERROR(VLOOKUP(H19,'[1]Consolidado MP Planta'!$A$2:$M$823,3,0),"") | C19: =+A19 -> 0 | D19: =IFERROR(VLOOKUP(H19,'[1]Consolidado MP Planta'!$A$2:$M$823,13,0),"") | E19: =IFERROR(VLOOKUP(H19,'[1]Consolidado MP Planta'!$A$2:$M$823,12,0),"") | F19: =IFERROR(C19*E19,"") | G19: =IFERROR(F19/$F$72,"")
B20: =IFERROR(VLOOKUP(H20,'[1]Consolidado MP Planta'!$A$2:$M$823,3,0),"") | C20: =+A20 -> 0 | D20: =IFERROR(VLOOKUP(H20,'[1]Consolidado MP Planta'!$A$2:$M$823,13,0),"") | E20: =IFERROR(VLOOKUP(H20,'[1]Consolidado MP Planta'!$A$2:$M$823,12,0),"") | F20: =IFERROR(C20*E20,"") | G20: =IFERROR(F20/$F$72,"")
B21: =IFERROR(VLOOKUP(H21,'[2]ARTICULOS MP PLANTA'!$A$2:$G$589,2,0),"")
A22: UNIDADES | B22: MATERIA PRIMA SEMIELABORADOS | C22: UNIDADES | D22: UND MEDIDA | E22: COSTO UNITARIO | F22: TOTAL COSTO | G22: % PREC. DEFINIDO | H22: CODIGOS
A23: 2000 | B23: =IFERROR(VLOOKUP(H23,[1]SEMIELABORADOS!$A$2:$M$6000,2,0),"") -> CREMA CHANTILLY BLANCA SPOON-IND KILO | C23: =+A23 -> 2000 | D23: =IFERROR(VLOOKUP(H23,[1]SEMIELABORADOS!$A$2:$M$6000,6,0),"") -> Gramo | E23: 2.35 | F23: =IFERROR(E23*C23,"") -> 4700 | G23: =IFERROR(F23/$F$72,"") -> 0.19981249 | H23: 95717
B24: =IFERROR(VLOOKUP(H24,[1]SEMIELABORADOS!$A$2:$M$6000,2,0),"") | C24: =+A24 -> 0 | D24: =IFERROR(VLOOKUP(H24,[1]SEMIELABORADOS!$A$2:$M$6000,6,0),"") | E24: =IFERROR(VLOOKUP(H24,[1]SEMIELABORADOS!$A$2:$H$65536,8,0),"") | F24: =IFERROR(E24*C24,"") | G24: =IFERROR(F24/$F$72,"")
B25: =IFERROR(VLOOKUP(H25,[1]SEMIELABORADOS!$A$2:$M$6000,2,0),"") | C25: =+A25 -> 0 | D25: =IFERROR(VLOOKUP(H25,[1]SEMIELABORADOS!$A$2:$M$6000,6,0),"") | E25: =IFERROR(VLOOKUP(H25,[1]SEMIELABORADOS!$A$2:$H$65536,8,0),"") | F25: =IFERROR(E25*C25,"") | G25: =IFERROR(F25/$F$72,"")
B26: =IFERROR(VLOOKUP(H26,[1]SEMIELABORADOS!$A$2:$M$6000,2,0),"") | C26: =+A26 -> 0 | D26: =IFERROR(VLOOKUP(H26,[1]SEMIELABORADOS!$A$2:$M$6000,6,0),"") | E26: =IFERROR(VLOOKUP(H26,[1]SEMIELABORADOS!$A$2:$H$65536,8,0),"") | F26: =IFERROR(E26*C26,"") | G26: =IFERROR(F26/$F$72,"")
B27: =IFERROR(VLOOKUP(H27,[1]SEMIELABORADOS!$A$2:$M$6000,2,0),"") | C27: =+A27 -> 0 | D27: =IFERROR(VLOOKUP(H27,[1]SEMIELABORADOS!$A$2:$M$6000,6,0),"") | E27: =IFERROR(VLOOKUP(H27,[1]SEMIELABORADOS!$A$2:$H$65536,8,0),"") | F27: =IFERROR(E27*C27,"") | G27: =IFERROR(F27/$F$72,"")
B28: =IFERROR(VLOOKUP(H28,[1]SEMIELABORADOS!$A$2:$M$6000,2,0),"") | C28: =+A28 -> 0 | D28: =IFERROR(VLOOKUP(H28,[1]SEMIELABORADOS!$A$2:$M$6000,6,0),"") | E28: =IFERROR(VLOOKUP(H28,[1]SEMIELABORADOS!$A$2:$H$65536,8,0),"") | F28: =IFERROR(E28*C28,"") | G28: =IFERROR(F28/$F$72,"")
B29: =IFERROR(VLOOKUP(H29,[1]SEMIELABORADOS!$A$2:$M$6000,2,0),"") | C29: =+A29 -> 0 | D29: =IFERROR(VLOOKUP(H29,[1]SEMIELABORADOS!$A$2:$M$6000,6,0),"") | E29: =IFERROR(VLOOKUP(H29,[1]SEMIELABORADOS!$A$2:$H$65536,8,0),"") | F29: =IFERROR(E29*C29,"") | G29: =IFERROR(F29/$F$72,"")
B30: =IFERROR(VLOOKUP(H30,[1]SEMIELABORADOS!$A$2:$M$6000,2,0),"") | C30: =+A30 -> 0 | D30: =IFERROR(VLOOKUP(H30,[1]SEMIELABORADOS!$A$2:$M$6000,6,0),"") | E30: =IFERROR(VLOOKUP(H30,[1]SEMIELABORADOS!$A$2:$H$65536,8,0),"") | F30: =IFERROR(E30*C30,"") | G30: =IFERROR(F30/$F$72,"")
A32: UNIDADES | B32: EMPAQUE | C32: UNIDADES | D32: UND MEDIDA | E32: COSTO UNITARIO | F32: TOTAL COSTO | G32: % PREC. DEFINIDO | H32: CODIGOS
A33: 0 | B33: =IFERROR(VLOOKUP(H33,'[1]Consolidado MP Planta'!$A$2:$M$823,3,0),"") | C33: =+A33 -> 0 | D33: =IFERROR(VLOOKUP(H33,'[1]Consolidado MP Planta'!$A$2:$M$823,13,0),"") | E33: =IFERROR(VLOOKUP(H33,'[1]Consolidado MP Planta'!$A$2:$M$823,12,0),"") | F33: =IFERROR(C33*E33,"") | G33: =IFERROR(F33/$F$72,"")
B34: =IFERROR(VLOOKUP(H34,'[1]Consolidado MP Planta'!$A$2:$M$823,3,0),"") | C34: =+A34 -> 0 | D34: =IFERROR(VLOOKUP(H34,'[1]Consolidado MP Planta'!$A$2:$M$823,13,0),"") | E34: =IFERROR(VLOOKUP(H34,'[1]Consolidado MP Planta'!$A$2:$M$823,12,0),"") | F34: =IFERROR(C34*E34,"") | G34: =IFERROR(F34/$F$72,"")
B35: =IFERROR(VLOOKUP(H35,'[1]Consolidado MP Planta'!$A$2:$M$823,3,0),"") | C35: =+A35 -> 0 | D35: =IFERROR(VLOOKUP(H35,'[1]Consolidado MP Planta'!$A$2:$M$823,13,0),"") | E35: =IFERROR(VLOOKUP(H35,'[1]Consolidado MP Planta'!$A$2:$M$823,12,0),"") | F35: =IFERROR(C35*E35,"") | G35: =IFERROR(F35/$F$72,"")
B36: =IFERROR(VLOOKUP(H36,'[1]Consolidado MP Planta'!$A$2:$M$823,3,0),"") | C36: =+A36 -> 0 | D36: =IFERROR(VLOOKUP(H36,'[1]Consolidado MP Planta'!$A$2:$M$823,13,0),"") | E36: =IFERROR(VLOOKUP(H36,'[1]Consolidado MP Planta'!$A$2:$M$823,12,0),"") | F36: =IFERROR(C36*E36,"") | G36: =IFERROR(F36/$F$72,"")
B37: =IFERROR(VLOOKUP(H37,'[1]Consolidado MP Planta'!$A$2:$M$823,3,0),"") | C37: =+A37 -> 0 | D37: =IFERROR(VLOOKUP(H37,'[1]Consolidado MP Planta'!$A$2:$M$823,13,0),"") | E37: =IFERROR(VLOOKUP(H37,'[1]Consolidado MP Planta'!$A$2:$M$823,12,0),"") | F37: =IFERROR(C37*E37,"") | G37: =IFERROR(F37/$F$72,"")
B38: =IFERROR(VLOOKUP(H38,'[1]Consolidado MP Planta'!$A$2:$M$823,3,0),"") | C38: =+A38 -> 0 | D38: =IFERROR(VLOOKUP(H38,'[1]Consolidado MP Planta'!$A$2:$M$823,13,0),"") | E38: =IFERROR(VLOOKUP(H38,'[1]Consolidado MP Planta'!$A$2:$M$823,12,0),"") | F38: =IFERROR(C38*E38,"") | G38: =IFERROR(F38/$F$72,"")
A40: UNIDADES | B40: EMPAQUE SEMIELABORADOS | C40: UNIDADES | D40: UND MEDIDA | E40: COSTO UNITARIO | F40: TOTAL COSTO | G40: % PREC. DEFINIDO | H40: CODIGOS
A41: =+A23 -> 2000 | B41: =IFERROR(VLOOKUP(H41,[1]SEMIELABORADOS!$A$2:$M$6000,2,0),"") -> CREMA CHANTILLY BLANCA SPOON-IND KILO | C41: =+A41 -> 2000 | D41: =IFERROR(VLOOKUP(H41,[1]SEMIELABORADOS!$A$2:$M$6000,6,0),"") -> Gramo | E41: =IFERROR(VLOOKUP(H41,[1]SEMIELABORADOS!$A$2:$M$65536,10,0),"") -> 2.7884615e-05 | F41: =IFERROR(E41*C41,"") -> 0.055769231 | G41: =IFERROR(F41/$F$72,"") -> 2.3709339e-06 | H41: 95717
A42: =+A24 -> 0 | B42: =IFERROR(VLOOKUP(H42,[1]SEMIELABORADOS!$A$2:$M$6000,2,0),"") | C42: =+A42 -> 0 | D42: =IFERROR(VLOOKUP(H42,[1]SEMIELABORADOS!$A$2:$M$6000,6,0),"") | E42: =IFERROR(VLOOKUP(H42,[1]SEMIELABORADOS!$A$2:$M$65536,10,0),"") | F42: =IFERROR(E42*C42,"") | G42: =IFERROR(F42/$F$72,"")
A43: =+A25 -> 0 | B43: =IFERROR(VLOOKUP(H43,[1]SEMIELABORADOS!$A$2:$M$6000,2,0),"") | C43: =+A43 -> 0 | D43: =IFERROR(VLOOKUP(H43,[1]SEMIELABORADOS!$A$2:$M$6000,6,0),"") | E43: =IFERROR(VLOOKUP(H43,[1]SEMIELABORADOS!$A$2:$M$65536,10,0),"") | F43: =IFERROR(E43*C43,"") | G43: =IFERROR(F43/$F$72,"")
A44: =+A26 -> 0 | B44: =IFERROR(VLOOKUP(H44,[1]SEMIELABORADOS!$A$2:$M$6000,2,0),"") | C44: =+A44 -> 0 | D44: =IFERROR(VLOOKUP(H44,[1]SEMIELABORADOS!$A$2:$M$6000,6,0),"") | E44: =IFERROR(VLOOKUP(H44,[1]SEMIELABORADOS!$A$2:$M$65536,10,0),"") | F44: =IFERROR(E44*C44,"") | G44: =IFERROR(F44/$F$72,"")
A45: =+A27 -> 0 | B45: =IFERROR(VLOOKUP(H45,[1]SEMIELABORADOS!$A$2:$M$6000,2,0),"") | C45: =+A45 -> 0 | D45: =IFERROR(VLOOKUP(H45,[1]SEMIELABORADOS!$A$2:$M$6000,6,0),"") | E45: =IFERROR(VLOOKUP(H45,[1]SEMIELABORADOS!$A$2:$M$65536,10,0),"") | F45: =IFERROR(E45*C45,"") | G45: =IFERROR(F45/$F$72,"")
A46: =+A28 -> 0 | B46: =IFERROR(VLOOKUP(H46,[1]SEMIELABORADOS!$A$2:$M$6000,2,0),"") | C46: =+A46 -> 0 | D46: =IFERROR(VLOOKUP(H46,[1]SEMIELABORADOS!$A$2:$M$6000,6,0),"") | E46: =IFERROR(VLOOKUP(H46,[1]SEMIELABORADOS!$A$2:$M$65536,10,0),"") | F46: =IFERROR(E46*C46,"") | G46: =IFERROR(F46/$F$72,"")
A47: =+A29 -> 0 | B47: =IFERROR(VLOOKUP(H47,[1]SEMIELABORADOS!$A$2:$M$6000,2,0),"") | C47: =+A47 -> 0 | D47: =IFERROR(VLOOKUP(H47,[1]SEMIELABORADOS!$A$2:$M$6000,6,0),"") | E47: =IFERROR(VLOOKUP(H47,[1]SEMIELABORADOS!$A$2:$M$65536,10,0),"") | F47: =IFERROR(E47*C47,"") | G47: =IFERROR(F47/$F$72,"")
A49: UNIDADES | B49: MODI | C49: UNIDADES | D49: UND MEDIDA | E49: COSTO UNITARIO | F49: TOTAL COSTO | G49: % PREC. DEFINIDO | H49: CODIGOS
A50: =+A41 -> 2000 | B50: =IFERROR(VLOOKUP(H50,[1]SEMIELABORADOS!$A$2:$M$6000,2,0),"") -> CREMA CHANTILLY BLANCA SPOON-IND KILO | C50: =+A50 -> 2000 | D50: =IFERROR(VLOOKUP(H50,[1]SEMIELABORADOS!$A$2:$M$6000,6,0),"") -> Gramo | E50: 0.03 | F50: =IFERROR(E50*C50,"") -> 60 | G50: =IFERROR(F50/$F$72,"") -> 0.0025507978 | H50: 95717
A51: =+A42 -> 0 | B51: =IFERROR(VLOOKUP(H51,[1]SEMIELABORADOS!$A$2:$M$6000,2,0),"") | C51: =+A51 -> 0 | D51: =IFERROR(VLOOKUP(H51,[1]SEMIELABORADOS!$A$2:$M$6000,6,0),"") | E51: =IFERROR(VLOOKUP(H51,[1]SEMIELABORADOS!$A$2:$M$65536,12,0),"") | F51: =IFERROR(E51*C51,"") | G51: =IFERROR(F51/$F$72,"")
A52: =+A43 -> 0 | B52: =IFERROR(VLOOKUP(H52,[1]SEMIELABORADOS!$A$2:$M$6000,2,0),"") | C52: =+A52 -> 0 | D52: =IFERROR(VLOOKUP(H52,[1]SEMIELABORADOS!$A$2:$M$6000,6,0),"") | E52: =IFERROR(VLOOKUP(H52,[1]SEMIELABORADOS!$A$2:$M$65536,12,0),"") | F52: =IFERROR(E52*C52,"") | G52: =IFERROR(F52/$F$72,"")
A53: =+A44 -> 0 | B53: =IFERROR(VLOOKUP(H53,[1]SEMIELABORADOS!$A$2:$M$6000,2,0),"") | C53: =+A53 -> 0 | D53: =IFERROR(VLOOKUP(H53,[1]SEMIELABORADOS!$A$2:$M$6000,6,0),"") | E53: =IFERROR(VLOOKUP(H53,[1]SEMIELABORADOS!$A$2:$M$65536,12,0),"") | F53: =IFERROR(E53*C53,"") | G53: =IFERROR(F53/$F$72,"")
A54: =+A45 -> 0 | B54: =IFERROR(VLOOKUP(H54,[1]SEMIELABORADOS!$A$2:$M$6000,2,0),"") | C54: =+A54 -> 0 | D54: =IFERROR(VLOOKUP(H54,[1]SEMIELABORADOS!$A$2:$M$6000,6,0),"") | E54: =IFERROR(VLOOKUP(H54,[1]SEMIELABORADOS!$A$2:$M$65536,12,0),"") | F54: =IFERROR(E54*C54,"") | G54: =IFERROR(F54/$F$72,"")
A55: =+A46 -> 0 | B55: =IFERROR(VLOOKUP(H55,[1]SEMIELABORADOS!$A$2:$M$6000,2,0),"") | C55: =+A55 -> 0 | D55: =IFERROR(VLOOKUP(H55,[1]SEMIELABORADOS!$A$2:$M$6000,6,0),"") | E55: =IFERROR(VLOOKUP(H55,[1]SEMIELABORADOS!$A$2:$M$65536,12,0),"") | F55: =IFERROR(E55*C55,"") | G55: =IFERROR(F55/$F$72,"")
A56: =+A47 -> 0 | B56: =IFERROR(VLOOKUP(H56,[1]SEMIELABORADOS!$A$2:$M$6000,2,0),"") | C56: =+A56 -> 0 | D56: =IFERROR(VLOOKUP(H56,[1]SEMIELABORADOS!$A$2:$M$6000,6,0),"") | E56: =IFERROR(VLOOKUP(H56,[1]SEMIELABORADOS!$A$2:$M$65536,12,0),"") | F56: =IFERROR(E56*C56,"") | G56: =IFERROR(F56/$F$72,"")
A57: 1 | B57: MODI PREPARACION | C57: =+A57 -> 1 | D57: N/A | E57: =+F71 -> 870 | F57: =IFERROR(C57*E57,"") -> 870 | G57: =IFERROR(F57/$F$72,"") -> 0.036986568
B59: TOTAL MATERIA PRIMA | F59: =SUM(F8:F20,F23:F30) -> 22207.84 | G59: =+F59/$F$72 -> 0.94412849 | H59: =+F59/$D$66 -> 1233.7689
B60: TOTAL EMPAQUE | F60: =SUM(F33:F38,F41:F47) -> 0.055769231 | G60: =+F60/$F$72 -> 2.3709339e-06 | H60: =+F60/$D$66 -> 0.0030982906 | K60: TOTAL MATERIA PRIMA + EMPAQUE | O60: =+F61 -> 22207.896
B61: TOTAL MATERIAS P. + EMPAQUES | F61: =+F59+F60 -> 22207.896 | G61: =+F61/$F$72 -> 0.94413086 | H61: =+F61/$D$66 -> 1233.772 | M61: MODI PLANTA | O61: =+H62 -> 51.666667
C62: TOTAL MODI | F62: =SUM(F50:F57) -> 930 | G62: =+F62/$F$72 -> 0.039537366 | H62: =+F62/$D$66 -> 51.666667 | M62: DESECHO | O62: =O60*N62 -> 0
M63: COSTO PLANTA | O63: =SUM(O60:O62) -> 22259.562
B64: GRAMOS | D64: 9000 | M64: % MK | N64: 0.16 | O64: =+O60*N64 -> 3553.2633
B65: PESO POR UNIDAD | D65: 500 | M65: COSTO PLANTA | O65: =SUM(O63:O64) -> 25812.826
B66: UNIDADES TOTALES | D66: =+D64/D65 -> 18 | O66: =+O65*N66 -> 0
B67: UNIDAD MEDIDA | K67: PRECIO DE VENTA PLANTA A LOCAL | O67: =SUM(O65:O66) -> 25812.826 | P67: GR
E68: S/ COSTO | F68: TOTAL | L68: UNIDAD | O68: =+O67/D66 -> 1434.0459 | P68: =+O68/D65 -> 2.8680918
B69: TOTAL MATERIAS P. + EMPAQUES | E69: =+F69/F69 -> 1 | F69: =SUM(F61) -> 22207.896 | G69: =+F69/$F$72 -> 0.94413086
B70: DESECHOS Y PERDIDAS | E70: 0.02 | F70: =+F59*E70 -> 444.1568 | G70: =+F70/$F$72 -> 0.01888257
B71: MANO OBRA DIRECTA | D71: 15 | E71: 58 | F71: =+E71*D71 -> 870 | G71: =+F71/$F$72 -> 0.036986568
B72: TOTAL COSTO PLANTA | F72: =SUM(F69:F71) -> 23522.053 | G72: =+F72/$F$72 -> 1 | M72: MODI 58 COLONES X MIN
M73: Gf 57 colones min
B74: COSTO POR GRAMO
B75: TOTAL COSTO MATERIA PRIMA | C75: =+F59 -> 22207.84 | D75: =+D64 -> 9000 | E75: =+C75/D75 -> 2.4675378
B77: TOTAL COSTO UNIDAD MP+DESECHO+EMPAQUE | C77: =SUM(F69:F70) -> 22652.053 | D77: =+D64 -> 9000 | E77: =+C77/D77 -> 2.5168947
B79: TOTAL MODI PREPARACION POR GRAMO | C79: =+F71 -> 870 | D79: =+D64 -> 9000 | E79: =+C79/D79 -> 0.096666667
B80: TOTAL MODI POR GRAMO | C80: =+F62 -> 930 | D80: =+D79 -> 9000 | E80: =+C80/D80 -> 0.10333333
B82: TOTAL EMPAQUE POR GRAMO | C82: =+F60 -> 0.055769231 | D82: =+D80 -> 9000 | E82: =+C82/D82 -> 6.1965812e-06
B84: TOTAL GRAMO MP+MODI | E84: =+E75+E80 -> 2.5708711
B86: COSTO POR UNIDAD
B87: TOTAL COSTO MATERIA PRIMA | C87: =+C75 -> 22207.84 | D87: =+D66 -> 18 | E87: =+C87/D87 -> 1233.7689
B89: TOTAL COSTO UNIDAD MP+DESECHO+EMPAQUE | C89: =+C77 -> 22652.053 | D89: =+D66 -> 18 | E89: =+C89/D89 -> 1258.4474
B91: TOTAL MODI POR GRAMO | C91: =+C79 -> 870 | D91: =+D66 -> 18 | E91: =+C91/D91 -> 48.333333
B92: TOTAL MODI POR GRAMO | C92: =+C80 -> 930 | D92: =+D91 -> 18 | E92: =+C92/D92 -> 51.666667

Sheet Relleno Suspiro Limeño
B1: SERVICIOS DE PASTELERIA S.A. | G1: CÓDIGO:
B2: ESPECIFICACION DE RECETA | G2: REVISIÓN:
B3: 902000170 Relleno Suspiro Limeño | G3: FECHA DE APROBACIÓN:
B4: Elaborado | C4: Maria Jose Rodriguez, Chef
B5: Aprobado | C5: Esteban Cartin, Gerente de Manufactura
A6: # Código | B6: Descripción del ingrediente | C6: Marca | D6: Unidad Internacional | F6: Unidad
D7: Cantidad | E7: Unidad medida | F7: Cantidad
A8: 1110414 | B8: LECHE EVAPORADA (UND: 1 L) | C8: Nestle | D8: 400 | E8: g
A9: 11400046 | B9: LECHE CONDENSADA (PAQ:11 K) | C9: Nestle | D9: 400 | E9: g
A10: 1210443 | B10: YEMA DE HUEVO PASTEURIZADA (CAJA:2 Kg) | C10: Innovo | D10: 80 | E10: g
A11: 0510143 | B11: GLUCOSA | C11: Nuevo | D11: 10 | E11: g
A12: 510215 | B12: ALMIDON MODIFICADO (SACO:25 K) | C12: Nuevo | D12: 10 | E12: g
A13: 1212412 | B13: PRESERVANTE 1017S (PAQ=5 KILO) | C13: Mayca | D13: =0.8*2 -> 1.6 | E13: g
A14: 10415 | B14: AGUA POTABLE | C14: FAS | D14: 30 | E14: g
C17: Cantidad | D17: Unidad
A18: PESO TOTAL OBTENIDO | C18: 800 | D18: g | E18: Tiempo de Horneo
A19: TIEMPO TOTAL DE PREPARACION | C19: 15 | D19: Min. | E19: Horno: | I19: =+C19/C18 -> 0.01875 | J19: =+I19*1000 -> 18.75
A20: CANTIDAD DE PORCIONES OBTENIDAS | C20: 1 | D20: Und. | E20: Temperatura de Horneo
A21: PESO DE CADA PORCIÓN | C21: =C18 -> 800 | D21: g | E21: Otros:
A22: MERMA | C22: 130 | D22: g
A23: PROCEDIMIENTO DE PREPARACION DE LA RECETA
A24: 1.- Colocar en una olla la leche condensada y la evaporada y cocinar moviendo constantemete por 10 minutos.
A25: 2,- Una vez pasados los 10 minutos, agregar el almidon disuelto en el agua junto con el preservante, mezclar constantemente.
A26: 3,- Apagar el fuego y agregar las yemas temperadas y la glucosa, mezclar y retirar del fuego.
A29: CONTROL DE CAMBIOS

Sheet Costo Crema Vino tinto
E1: Precio Local | F1: Costo MP | G1: Costo EM | H1: Costo MO
E2: =IFERROR(O62,"") -> 74808.006 | F2: =IFERROR(H53,"") -> 63989.08 | G2: =IFERROR(H54,"") -> 0.58 | H2: =IFERROR(H56,"") -> 580
A5: ESTRUCTURA DE COSTOS
F6: Fecha: | H6: =TODAY() -> 45663
A7: UNIDADES | B7: DESCRIPCION MAT.PRIMA | C7: UNIDADES | D7: UND MEDIDA | E7: COSTO UNITARIO | F7: TOTAL COSTO | G7: % PREC. DEFINIDO | H7: CODIGOS
A8: 16000 | B8: CREMA AMBIENTE | C8: =+A8 -> 16000 | D8: Gramos | E8: 3.61 | F8: =IFERROR(C8*E8,"") -> 57760 | G8: =IFERROR(F8/$F$66,"") -> 0.87715246 | H8: Nuevo
A9: 2100 | B9: VINO TINTO TORO | C9: =+A9 -> 2100 | D9: Mililitros | E9: 2.8 | F9: =IFERROR(C9*E9,"") -> 5880 | G9: =IFERROR(F9/$F$66,"") -> 0.089294607 | H9: 102000063
A10: 36 | B10: =IFERROR(VLOOKUP(H10,'[1]Consolidado MP Planta'!$A$2:$M$823,3,0),"") -> PRESERVANTE 1017S (PAQ=5 KILO) | C10: =+A10 -> 36 | D10: =IFERROR(VLOOKUP(H10,'[1]Consolidado MP Planta'!$A$2:$M$823,13,0),"") -> Gramos | E10: 9.28 | F10: =IFERROR(C10*E10,"") -> 334.08 | G10: =IFERROR(F10/$F$66,"") -> 0.0050733915 | H10: 1212412
A11: 150 | B11: =IFERROR(VLOOKUP(H11,'[1]Consolidado MP Planta'!$A$2:$M$823,3,0),"") -> AGUA PLANTA | C11: =+A11 -> 150 | D11: =IFERROR(VLOOKUP(H11,'[1]Consolidado MP Planta'!$A$2:$M$823,13,0),"") -> Mililitros | E11: =IFERROR(VLOOKUP(H11,'[1]Consolidado MP Planta'!$A$2:$M$823,12,0),"") -> 0.1 | F11: =IFERROR(C11*E11,"") -> 15 | G11: =IFERROR(F11/$F$66,"") -> 0.00022779236 | H11: 10415
B12: =IFERROR(VLOOKUP(H12,'[1]Consolidado MP Planta'!$A$2:$M$823,3,0),"") | C12: =+A12 -> 0 | D12: =IFERROR(VLOOKUP(H12,'[1]Consolidado MP Planta'!$A$2:$M$823,13,0),"") | E12: =IFERROR(VLOOKUP(H12,'[1]Consolidado MP Planta'!$A$2:$M$823,12,0),"") | F12: =IFERROR(C12*E12,"") | G12: =IFERROR(F12/$F$66,"")
B13: =IFERROR(VLOOKUP(H13,'[1]Consolidado MP Planta'!$A$2:$M$823,3,0),"") | C13: =+A13 -> 0 | D13: =IFERROR(VLOOKUP(H13,'[1]Consolidado MP Planta'!$A$2:$M$823,13,0),"") | E13: =IFERROR(VLOOKUP(H13,'[1]Consolidado MP Planta'!$A$2:$M$823,12,0),"") | F13: =IFERROR(C13*E13,"") | G13: =IFERROR(F13/$F$66,"")
B14: =IFERROR(VLOOKUP(H14,'[1]Consolidado MP Planta'!$A$2:$M$823,3,0),"") | C14: =+A14 -> 0 | D14: =IFERROR(VLOOKUP(H14,'[1]Consolidado MP Planta'!$A$2:$M$823,13,0),"") | E14: =IFERROR(VLOOKUP(H14,'[1]Consolidado MP Planta'!$A$2:$M$823,12,0),"") | F14: =IFERROR(C14*E14,"") | G14: =IFERROR(F14/$F$66,"")
B15: =IFERROR(VLOOKUP(H15,'[2]ARTICULOS MP PLANTA'!$A$2:$G$589,2,0),"")
A16: UNIDADES | B16: MATERIA PRIMA SEMIELABORADOS | C16: UNIDADES | D16: UND MEDIDA | E16: COSTO UNITARIO | F16: TOTAL COSTO | G16: % PREC. DEFINIDO | H16: CODIGOS
B17: =IFERROR(VLOOKUP(H17,[1]SEMIELABORADOS!$A$2:$M$6000,2,0),"") | C17: =+A17 -> 0 | D17: =IFERROR(VLOOKUP(H17,[1]SEMIELABORADOS!$A$2:$M$6000,6,0),"") | E17: =IFERROR(VLOOKUP(H17,[1]SEMIELABORADOS!$A$2:$H$65536,8,0),"") | F17: =IFERROR(E17*C17,"") | G17: =IFERROR(F17/$F$66,"")
B18: =IFERROR(VLOOKUP(H18,[1]SEMIELABORADOS!$A$2:$M$6000,2,0),"") | C18: =+A18 -> 0 | D18: =IFERROR(VLOOKUP(H18,[1]SEMIELABORADOS!$A$2:$M$6000,6,0),"") | E18: =IFERROR(VLOOKUP(H18,[1]SEMIELABORADOS!$A$2:$H$65536,8,0),"") | F18: =IFERROR(E18*C18,"") | G18: =IFERROR(F18/$F$66,"")
B19: =IFERROR(VLOOKUP(H19,[1]SEMIELABORADOS!$A$2:$M$6000,2,0),"") | C19: =+A19 -> 0 | D19: =IFERROR(VLOOKUP(H19,[1]SEMIELABORADOS!$A$2:$M$6000,6,0),"") | E19: =IFERROR(VLOOKUP(H19,[1]SEMIELABORADOS!$A$2:$H$65536,8,0),"") | F19: =IFERROR(E19*C19,"") | G19: =IFERROR(F19/$F$66,"")
B20: =IFERROR(VLOOKUP(H20,[1]SEMIELABORADOS!$A$2:$M$6000,2,0),"") | C20: =+A20 -> 0 | D20: =IFERROR(VLOOKUP(H20,[1]SEMIELABORADOS!$A$2:$M$6000,6,0),"") | E20: =IFERROR(VLOOKUP(H20,[1]SEMIELABORADOS!$A$2:$H$65536,8,0),"") | F20: =IFERROR(E20*C20,"") | G20: =IFERROR(F20/$F$66,"")
B21: =IFERROR(VLOOKUP(H21,[1]SEMIELABORADOS!$A$2:$M$6000,2,0),"") | C21: =+A21 -> 0 | D21: =IFERROR(VLOOKUP(H21,[1]SEMIELABORADOS!$A$2:$M$6000,6,0),"") | E21: =IFERROR(VLOOKUP(H21,[1]SEMIELABORADOS!$A$2:$H$65536,8,0),"") | F21: =IFERROR(E21*C21,"") | G21: =IFERROR(F21/$F$66,"")
B22: =IFERROR(VLOOKUP(H22,[1]SEMIELABORADOS!$A$2:$M$6000,2,0),"") | C22: =+A22 -> 0 | D22: =IFERROR(VLOOKUP(H22,[1]SEMIELABORADOS!$A$2:$M$6000,6,0),"") | E22: =IFERROR(VLOOKUP(H22,[1]SEMIELABORADOS!$A$2:$H$65536,8,0),"") | F22: =IFERROR(E22*C22,"") | G22: =IFERROR(F22/$F$66,"")
B23: =IFERROR(VLOOKUP(H23,[1]SEMIELABORADOS!$A$2:$M$6000,2,0),"") | C23: =+A23 -> 0 | D23: =IFERROR(VLOOKUP(H23,[1]SEMIELABORADOS!$A$2:$M$6000,6,0),"") | E23: =IFERROR(VLOOKUP(H23,[1]SEMIELABORADOS!$A$2:$H$65536,8,0),"") | F23: =IFERROR(E23*C23,"") | G23: =IFERROR(F23/$F$66,"")
B24: =IFERROR(VLOOKUP(H24,[1]SEMIELABORADOS!$A$2:$M$6000,2,0),"") | C24: =+A24 -> 0 | D24: =IFERROR(VLOOKUP(H24,[1]SEMIELABORADOS!$A$2:$M$6000,6,0),"") | E24: =IFERROR(VLOOKUP(H24,[1]SEMIELABORADOS!$A$2:$H$65536,8,0),"") | F24: =IFERROR(E24*C24,"") | G24: =IFERROR(F24/$F$66,"")
A26: UNIDADES | B26: EMPAQUE | C26: UNIDADES | D26: UND MEDIDA | E26: COSTO UNITARIO | F26: TOTAL COSTO | G26: % PREC. DEFINIDO | H26: CODIGOS
A27: 1 | B27: =IFERROR(VLOOKUP(H27,'[1]Consolidado MP Planta'!$A$2:$M$823,3,0),"") -> ETIQ.BLANCA 1 1/4 * 3/4 (UND) | C27: =+A27 -> 1 | D27: =IFERROR(VLOOKUP(H27,'[1]Consolidado MP Planta'!$A$2:$M$823,13,0),"") -> Und | E27: =IFERROR(VLOOKUP(H27,'[1]Consolidado MP Planta'!$A$2:$M$823,12,0),"") -> 0.58 | F27: =IFERROR(C27*E27,"") -> 0.58 | G27: =IFERROR(F27/$F$66,"") -> 8.8079714e-06 | H27: 0702069
B28: =IFERROR(VLOOKUP(H28,'[1]Consolidado MP Planta'!$A$2:$M$823,3,0),"") | C28: =+A28 -> 0 | D28: =IFERROR(VLOOKUP(H28,'[1]Consolidado MP Planta'!$A$2:$M$823,13,0),"") | E28: =IFERROR(VLOOKUP(H28,'[1]Consolidado MP Planta'!$A$2:$M$823,12,0),"") | F28: =IFERROR(C28*E28,"") | G28: =IFERROR(F28/$F$66,"")
B29: =IFERROR(VLOOKUP(H29,'[1]Consolidado MP Planta'!$A$2:$M$823,3,0),"") | C29: =+A29 -> 0 | D29: =IFERROR(VLOOKUP(H29,'[1]Consolidado MP Planta'!$A$2:$M$823,13,0),"") | E29: =IFERROR(VLOOKUP(H29,'[1]Consolidado MP Planta'!$A$2:$M$823,12,0),"") | F29: =IFERROR(C29*E29,"") | G29: =IFERROR(F29/$F$66,"")
B30: =IFERROR(VLOOKUP(H30,'[1]Consolidado MP Planta'!$A$2:$M$823,3,0),"") | C30: =+A30 -> 0 | D30: =IFERROR(VLOOKUP(H30,'[1]Consolidado MP Planta'!$A$2:$M$823,13,0),"") | E30: =IFERROR(VLOOKUP(H30,'[1]Consolidado MP Planta'!$A$2:$M$823,12,0),"") | F30: =IFERROR(C30*E30,"") | G30: =IFERROR(F30/$F$66,"")
B31: =IFERROR(VLOOKUP(H31,'[1]Consolidado MP Planta'!$A$2:$M$823,3,0),"") | C31: =+A31 -> 0 | D31: =IFERROR(VLOOKUP(H31,'[1]Consolidado MP Planta'!$A$2:$M$823,13,0),"") | E31: =IFERROR(VLOOKUP(H31,'[1]Consolidado MP Planta'!$A$2:$M$823,12,0),"") | F31: =IFERROR(C31*E31,"") | G31: =IFERROR(F31/$F$66,"")
B32: =IFERROR(VLOOKUP(H32,'[1]Consolidado MP Planta'!$A$2:$M$823,3,0),"") | C32: =+A32 -> 0 | D32: =IFERROR(VLOOKUP(H32,'[1]Consolidado MP Planta'!$A$2:$M$823,13,0),"") | E32: =IFERROR(VLOOKUP(H32,'[1]Consolidado MP Planta'!$A$2:$M$823,12,0),"") | F32: =IFERROR(C32*E32,"") | G32: =IFERROR(F32/$F$66,"")
A34: UNIDADES | B34: EMPAQUE SEMIELABORADOS | C34: UNIDADES | D34: UND MEDIDA | E34: COSTO UNITARIO | F34: TOTAL COSTO | G34: % PREC. DEFINIDO | H34: CODIGOS
A35: =+A17 -> 0 | B35: =IFERROR(VLOOKUP(H35,[1]SEMIELABORADOS!$A$2:$M$6000,2,0),"") | C35: =+A35 -> 0 | D35: =IFERROR(VLOOKUP(H35,[1]SEMIELABORADOS!$A$2:$M$6000,6,0),"") | E35: =IFERROR(VLOOKUP(H35,[1]SEMIELABORADOS!$A$2:$M$65536,10,0),"") | F35: =IFERROR(E35*C35,"") | G35: =IFERROR(F35/$F$66,"")
A36: =+A18 -> 0 | B36: =IFERROR(VLOOKUP(H36,[1]SEMIELABORADOS!$A$2:$M$6000,2,0),"") | C36: =+A36 -> 0 | D36: =IFERROR(VLOOKUP(H36,[1]SEMIELABORADOS!$A$2:$M$6000,6,0),"") | E36: =IFERROR(VLOOKUP(H36,[1]SEMIELABORADOS!$A$2:$M$65536,10,0),"") | F36: =IFERROR(E36*C36,"") | G36: =IFERROR(F36/$F$66,"")
A37: =+A19 -> 0 | B37: =IFERROR(VLOOKUP(H37,[1]SEMIELABORADOS!$A$2:$M$6000,2,0),"") | C37: =+A37 -> 0 | D37: =IFERROR(VLOOKUP(H37,[1]SEMIELABORADOS!$A$2:$M$6000,6,0),"") | E37: =IFERROR(VLOOKUP(H37,[1]SEMIELABORADOS!$A$2:$M$65536,10,0),"") | F37: =IFERROR(E37*C37,"") | G37: =IFERROR(F37/$F$66,"")
A38: =+A20 -> 0 | B38: =IFERROR(VLOOKUP(H38,[1]SEMIELABORADOS!$A$2:$M$6000,2,0),"") | C38: =+A38 -> 0 | D38: =IFERROR(VLOOKUP(H38,[1]SEMIELABORADOS!$A$2:$M$6000,6,0),"") | E38: =IFERROR(VLOOKUP(H38,[1]SEMIELABORADOS!$A$2:$M$65536,10,0),"") | F38: =IFERROR(E38*C38,"") | G38: =IFERROR(F38/$F$66,"")
A39: =+A21 -> 0 | B39: =IFERROR(VLOOKUP(H39,[1]SEMIELABORADOS!$A$2:$M$6000,2,0),"") | C39: =+A39 -> 0 | D39: =IFERROR(VLOOKUP(H39,[1]SEMIELABORADOS!$A$2:$M$6000,6,0),"") | E39: =IFERROR(VLOOKUP(H39,[1]SEMIELABORADOS!$A$2:$M$65536,10,0),"") | F39: =IFERROR(E39*C39,"") | G39: =IFERROR(F39/$F$66,"")
A40: =+A22 -> 0 | B40: =IFERROR(VLOOKUP(H40,[1]SEMIELABORADOS!$A$2:$M$6000,2,0),"") | C40: =+A40 -> 0 | D40: =IFERROR(VLOOKUP(H40,[1]SEMIELABORADOS!$A$2:$M$6000,6,0),"") | E40: =IFERROR(VLOOKUP(H40,[1]SEMIELABORADOS!$A$2:$M$65536,10,0),"") | F40: =IFERROR(E40*C40,"") | G40: =IFERROR(F40/$F$66,"")
A41: =+A23 -> 0 | B41: =IFERROR(VLOOKUP(H41,[1]SEMIELABORADOS!$A$2:$M$6000,2,0),"") | C41: =+A41 -> 0 | D41: =IFERROR(VLOOKUP(H41,[1]SEMIELABORADOS!$A$2:$M$6000,6,0),"") | E41: =IFERROR(VLOOKUP(H41,[1]SEMIELABORADOS!$A$2:$M$65536,10,0),"") | F41: =IFERROR(E41*C41,"") | G41: =IFERROR(F41/$F$66,"")
A43: UNIDADES | B43: MODI | C43: UNIDADES | D43: UND MEDIDA | E43: COSTO UNITARIO | F43: TOTAL COSTO | G43: % PREC. DEFINIDO | H43: CODIGOS
A44: =+A35 -> 0 | B44: =IFERROR(VLOOKUP(H44,[1]SEMIELABORADOS!$A$2:$M$6000,2,0),"") | C44: =+A44 -> 0 | D44: =IFERROR(VLOOKUP(H44,[1]SEMIELABORADOS!$A$2:$M$6000,6,0),"") | E44: =IFERROR(VLOOKUP(H44,[1]SEMIELABORADOS!$A$2:$M$65536,12,0),"") | F44: =IFERROR(E44*C44,"") | G44: =IFERROR(F44/$F$66,"")
A45: =+A36 -> 0 | B45: =IFERROR(VLOOKUP(H45,[1]SEMIELABORADOS!$A$2:$M$6000,2,0),"") | C45: =+A45 -> 0 | D45: =IFERROR(VLOOKUP(H45,[1]SEMIELABORADOS!$A$2:$M$6000,6,0),"") | E45: =IFERROR(VLOOKUP(H45,[1]SEMIELABORADOS!$A$2:$M$65536,12,0),"") | F45: =IFERROR(E45*C45,"") | G45: =IFERROR(F45/$F$66,"")
A46: =+A37 -> 0 | B46: =IFERROR(VLOOKUP(H46,[1]SEMIELABORADOS!$A$2:$M$6000,2,0),"") | C46: =+A46 -> 0 | D46: =IFERROR(VLOOKUP(H46,[1]SEMIELABORADOS!$A$2:$M$6000,6,0),"") | E46: =IFERROR(VLOOKUP(H46,[1]SEMIELABORADOS!$A$2:$M$65536,12,0),"") | F46: =IFERROR(E46*C46,"") | G46: =IFERROR(F46/$F$66,"")
A47: =+A38 -> 0 | B47: =IFERROR(VLOOKUP(H47,[1]SEMIELABORADOS!$A$2:$M$6000,2,0),"") | C47: =+A47 -> 0 | D47: =IFERROR(VLOOKUP(H47,[1]SEMIELABORADOS!$A$2:$M$6000,6,0),"") | E47: =IFERROR(VLOOKUP(H47,[1]SEMIELABORADOS!$A$2:$M$65536,12,0),"") | F47: =IFERROR(E47*C47,"") | G47: =IFERROR(F47/$F$66,"")
A48: =+A39 -> 0 | B48: =IFERROR(VLOOKUP(H48,[1]SEMIELABORADOS!$A$2:$M$6000,2,0),"") | C48: =+A48 -> 0 | D48: =IFERROR(VLOOKUP(H48,[1]SEMIELABORADOS!$A$2:$M$6000,6,0),"") | E48: =IFERROR(VLOOKUP(H48,[1]SEMIELABORADOS!$A$2:$M$65536,12,0),"") | F48: =IFERROR(E48*C48,"") | G48: =IFERROR(F48/$F$66,"")
A49: =+A40 -> 0 | B49: =IFERROR(VLOOKUP(H49,[1]SEMIELABORADOS!$A$2:$M$6000,2,0),"") | C49: =+A49 -> 0 | D49: =IFERROR(VLOOKUP(H49,[1]SEMIELABORADOS!$A$2:$M$6000,6,0),"") | E49: =IFERROR(VLOOKUP(H49,[1]SEMIELABORADOS!$A$2:$M$65536,12,0),"") | F49: =IFERROR(E49*C49,"") | G49: =IFERROR(F49/$F$66,"")
A50: =+A41 -> 0 | B50: =IFERROR(VLOOKUP(H50,[1]SEMIELABORADOS!$A$2:$M$6000,2,0),"") | C50: =+A50 -> 0 | D50: =IFERROR(VLOOKUP(H50,[1]SEMIELABORADOS!$A$2:$M$6000,6,0),"") | E50: =IFERROR(VLOOKUP(H50,[1]SEMIELABORADOS!$A$2:$M$65536,12,0),"") | F50: =IFERROR(E50*C50,"") | G50: =IFERROR(F50/$F$66,"")
A51: 1 | B51: MODI PREPARACION | C51: =+A51 -> 1 | D51: N/A | E51: =+F65 -> 580 | F51: =IFERROR(C51*E51,"") -> 580 | G51: =IFERROR(F51/$F$66,"") -> 0.0088079714
B53: TOTAL MATERIA PRIMA | F53: =SUM(F8:F14,F17:F24) -> 63989.08 | G53: =+F53/$F$66 -> 0.97174826 | H53: =+F53/$D$60 -> 63989.08
B54: TOTAL EMPAQUE | F54: =SUM(F27:F32,F35:F41) -> 0.58 | G54: =+F54/$F$66 -> 8.8079714e-06 | H54: =+F54/$D$60 -> 0.58 | K54: TOTAL MATERIA PRIMA + EMPAQUE | O54: =+F55 -> 63989.66
B55: TOTAL MATERIAS P. + EMPAQUES | F55: =+F53+F54 -> 63989.66 | G55: =+F55/$F$66 -> 0.97175706 | H55: =+F55/$D$60 -> 63989.66 | M55: MODI PLANTA | O55: =+H56 -> 580
C56: TOTAL MODI | F56: =SUM(F44:F51) -> 580 | G56: =+F56/$F$66 -> 0.0088079714 | H56: =+F56/$D$60 -> 580 | M56: DESECHO | O56: =O54*N56 -> 0
M57: COSTO PLANTA | O57: =SUM(O54:O56) -> 64569.66
B58: GRAMOS | D58: 17800 | M58: % MK | N58: 0.16 | O58: =+O54*N58 -> 10238.346
B59: PESO POR UNIDAD | D59: 17800 | M59: COSTO PLANTA | O59: =SUM(O57:O58) -> 74808.006
B60: UNIDADES TOTALES | D60: =+D58/D59 -> 1 | O60: =+O59*N60 -> 0
B61: UNIDAD MEDIDA | K61: PRECIO DE VENTA PLANTA A LOCAL | O61: =SUM(O59:O60) -> 74808.006 | P61: GR
E62: S/ COSTO | F62: TOTAL | L62: UNIDAD | O62: =+O61/D60 -> 74808.006 | P62: =+O62/D59 -> 4.2026969
B63: TOTAL MATERIAS P. + EMPAQUES | E63: =+F63/F63 -> 1 | F63: =SUM(F55) -> 63989.66 | G63: =+F63/$F$66 -> 0.97175706
B64: DESECHOS Y PERDIDAS | E64: 0.02 | F64: =+F53*E64 -> 1279.7816 | G64: =+F64/$F$66 -> 0.019434965
B65: MANO OBRA DIRECTA | D65: 10 | E65: 58 | F65: =+E65*D65 -> 580 | G65: =+F65/$F$66 -> 0.0088079714
B66: TOTAL COSTO PLANTA | F66: =SUM(F63:F65) -> 65849.442 | G66: =+F66/$F$66 -> 1 | M66: MODI 58 COLONES X MIN
M67: Gf 57 colones min
B68: COSTO POR GRAMO
B69: TOTAL COSTO MATERIA PRIMA | C69: =+F53 -> 63989.08 | D69: =+D58 -> 17800 | E69: =+C69/D69 -> 3.5948921
B71: TOTAL COSTO UNIDAD MP+DESECHO+EMPAQUE | C71: =SUM(F63:F64) -> 65269.442 | D71: =+D58 -> 17800 | E71: =+C71/D71 -> 3.6668226
B73: TOTAL MODI PREPARACION POR GRAMO | C73: =+F65 -> 580 | D73: =+D58 -> 17800 | E73: =+C73/D73 -> 0.03258427
B74: TOTAL MODI POR GRAMO | C74: =+F56 -> 580 | D74: =+D73 -> 17800 | E74: =+C74/D74 -> 0.03258427
B76: TOTAL EMPAQUE POR GRAMO | C76: =+F54 -> 0.58 | D76: =+D74 -> 17800 | E76: =+C76/D76 -> 3.258427e-05
B78: TOTAL GRAMO MP+MODI | E78: =+E69+E74 -> 3.6274764
B80: COSTO POR UNIDAD
B81: TOTAL COSTO MATERIA PRIMA | C81: =+C69 -> 63989.08 | D81: =+D60 -> 1 | E81: =+C81/D81 -> 63989.08
B83: TOTAL COSTO UNIDAD MP+DESECHO+EMPAQUE | C83: =+C71 -> 65269.442 | D83: =+D60 -> 1 | E83: =+C83/D83 -> 65269.442
B85: TOTAL MODI POR GRAMO | C85: =+C73 -> 580 | D85: =+D60 -> 1 | E85: =+C85/D85 -> 580
B86: TOTAL MODI POR GRAMO | C86: =+C74 -> 580 | D86: =+D85 -> 1 | E86: =+C86/D86 -> 580

Sheet Costo Ensamble locales 
E1: Precio Local | F1: Costo MP | G1: Costo EM | H1: Costo MO
E2: =IFERROR(O62,"") -> 4432.7569 | F2: =IFERROR(H53,"") -> 2725.2158 | G2: =IFERROR(H54,"") -> 635.0644 | H2: =IFERROR(H56,"") -> 534.83188
A5: ESTRUCTURA DE COSTOS
F6: Fecha: | H6: =TODAY() -> 45663
A7: UNIDADES | B7: DESCRIPCION MAT.PRIMA | C7: UNIDADES | D7: UND MEDIDA | E7: COSTO UNITARIO | F7: TOTAL COSTO | G7: % PREC. DEFINIDO | H7: CODIGOS
A8: 10 | B8: =IFERROR(VLOOKUP(H8,'[1]Consolidado MP Planta'!$A$2:$M$823,3,0),"") -> ACEITE CAPULLO RBD (UND:17 L) | C8: =+A8 -> 10 | D8: =IFERROR(VLOOKUP(H8,'[1]Consolidado MP Planta'!$A$2:$M$823,13,0),"") -> Mililitros | E8: 1.37 | F8: =IFERROR(C8*E8,"") -> 13.7 | G8: =IFERROR(F8/$F$66,"") -> 0.0035856511 | H8: 10100050
A9: 60 | B9: =IFERROR(VLOOKUP(H9,'[1]Consolidado MP Planta'!$A$2:$M$823,3,0),"") -> PECANA ENTERA (CAJA:13.6 K) | C9: =+A9 -> 60 | D9: =IFERROR(VLOOKUP(H9,'[1]Consolidado MP Planta'!$A$2:$M$823,13,0),"") -> Gramos | E9: 9.28 | F9: =IFERROR(C9*E9,"") -> 556.8 | G9: =IFERROR(F9/$F$66,"") -> 0.14572924 | H9: 0510262
A10: 1 | B10: =IFERROR(VLOOKUP(H10,'[1]Consolidado MP Planta'!$A$2:$M$823,3,0),"") -> CANELA EN POLVO BADIA (UND: 1.82 K) | C10: =+A10 -> 1 | D10: =IFERROR(VLOOKUP(H10,'[1]Consolidado MP Planta'!$A$2:$M$823,13,0),"") -> Gramos | E10: 9.39 | F10: =IFERROR(C10*E10,"") -> 9.39 | G10: =IFERROR(F10/$F$66,"") -> 0.0024576105 | H10: 10100122
B11: =IFERROR(VLOOKUP(H11,'[1]Consolidado MP Planta'!$A$2:$M$823,3,0),"") | C11: =+A11 -> 0 | D11: =IFERROR(VLOOKUP(H11,'[1]Consolidado MP Planta'!$A$2:$M$823,13,0),"") | E11: =IFERROR(VLOOKUP(H11,'[1]Consolidado MP Planta'!$A$2:$M$823,12,0),"") | F11: =IFERROR(C11*E11,"") | G11: =IFERROR(F11/$F$66,"")
B12: =IFERROR(VLOOKUP(H12,'[1]Consolidado MP Planta'!$A$2:$M$823,3,0),"") | C12: =+A12 -> 0 | D12: =IFERROR(VLOOKUP(H12,'[1]Consolidado MP Planta'!$A$2:$M$823,13,0),"") | E12: =IFERROR(VLOOKUP(H12,'[1]Consolidado MP Planta'!$A$2:$M$823,12,0),"") | F12: =IFERROR(C12*E12,"") | G12: =IFERROR(F12/$F$66,"")
B13: =IFERROR(VLOOKUP(H13,'[1]Consolidado MP Planta'!$A$2:$M$823,3,0),"") | C13: =+A13 -> 0 | D13: =IFERROR(VLOOKUP(H13,'[1]Consolidado MP Planta'!$A$2:$M$823,13,0),"") | E13: =IFERROR(VLOOKUP(H13,'[1]Consolidado MP Planta'!$A$2:$M$823,12,0),"") | F13: =IFERROR(C13*E13,"") | G13: =IFERROR(F13/$F$66,"")
B14: =IFERROR(VLOOKUP(H14,'[1]Consolidado MP Planta'!$A$2:$M$823,3,0),"") | C14: =+A14 -> 0 | D14: =IFERROR(VLOOKUP(H14,'[1]Consolidado MP Planta'!$A$2:$M$823,13,0),"") | E14: =IFERROR(VLOOKUP(H14,'[1]Consolidado MP Planta'!$A$2:$M$823,12,0),"") | F14: =IFERROR(C14*E14,"") | G14: =IFERROR(F14/$F$66,"")
B15: =IFERROR(VLOOKUP(H15,'[2]ARTICULOS MP PLANTA'!$A$2:$G$589,2,0),"")
A16: UNIDADES | B16: MATERIA PRIMA SEMIELABORADOS | C16: UNIDADES | D16: UND MEDIDA | E16: COSTO UNITARIO | F16: TOTAL COSTO | G16: % PREC. DEFINIDO | H16: CODIGOS
A17: 1 | B17: TURRON DE CHOCOLATE Y PECANAS | C17: =+A17 -> 1 | D17: UND | E17: =+'Costo Rosquete '!H53 -> 659.91442 | F17: =IFERROR(E17*C17,"") -> 659.91442 | G17: =IFERROR(F17/$F$66,"") -> 0.172717 | H17: NUEVO
A18: 1 | B18: CHEESE CAKE DE DULCE DE LECHE | C18: =+A18 -> 1 | D18: UND | E18: =+'Costo Chesse Cake Dulce Leche '!H59 -> 1233.7689 | F18: =IFERROR(E18*C18,"") -> 1233.7689 | G18: =IFERROR(F18/$F$66,"") -> 0.32290984 | H18: NUEVO
A19: 240 | B19: SUSPIRO LIMEÑO | C19: =+A19 -> 240 | D19: Gramos | E19: =+#REF! -> #REF! | F19: =IFERROR(E19*C19,"") | G19: =IFERROR(F19/$F$66,"") | H19: NUEVO
A20: 70 | B20: CREMA DE VINO TINTO | C20: =+A20 -> 70 | D20: Gramos | E20: =+'Costo Crema Vino tinto'!E69 -> 3.5948921 | F20: =IFERROR(E20*C20,"") -> 251.64245 | G20: =IFERROR(F20/$F$66,"") -> 0.065861461 | H20: NUEVO
B21: =IFERROR(VLOOKUP(H21,[1]SEMIELABORADOS!$A$2:$M$6000,2,0),"") | C21: =+A21 -> 0 | D21: =IFERROR(VLOOKUP(H21,[1]SEMIELABORADOS!$A$2:$M$6000,6,0),"") | E21: =IFERROR(VLOOKUP(H21,[1]SEMIELABORADOS!$A$2:$H$65536,8,0),"") | F21: =IFERROR(E21*C21,"") | G21: =IFERROR(F21/$F$66,"")
B22: =IFERROR(VLOOKUP(H22,[1]SEMIELABORADOS!$A$2:$M$6000,2,0),"") | C22: =+A22 -> 0 | D22: =IFERROR(VLOOKUP(H22,[1]SEMIELABORADOS!$A$2:$M$6000,6,0),"") | E22: =IFERROR(VLOOKUP(H22,[1]SEMIELABORADOS!$A$2:$H$65536,8,0),"") | F22: =IFERROR(E22*C22,"") | G22: =IFERROR(F22/$F$66,"")
B23: =IFERROR(VLOOKUP(H23,[1]SEMIELABORADOS!$A$2:$M$6000,2,0),"") | C23: =+A23 -> 0 | D23: =IFERROR(VLOOKUP(H23,[1]SEMIELABORADOS!$A$2:$M$6000,6,0),"") | E23: =IFERROR(VLOOKUP(H23,[1]SEMIELABORADOS!$A$2:$H$65536,8,0),"") | F23: =IFERROR(E23*C23,"") | G23: =IFERROR(F23/$F$66,"")
B24: =IFERROR(VLOOKUP(H24,[1]SEMIELABORADOS!$A$2:$M$6000,2,0),"") | C24: =+A24 -> 0 | D24: =IFERROR(VLOOKUP(H24,[1]SEMIELABORADOS!$A$2:$M$6000,6,0),"") | E24: =IFERROR(VLOOKUP(H24,[1]SEMIELABORADOS!$A$2:$H$65536,8,0),"") | F24: =IFERROR(E24*C24,"") | G24: =IFERROR(F24/$F$66,"")
A26: UNIDADES | B26: EMPAQUE | C26: UNIDADES | D26: UND MEDIDA | E26: COSTO UNITARIO | F26: TOTAL COSTO | G26: % PREC. DEFINIDO | H26: CODIGOS
A27: 1 | B27: =IFERROR(VLOOKUP(H27,'[1]Consolidado MP Planta'!$A$2:$M$823,3,0),"") -> ORLA #9 DORADA (UND) | C27: =+A27 -> 1 | D27: =IFERROR(VLOOKUP(H27,'[1]Consolidado MP Planta'!$A$2:$M$823,13,0),"") -> Und | E27: 135 | F27: =IFERROR(C27*E27,"") -> 135 | G27: =IFERROR(F27/$F$66,"") -> 0.035333058 | H27: 1950693
A28: 1 | B28: QUEQUERA RED C/BASE ALTA 9" (CAJA:100 U) | C28: =+A28 -> 1 | D28: und | E28: 463.63 | F28: =IFERROR(C28*E28,"") -> 463.63 | G28: =IFERROR(F28/$F$66,"") -> 0.12134419 | H28: 51400021
A29: 1 | B29: =IFERROR(VLOOKUP(H29,'[1]Consolidado MP Planta'!$A$2:$M$823,3,0),"") -> ETIQUETA BLANCA 2 5/8X1 15/16 (UND) | C29: =+A29 -> 1 | D29: =IFERROR(VLOOKUP(H29,'[1]Consolidado MP Planta'!$A$2:$M$823,13,0),"") -> Und | E29: =IFERROR(VLOOKUP(H29,'[1]Consolidado MP Planta'!$A$2:$M$823,12,0),"") -> 2.128 | F29: =IFERROR(C29*E29,"") -> 2.128 | G29: =IFERROR(F29/$F$66,"") -> 0.00055695369 | H29: 0702123
A30: 1 | B30: =IFERROR(VLOOKUP(H30,'[1]Consolidado MP Planta'!$A$2:$M$823,3,0),"") -> ETIQ.BLANCA 1 1/4 * 3/4 (UND) | C30: =+A30 -> 1 | D30: =IFERROR(VLOOKUP(H30,'[1]Consolidado MP Planta'!$A$2:$M$823,13,0),"") -> Und | E30: =IFERROR(VLOOKUP(H30,'[1]Consolidado MP Planta'!$A$2:$M$823,12,0),"") -> 0.58 | F30: =IFERROR(C30*E30,"") -> 0.58 | G30: =IFERROR(F30/$F$66,"") -> 0.00015180129 | H30: 0702069
A31: 1 | B31: =IFERROR(VLOOKUP(H31,'[1]Consolidado MP Planta'!$A$2:$M$823,3,0),"") -> ETIQ.FECHA VENCIMIENTO VERDE (ROLLO) | C31: =+A31 -> 1 | D31: =IFERROR(VLOOKUP(H31,'[1]Consolidado MP Planta'!$A$2:$M$823,13,0),"") -> Und | E31: =IFERROR(VLOOKUP(H31,'[1]Consolidado MP Planta'!$A$2:$M$823,12,0),"") -> 0.33333333 | F31: =IFERROR(C31*E31,"") -> 0.33333333 | G31: =IFERROR(F31/$F$66,"") -> 8.7242119e-05 | H31: 0702012
A32: 60 | B32: =IFERROR(VLOOKUP(H32,'[1]Consolidado MP Planta'!$A$2:$M$823,3,0),"") -> CINTA ADHESIVA TRANSPARENT 2*100 M (UND) | C32: =+A32 -> 60 | D32: =IFERROR(VLOOKUP(H32,'[1]Consolidado MP Planta'!$A$2:$M$823,13,0),"") -> Cm | E32: =IFERROR(VLOOKUP(H32,'[1]Consolidado MP Planta'!$A$2:$M$823,12,0),"") -> 0.175 | F32: =IFERROR(C32*E32,"") -> 10.5 | G32: =IFERROR(F32/$F$66,"") -> 0.0027481267 | H32: 703020
A34: UNIDADES | B34: EMPAQUE SEMIELABORADOS | C34: UNIDADES | D34: UND MEDIDA | E34: COSTO UNITARIO | F34: TOTAL COSTO | G34: % PREC. DEFINIDO | H34: CODIGOS
A35: =+A17 -> 1 | B35: TURRON DE CHOCOLATE Y PECANAS | C35: =+A35 -> 1 | D35: UND | E35: =+'Costo Rosquete '!H54 -> 22.88769 | F35: =IFERROR(E35*C35,"") -> 22.88769 | G35: =IFERROR(F35/$F$66,"") -> 0.0059903118 | H35: NUEVO
A36: =+A18 -> 1 | B36: CHEESE CAKE DE DULCE DE LECHE | C36: =+A36 -> 1 | D36: UND | E36: =+'Costo Chesse Cake Dulce Leche '!H60 -> 0.0030982906 | F36: =IFERROR(E36*C36,"") -> 0.0030982906 | G36: =IFERROR(F36/$F$66,"") -> 8.1090431e-07 | H36: NUEVO
A37: =+A19 -> 240 | B37: SUSPIRO LIMEÑO | C37: =+A37 -> 240 | D37: Gramos | E37: =+[3]Hoja1!$M$17 -> 0 | F37: =IFERROR(E37*C37,"") -> 0 | G37: =IFERROR(F37/$F$66,"") -> 0 | H37: NUEVO
A38: =+A20 -> 70 | B38: CREMA DE VINO TINTO | C38: =+A38 -> 70 | D38: Gramos | E38: =+'Costo Crema Vino tinto'!E76 -> 3.258427e-05 | F38: =IFERROR(E38*C38,"") -> 0.0022808989 | G38: =IFERROR(F38/$F$66,"") -> 5.9697135e-07 | H38: NUEVO
A39: =+A21 -> 0 | B39: =IFERROR(VLOOKUP(H39,[1]SEMIELABORADOS!$A$2:$M$6000,2,0),"") | C39: =+A39 -> 0 | D39: =IFERROR(VLOOKUP(H39,[1]SEMIELABORADOS!$A$2:$M$6000,6,0),"") | E39: =IFERROR(VLOOKUP(H39,[1]SEMIELABORADOS!$A$2:$M$65536,10,0),"") | F39: =IFERROR(E39*C39,"") | G39: =IFERROR(F39/$F$66,"")
A40: =+A22 -> 0 | B40: =IFERROR(VLOOKUP(H40,[1]SEMIELABORADOS!$A$2:$M$6000,2,0),"") | C40: =+A40 -> 0 | D40: =IFERROR(VLOOKUP(H40,[1]SEMIELABORADOS!$A$2:$M$6000,6,0),"") | E40: =IFERROR(VLOOKUP(H40,[1]SEMIELABORADOS!$A$2:$M$65536,10,0),"") | F40: =IFERROR(E40*C40,"") | G40: =IFERROR(F40/$F$66,"")
A41: =+A23 -> 0 | B41: =IFERROR(VLOOKUP(H41,[1]SEMIELABORADOS!$A$2:$M$6000,2,0),"") | C41: =+A41 -> 0 | D41: =IFERROR(VLOOKUP(H41,[1]SEMIELABORADOS!$A$2:$M$6000,6,0),"") | E41: =IFERROR(VLOOKUP(H41,[1]SEMIELABORADOS!$A$2:$M$65536,10,0),"") | F41: =IFERROR(E41*C41,"") | G41: =IFERROR(F41/$F$66,"")
A43: UNIDADES | B43: MODI | C43: UNIDADES | D43: UND MEDIDA | E43: COSTO UNITARIO | F43: TOTAL COSTO | G43: % PREC. DEFINIDO | H43: CODIGOS
A44: =+A35 -> 1 | B44: TURRON DE CHOCOLATE Y PECANAS | C44: =+A44 -> 1 | D44: UND | E44: =+'Costo Rosquete '!H56 -> 74.884314 | F44: =IFERROR(E44*C44,"") -> 74.884314 | G44: =IFERROR(F44/$F$66,"") -> 0.019599199 | H44: NUEVO
A45: =+A36 -> 1 | B45: CHEESE CAKE DE DULCE DE LECHE | C45: =+A45 -> 1 | D45: UND | E45: =+'Costo Chesse Cake Dulce Leche '!H62 -> 51.666667 | F45: =IFERROR(E45*C45,"") -> 51.666667 | G45: =IFERROR(F45/$F$66,"") -> 0.013522528 | H45: NUEVO
A46: =+A37 -> 240 | B46: SUSPIRO LIMEÑO | C46: =+A46 -> 240 | D46: Gramos | E46: =+#REF! -> #REF! | F46: =IFERROR(E46*C46,"") | G46: =IFERROR(F46/$F$66,"") | H46: NUEVO
A47: =+A38 -> 70 | B47: CREMA DE VINO TINTO | C47: =+A47 -> 70 | D47: Gramos | E47: =+'Costo Crema Vino tinto'!E74 -> 0.03258427 | F47: =IFERROR(E47*C47,"") -> 2.2808989 | G47: =IFERROR(F47/$F$66,"") -> 0.00059697135 | H47: NUEVO
A48: =+A39 -> 0 | B48: =IFERROR(VLOOKUP(H48,[1]SEMIELABORADOS!$A$2:$M$6000,2,0),"") | C48: =+A48 -> 0 | D48: =IFERROR(VLOOKUP(H48,[1]SEMIELABORADOS!$A$2:$M$6000,6,0),"") | E48: =IFERROR(VLOOKUP(H48,[1]SEMIELABORADOS!$A$2:$M$65536,12,0),"") | F48: =IFERROR(E48*C48,"") | G48: =IFERROR(F48/$F$66,"")
A49: =+A40 -> 0 | B49: =IFERROR(VLOOKUP(H49,[1]SEMIELABORADOS!$A$2:$M$6000,2,0),"") | C49: =+A49 -> 0 | D49: =IFERROR(VLOOKUP(H49,[1]SEMIELABORADOS!$A$2:$M$6000,6,0),"") | E49: =IFERROR(VLOOKUP(H49,[1]SEMIELABORADOS!$A$2:$M$65536,12,0),"") | F49: =IFERROR(E49*C49,"") | G49: =IFERROR(F49/$F$66,"")
A50: =+A41 -> 0 | B50: =IFERROR(VLOOKUP(H50,[1]SEMIELABORADOS!$A$2:$M$6000,2,0),"") | C50: =+A50 -> 0 | D50: =IFERROR(VLOOKUP(H50,[1]SEMIELABORADOS!$A$2:$M$6000,6,0),"") | E50: =IFERROR(VLOOKUP(H50,[1]SEMIELABORADOS!$A$2:$M$65536,12,0),"") | F50: =IFERROR(E50*C50,"") | G50: =IFERROR(F50/$F$66,"")
A51: 1 | B51: MODI PREPARACION | C51: =+A51 -> 1 | D51: N/A | E51: =+F65 -> 406 | F51: =IFERROR(C51*E51,"") -> 406 | G51: =IFERROR(F51/$F$66,"") -> 0.1062609
B53: TOTAL MATERIA PRIMA | F53: =SUM(F8:F14,F17:F24) -> 2725.2158 | G53: =+F53/$F$66 -> 0.71326079 | H53: =+F53/$D$60 -> 2725.2158
B54: TOTAL EMPAQUE | F54: =SUM(F27:F32,F35:F41) -> 635.0644 | G54: =+F54/$F$66 -> 0.16621309 | H54: =+F54/$D$60 -> 635.0644 | K54: TOTAL MATERIA PRIMA + EMPAQUE | O54: =+F55 -> 3360.2802
B55: TOTAL MATERIAS P. + EMPAQUES | F55: =+F53+F54 -> 3360.2802 | G55: =+F55/$F$66 -> 0.87947388 | H55: =+F55/$D$60 -> 3360.2802 | M55: MODI PLANTA | O55: =+H56 -> 534.83188
C56: TOTAL MODI | F56: =SUM(F44:F51) -> 534.83188 | G56: =+F56/$F$66 -> 0.1399796 | H56: =+F56/$D$60 -> 534.83188 | M56: DESECHO | O56: =O54*N56 -> 0
M57: COSTO PLANTA | O57: =SUM(O54:O56) -> 3895.112
B58: GRAMOS | D58: 1070 | M58: % MK | N58: 0.16 | O58: =+O54*N58 -> 537.64483
B59: PESO POR UNIDAD | D59: 1070 | M59: COSTO PLANTA | O59: =SUM(O57:O58) -> 4432.7569
B60: UNIDADES TOTALES | D60: =+D58/D59 -> 1 | O60: =+O59*N60 -> 0
B61: UNIDAD MEDIDA | K61: PRECIO DE VENTA PLANTA A LOCAL | O61: =SUM(O59:O60) -> 4432.7569 | P61: GR
E62: S/ COSTO | F62: TOTAL | L62: UNIDAD | O62: =+O61/D60 -> 4432.7569 | P62: =+O62/D59 -> 4.1427634
B63: TOTAL MATERIAS P. + EMPAQUES | E63: =+F63/F63 -> 1 | F63: =SUM(F55) -> 3360.2802 | G63: =+F63/$F$66 -> 0.87947388
B64: DESECHOS Y PERDIDAS | E64: 0.02 | F64: =+F53*E64 -> 54.504315 | G64: =+F64/$F$66 -> 0.014265216
B65: MANO OBRA DIRECTA | D65: 7 | E65: 58 | F65: =+E65*D65 -> 406 | G65: =+F65/$F$66 -> 0.1062609
B66: TOTAL COSTO PLANTA | F66: =SUM(F63:F65) -> 3820.7845 | G66: =+F66/$F$66 -> 1 | M66: MODI 58 COLONES X MIN
M67: Gf 57 colones min
B68: COSTO POR GRAMO
B69: TOTAL COSTO MATERIA PRIMA | C69: =+F53 -> 2725.2158 | D69: =+D58 -> 1070 | E69: =+C69/D69 -> 2.5469306
B71: TOTAL COSTO UNIDAD MP+DESECHO+EMPAQUE | C71: =SUM(F63:F64) -> 3414.7845 | D71: =+D58 -> 1070 | E71: =+C71/D71 -> 3.1913874
B73: TOTAL MODI PREPARACION POR GRAMO | C73: =+F65 -> 406 | D73: =+D58 -> 1070 | E73: =+C73/D73 -> 0.37943925
B74: TOTAL MODI POR GRAMO | C74: =+F56 -> 534.83188 | D74: =+D73 -> 1070 | E74: =+C74/D74 -> 0.49984288
B76: TOTAL EMPAQUE POR GRAMO | C76: =+F54 -> 635.0644 | D76: =+D74 -> 1070 | E76: =+C76/D76 -> 0.59351813
B78: TOTAL GRAMO MP+MODI | E78: =+E69+E74 -> 3.0467735
B80: COSTO POR UNIDAD
B81: TOTAL COSTO MATERIA PRIMA | C81: =+C69 -> 2725.2158 | D81: =+D60 -> 1 | E81: =+C81/D81 -> 2725.2158
B83: TOTAL COSTO UNIDAD MP+DESECHO+EMPAQUE | C83: =+C71 -> 3414.7845 | D83: =+D60 -> 1 | E83: =+C83/D83 -> 3414.7845
B85: TOTAL MODI POR GRAMO | C85: =+C73 -> 406 | D85: =+D60 -> 1 | E85: =+C85/D85 -> 406
B86: TOTAL MODI POR GRAMO | C86: =+C74 -> 534.83188 | D86: =+D85 -> 1 | E86: =+C86/D86 -> 534.83188

Sheet Costo ensamble Industria 
E1: Precio Local | F1: Costo MP | G1: Costo EM | H1: Costo MO
E2: =IFERROR(O63,"") -> 4474.4009 | F2: =IFERROR(H54,"") -> 2725.2158 | G2: =IFERROR(H55,"") -> 670.9644 | H2: =IFERROR(H57,"") -> 534.83188
A5: ESTRUCTURA DE COSTOS
F6: Fecha: | H6: =TODAY() -> 45663
A7: UNIDADES | B7: DESCRIPCION MAT.PRIMA | C7: UNIDADES | D7: UND MEDIDA | E7: COSTO UNITARIO | F7: TOTAL COSTO | G7: % PREC. DEFINIDO | H7: CODIGOS
A8: 10 | B8: =IFERROR(VLOOKUP(H8,'[1]Consolidado MP Planta'!$A$2:$M$823,3,0),"") -> ACEITE CAPULLO RBD (UND:17 L) | C8: =+A8 -> 10 | D8: =IFERROR(VLOOKUP(H8,'[1]Consolidado MP Planta'!$A$2:$M$823,13,0),"") -> Mililitros | E8: 1.37 | F8: =IFERROR(C8*E8,"") -> 13.7 | G8: =IFERROR(F8/$F$67,"") -> 0.003552274 | H8: 10100050
A9: 60 | B9: =IFERROR(VLOOKUP(H9,'[1]Consolidado MP Planta'!$A$2:$M$823,3,0),"") -> PECANA ENTERA (CAJA:13.6 K) | C9: =+A9 -> 60 | D9: =IFERROR(VLOOKUP(H9,'[1]Consolidado MP Planta'!$A$2:$M$823,13,0),"") -> Gramos | E9: 9.28 | F9: =IFERROR(C9*E9,"") -> 556.8 | G9: =IFERROR(F9/$F$67,"") -> 0.14437271 | H9: 0510262
A10: 1 | B10: =IFERROR(VLOOKUP(H10,'[1]Consolidado MP Planta'!$A$2:$M$823,3,0),"") -> CANELA EN POLVO BADIA (UND: 1.82 K) | C10: =+A10 -> 1 | D10: =IFERROR(VLOOKUP(H10,'[1]Consolidado MP Planta'!$A$2:$M$823,13,0),"") -> Gramos | E10: 9.39 | F10: =IFERROR(C10*E10,"") -> 9.39 | G10: =IFERROR(F10/$F$67,"") -> 0.0024347338 | H10: 10100122
B11: =IFERROR(VLOOKUP(H11,'[1]Consolidado MP Planta'!$A$2:$M$823,3,0),"") | C11: =+A11 -> 0 | D11: =IFERROR(VLOOKUP(H11,'[1]Consolidado MP Planta'!$A$2:$M$823,13,0),"") | E11: =IFERROR(VLOOKUP(H11,'[1]Consolidado MP Planta'!$A$2:$M$823,12,0),"") | F11: =IFERROR(C11*E11,"") | G11: =IFERROR(F11/$F$67,"")
B12: =IFERROR(VLOOKUP(H12,'[1]Consolidado MP Planta'!$A$2:$M$823,3,0),"") | C12: =+A12 -> 0 | D12: =IFERROR(VLOOKUP(H12,'[1]Consolidado MP Planta'!$A$2:$M$823,13,0),"") | E12: =IFERROR(VLOOKUP(H12,'[1]Consolidado MP Planta'!$A$2:$M$823,12,0),"") | F12: =IFERROR(C12*E12,"") | G12: =IFERROR(F12/$F$67,"")
B13: =IFERROR(VLOOKUP(H13,'[1]Consolidado MP Planta'!$A$2:$M$823,3,0),"") | C13: =+A13 -> 0 | D13: =IFERROR(VLOOKUP(H13,'[1]Consolidado MP Planta'!$A$2:$M$823,13,0),"") | E13: =IFERROR(VLOOKUP(H13,'[1]Consolidado MP Planta'!$A$2:$M$823,12,0),"") | F13: =IFERROR(C13*E13,"") | G13: =IFERROR(F13/$F$67,"")
B14: =IFERROR(VLOOKUP(H14,'[1]Consolidado MP Planta'!$A$2:$M$823,3,0),"") | C14: =+A14 -> 0 | D14: =IFERROR(VLOOKUP(H14,'[1]Consolidado MP Planta'!$A$2:$M$823,13,0),"") | E14: =IFERROR(VLOOKUP(H14,'[1]Consolidado MP Planta'!$A$2:$M$823,12,0),"") | F14: =IFERROR(C14*E14,"") | G14: =IFERROR(F14/$F$67,"")
B15: =IFERROR(VLOOKUP(H15,'[2]ARTICULOS MP PLANTA'!$A$2:$G$589,2,0),"")
A16: UNIDADES | B16: MATERIA PRIMA SEMIELABORADOS | C16: UNIDADES | D16: UND MEDIDA | E16: COSTO UNITARIO | F16: TOTAL COSTO | G16: % PREC. DEFINIDO | H16: CODIGOS
A17: 1 | B17: TURRON DE CHOCOLATE Y PECANAS | C17: =+A17 -> 1 | D17: UND | E17: =+'Costo Rosquete '!H53 -> 659.91442 | F17: =IFERROR(E17*C17,"") -> 659.91442 | G17: =IFERROR(F17/$F$67,"") -> 0.17110926 | H17: NUEVO
A18: 1 | B18: CHEESE CAKE DE DULCE DE LECHE | C18: =+A18 -> 1 | D18: UND | E18: =+'Costo Chesse Cake Dulce Leche '!H59 -> 1233.7689 | F18: =IFERROR(E18*C18,"") -> 1233.7689 | G18: =IFERROR(F18/$F$67,"") -> 0.31990403 | H18: NUEVO
A19: 240 | B19: SUSPIRO LIMEÑO | C19: =+A19 -> 240 | D19: Gramos | E19: =+#REF! -> #REF! | F19: =IFERROR(E19*C19,"") | G19: =IFERROR(F19/$F$67,"") | H19: NUEVO
A20: 70 | B20: CREMA DE VINO TINTO | C20: =+A20 -> 70 | D20: Gramos | E20: =+'Costo Crema Vino tinto'!E69 -> 3.5948921 | F20: =IFERROR(E20*C20,"") -> 251.64245 | G20: =IFERROR(F20/$F$67,"") -> 0.065248389 | H20: NUEVO
B21: =IFERROR(VLOOKUP(H21,[1]SEMIELABORADOS!$A$2:$M$6000,2,0),"") | C21: =+A21 -> 0 | D21: =IFERROR(VLOOKUP(H21,[1]SEMIELABORADOS!$A$2:$M$6000,6,0),"") | E21: =IFERROR(VLOOKUP(H21,[1]SEMIELABORADOS!$A$2:$H$65536,8,0),"") | F21: =IFERROR(E21*C21,"") | G21: =IFERROR(F21/$F$67,"")
B22: =IFERROR(VLOOKUP(H22,[1]SEMIELABORADOS!$A$2:$M$6000,2,0),"") | C22: =+A22 -> 0 | D22: =IFERROR(VLOOKUP(H22,[1]SEMIELABORADOS!$A$2:$M$6000,6,0),"") | E22: =IFERROR(VLOOKUP(H22,[1]SEMIELABORADOS!$A$2:$H$65536,8,0),"") | F22: =IFERROR(E22*C22,"") | G22: =IFERROR(F22/$F$67,"")
B23: =IFERROR(VLOOKUP(H23,[1]SEMIELABORADOS!$A$2:$M$6000,2,0),"") | C23: =+A23 -> 0 | D23: =IFERROR(VLOOKUP(H23,[1]SEMIELABORADOS!$A$2:$M$6000,6,0),"") | E23: =IFERROR(VLOOKUP(H23,[1]SEMIELABORADOS!$A$2:$H$65536,8,0),"") | F23: =IFERROR(E23*C23,"") | G23: =IFERROR(F23/$F$67,"")
B24: =IFERROR(VLOOKUP(H24,[1]SEMIELABORADOS!$A$2:$M$6000,2,0),"") | C24: =+A24 -> 0 | D24: =IFERROR(VLOOKUP(H24,[1]SEMIELABORADOS!$A$2:$M$6000,6,0),"") | E24: =IFERROR(VLOOKUP(H24,[1]SEMIELABORADOS!$A$2:$H$65536,8,0),"") | F24: =IFERROR(E24*C24,"") | G24: =IFERROR(F24/$F$67,"")
A26: UNIDADES | B26: EMPAQUE | C26: UNIDADES | D26: UND MEDIDA | E26: COSTO UNITARIO | F26: TOTAL COSTO | G26: % PREC. DEFINIDO | H26: CODIGOS
A27: 1 | B27: =IFERROR(VLOOKUP(H27,'[1]Consolidado MP Planta'!$A$2:$M$823,3,0),"") -> ORLA #9 DORADA (UND) | C27: =+A27 -> 1 | D27: =IFERROR(VLOOKUP(H27,'[1]Consolidado MP Planta'!$A$2:$M$823,13,0),"") -> Und | E27: 135 | F27: =IFERROR(C27*E27,"") -> 135 | G27: =IFERROR(F27/$F$67,"") -> 0.03500416 | H27: 1950693
A28: 1 | B28: QUEQUERA RED C/BASE ALTA 9" (CAJA:100 U) | C28: =+A28 -> 1 | D28: und | E28: 463.63 | F28: =IFERROR(C28*E28,"") -> 463.63 | G28: =IFERROR(F28/$F$67,"") -> 0.12021466 | H28: 51400021
A29: 1 | B29: =IFERROR(VLOOKUP(H29,'[1]Consolidado MP Planta'!$A$2:$M$823,3,0),"") -> ETIQUETA BLANCA 2 5/8X1 15/16 (UND) | C29: =+A29 -> 1 | D29: =IFERROR(VLOOKUP(H29,'[1]Consolidado MP Planta'!$A$2:$M$823,13,0),"") -> Und | E29: =IFERROR(VLOOKUP(H29,'[1]Consolidado MP Planta'!$A$2:$M$823,12,0),"") -> 2.128 | F29: =IFERROR(C29*E29,"") -> 2.128 | G29: =IFERROR(F29/$F$67,"") -> 0.00055176928 | H29: 0702123
A30: 1 | B30: =IFERROR(VLOOKUP(H30,'[1]Consolidado MP Planta'!$A$2:$M$823,3,0),"") -> ETIQ.BLANCA 1 1/4 * 3/4 (UND) | C30: =+A30 -> 1 | D30: =IFERROR(VLOOKUP(H30,'[1]Consolidado MP Planta'!$A$2:$M$823,13,0),"") -> Und | E30: =IFERROR(VLOOKUP(H30,'[1]Consolidado MP Planta'!$A$2:$M$823,12,0),"") -> 0.58 | F30: =IFERROR(C30*E30,"") -> 0.58 | G30: =IFERROR(F30/$F$67,"") -> 0.00015038824 | H30: 0702069
A31: 1 | B31: =IFERROR(VLOOKUP(H31,'[1]Consolidado MP Planta'!$A$2:$M$823,3,0),"") -> ETIQUETA IMP. SPOON MEDIANA V-273 (UND) | C31: =+A31 -> 1 | D31: =IFERROR(VLOOKUP(H31,'[1]Consolidado MP Planta'!$A$2:$M$823,13,0),"") -> Und | E31: =IFERROR(VLOOKUP(H31,'[1]Consolidado MP Planta'!$A$2:$M$823,12,0),"") -> 35.9 | F31: =IFERROR(C31*E31,"") -> 35.9 | G31: =IFERROR(F31/$F$67,"") -> 0.0093085136 | H31: 702182
A32: 1 | B32: =IFERROR(VLOOKUP(H32,'[1]Consolidado MP Planta'!$A$2:$M$823,3,0),"") -> ETIQ.FECHA VENCIMIENTO VERDE (ROLLO) | C32: =+A32 -> 1 | D32: =IFERROR(VLOOKUP(H32,'[1]Consolidado MP Planta'!$A$2:$M$823,13,0),"") -> Und | E32: =IFERROR(VLOOKUP(H32,'[1]Consolidado MP Planta'!$A$2:$M$823,12,0),"") -> 0.33333333 | F32: =IFERROR(C32*E32,"") -> 0.33333333 | G32: =IFERROR(F32/$F$67,"") -> 8.6430024e-05 | H32: 0702012
A33: 60 | B33: =IFERROR(VLOOKUP(H33,'[1]Consolidado MP Planta'!$A$2:$M$823,3,0),"") -> CINTA ADHESIVA TRANSPARENT 2*100 M (UND) | C33: =+A33 -> 60 | D33: =IFERROR(VLOOKUP(H33,'[1]Consolidado MP Planta'!$A$2:$M$823,13,0),"") -> Cm | E33: =IFERROR(VLOOKUP(H33,'[1]Consolidado MP Planta'!$A$2:$M$823,12,0),"") -> 0.175 | F33: =IFERROR(C33*E33,"") -> 10.5 | G33: =IFERROR(F33/$F$67,"") -> 0.0027225458 | H33: 703020
A35: UNIDADES | B35: EMPAQUE SEMIELABORADOS | C35: UNIDADES | D35: UND MEDIDA | E35: COSTO UNITARIO | F35: TOTAL COSTO | G35: % PREC. DEFINIDO | H35: CODIGOS
A36: =+A17 -> 1 | B36: TURRON DE CHOCOLATE Y PECANAS | C36: =+A36 -> 1 | D36: UND | E36: =+'Costo Rosquete '!H54 -> 22.88769 | F36: =IFERROR(E36*C36,"") -> 22.88769 | G36: =IFERROR(F36/$F$67,"") -> 0.0059345509 | H36: NUEVO
A37: =+A18 -> 1 | B37: CHEESE CAKE DE DULCE DE LECHE | C37: =+A37 -> 1 | D37: UND | E37: =+'Costo Chesse Cake Dulce Leche '!H60 -> 0.0030982906 | F37: =IFERROR(E37*C37,"") -> 0.0030982906 | G37: =IFERROR(F37/$F$67,"") -> 8.03356e-07 | H37: NUEVO
A38: =+A19 -> 240 | B38: SUSPIRO LIMEÑO | C38: =+A38 -> 240 | D38: Gramos | E38: =+[3]Hoja1!$M$17 -> 0 | F38: =IFERROR(E38*C38,"") -> 0 | G38: =IFERROR(F38/$F$67,"") -> 0 | H38: NUEVO
A39: =+A20 -> 70 | B39: CREMA DE VINO TINTO | C39: =+A39 -> 70 | D39: Gramos | E39: =+'Costo Crema Vino tinto'!E76 -> 3.258427e-05 | F39: =IFERROR(E39*C39,"") -> 0.0022808989 | G39: =IFERROR(F39/$F$67,"") -> 5.9141444e-07 | H39: NUEVO
A40: =+A21 -> 0 | B40: =IFERROR(VLOOKUP(H40,[1]SEMIELABORADOS!$A$2:$M$6000,2,0),"") | C40: =+A40 -> 0 | D40: =IFERROR(VLOOKUP(H40,[1]SEMIELABORADOS!$A$2:$M$6000,6,0),"") | E40: =IFERROR(VLOOKUP(H40,[1]SEMIELABORADOS!$A$2:$M$65536,10,0),"") | F40: =IFERROR(E40*C40,"") | G40: =IFERROR(F40/$F$67,"")
A41: =+A22 -> 0 | B41: =IFERROR(VLOOKUP(H41,[1]SEMIELABORADOS!$A$2:$M$6000,2,0),"") | C41: =+A41 -> 0 | D41: =IFERROR(VLOOKUP(H41,[1]SEMIELABORADOS!$A$2:$M$6000,6,0),"") | E41: =IFERROR(VLOOKUP(H41,[1]SEMIELABORADOS!$A$2:$M$65536,10,0),"") | F41: =IFERROR(E41*C41,"") | G41: =IFERROR(F41/$F$67,"")
A42: =+A23 -> 0 | B42: =IFERROR(VLOOKUP(H42,[1]SEMIELABORADOS!$A$2:$M$6000,2,0),"") | C42: =+A42 -> 0 | D42: =IFERROR(VLOOKUP(H42,[1]SEMIELABORADOS!$A$2:$M$6000,6,0),"") | E42: =IFERROR(VLOOKUP(H42,[1]SEMIELABORADOS!$A$2:$M$65536,10,0),"") | F42: =IFERROR(E42*C42,"") | G42: =IFERROR(F42/$F$67,"")
A44: UNIDADES | B44: MODI | C44: UNIDADES | D44: UND MEDIDA | E44: COSTO UNITARIO | F44: TOTAL COSTO | G44: % PREC. DEFINIDO | H44: CODIGOS
A45: =+A36 -> 1 | B45: TURRON DE CHOCOLATE Y PECANAS | C45: =+A45 -> 1 | D45: UND | E45: =+'Costo Rosquete '!H56 -> 74.884314 | F45: =IFERROR(E45*C45,"") -> 74.884314 | G45: =IFERROR(F45/$F$67,"") -> 0.019416759 | H45: NUEVO
A46: =+A37 -> 1 | B46: CHEESE CAKE DE DULCE DE LECHE | C46: =+A46 -> 1 | D46: UND | E46: =+'Costo Chesse Cake Dulce Leche '!H62 -> 51.666667 | F46: =IFERROR(E46*C46,"") -> 51.666667 | G46: =IFERROR(F46/$F$67,"") -> 0.013396654 | H46: NUEVO
A47: =+A38 -> 240 | B47: SUSPIRO LIMEÑO | C47: =+A47 -> 240 | D47: Gramos | E47: =+#REF! -> #REF! | F47: =IFERROR(E47*C47,"") | G47: =IFERROR(F47/$F$67,"") | H47: NUEVO
A48: =+A39 -> 70 | B48: CREMA DE VINO TINTO | C48: =+A48 -> 70 | D48: Gramos | E48: =+'Costo Crema Vino tinto'!E74 -> 0.03258427 | F48: =IFERROR(E48*C48,"") -> 2.2808989 | G48: =IFERROR(F48/$F$67,"") -> 0.00059141444 | H48: NUEVO
A49: =+A40 -> 0 | B49: =IFERROR(VLOOKUP(H49,[1]SEMIELABORADOS!$A$2:$M$6000,2,0),"") | C49: =+A49 -> 0 | D49: =IFERROR(VLOOKUP(H49,[1]SEMIELABORADOS!$A$2:$M$6000,6,0),"") | E49: =IFERROR(VLOOKUP(H49,[1]SEMIELABORADOS!$A$2:$M$65536,12,0),"") | F49: =IFERROR(E49*C49,"") | G49: =IFERROR(F49/$F$67,"")
A50: =+A41 -> 0 | B50: =IFERROR(VLOOKUP(H50,[1]SEMIELABORADOS!$A$2:$M$6000,2,0),"") | C50: =+A50 -> 0 | D50: =IFERROR(VLOOKUP(H50,[1]SEMIELABORADOS!$A$2:$M$6000,6,0),"") | E50: =IFERROR(VLOOKUP(H50,[1]SEMIELABORADOS!$A$2:$M$65536,12,0),"") | F50: =IFERROR(E50*C50,"") | G50: =IFERROR(F50/$F$67,"")
A51: =+A42 -> 0 | B51: =IFERROR(VLOOKUP(H51,[1]SEMIELABORADOS!$A$2:$M$6000,2,0),"") | C51: =+A51 -> 0 | D51: =IFERROR(VLOOKUP(H51,[1]SEMIELABORADOS!$A$2:$M$6000,6,0),"") | E51: =IFERROR(VLOOKUP(H51,[1]SEMIELABORADOS!$A$2:$M$65536,12,0),"") | F51: =IFERROR(E51*C51,"") | G51: =IFERROR(F51/$F$67,"")
A52: 1 | B52: MODI PREPARACION | C52: =+A52 -> 1 | D52: N/A | E52: =+F66 -> 406 | F52: =IFERROR(C52*E52,"") -> 406 | G52: =IFERROR(F52/$F$67,"") -> 0.10527177
B54: TOTAL MATERIA PRIMA | F54: =SUM(F8:F14,F17:F24) -> 2725.2158 | G54: =+F54/$F$67 -> 0.70662139 | H54: =+F54/$D$61 -> 2725.2158
B55: TOTAL EMPAQUE | F55: =SUM(F27:F33,F36:F42) -> 670.9644 | G55: =+F55/$F$67 -> 0.17397441 | H55: =+F55/$D$61 -> 670.9644 | K55: TOTAL MATERIA PRIMA + EMPAQUE | O55: =+F56 -> 3396.1802
B56: TOTAL MATERIAS P. + EMPAQUES | F56: =+F54+F55 -> 3396.1802 | G56: =+F56/$F$67 -> 0.8805958 | H56: =+F56/$D$61 -> 3396.1802 | M56: MODI PLANTA | O56: =+H57 -> 534.83188
C57: TOTAL MODI | F57: =SUM(F45:F52) -> 534.83188 | G57: =+F57/$F$67 -> 0.1386766 | H57: =+F57/$D$61 -> 534.83188 | M57: DESECHO | O57: =O55*N57 -> 0
M58: COSTO PLANTA | O58: =SUM(O55:O57) -> 3931.012
B59: GRAMOS | D59: 1070 | M59: % MK | N59: 0.16 | O59: =+O55*N59 -> 543.38883
B60: PESO POR UNIDAD | D60: 1070 | M60: COSTO PLANTA | O60: =SUM(O58:O59) -> 4474.4009
B61: UNIDADES TOTALES | D61: =+D59/D60 -> 1 | O61: =+O60*N61 -> 0
B62: UNIDAD MEDIDA | K62: PRECIO DE VENTA PLANTA A LOCAL | O62: =SUM(O60:O61) -> 4474.4009 | P62: GR
E63: S/ COSTO | F63: TOTAL | L63: UNIDAD | O63: =+O62/D61 -> 4474.4009 | P63: =+O63/D60 -> 4.1816831
B64: TOTAL MATERIAS P. + EMPAQUES | E64: =+F64/F64 -> 1 | F64: =SUM(F56) -> 3396.1802 | G64: =+F64/$F$67 -> 0.8805958
B65: DESECHOS Y PERDIDAS | E65: 0.02 | F65: =+F54*E65 -> 54.504315 | G65: =+F65/$F$67 -> 0.014132428
B66: MANO OBRA DIRECTA | D66: 7 | E66: 58 | F66: =+E66*D66 -> 406 | G66: =+F66/$F$67 -> 0.10527177
B67: TOTAL COSTO PLANTA | F67: =SUM(F64:F66) -> 3856.6845 | G67: =+F67/$F$67 -> 1 | M67: MODI 58 COLONES X MIN
M68: Gf 57 colones min
B69: COSTO POR GRAMO
B70: TOTAL COSTO MATERIA PRIMA | C70: =+F54 -> 2725.2158 | D70: =+D59 -> 1070 | E70: =+C70/D70 -> 2.5469306
B72: TOTAL COSTO UNIDAD MP+DESECHO+EMPAQUE | C72: =SUM(F64:F65) -> 3450.6845 | D72: =+D59 -> 1070 | E72: =+C72/D72 -> 3.2249388
B74: TOTAL MODI PREPARACION POR GRAMO | C74: =+F66 -> 406 | D74: =+D59 -> 1070 | E74: =+C74/D74 -> 0.37943925
B75: TOTAL MODI POR GRAMO | C75: =+F57 -> 534.83188 | D75: =+D74 -> 1070 | E75: =+C75/D75 -> 0.49984288
B77: TOTAL EMPAQUE POR GRAMO | C77: =+F55 -> 670.9644 | D77: =+D75 -> 1070 | E77: =+C77/D77 -> 0.62706954
B79: TOTAL GRAMO MP+MODI | E79: =+E70+E75 -> 3.0467735
B81: COSTO POR UNIDAD
B82: TOTAL COSTO MATERIA PRIMA | C82: =+C70 -> 2725.2158 | D82: =+D61 -> 1 | E82: =+C82/D82 -> 2725.2158
B84: TOTAL COSTO UNIDAD MP+DESECHO+EMPAQUE | C84: =+C72 -> 3450.6845 | D84: =+D61 -> 1 | E84: =+C84/D84 -> 3450.6845
B86: TOTAL MODI POR GRAMO | C86: =+C74 -> 406 | D86: =+D61 -> 1 | E86: =+C86/D86 -> 406
B87: TOTAL MODI POR GRAMO | C87: =+C75 -> 534.83188 | D87: =+D86 -> 1 | E87: =+C87/D87 -> 534.83188

Sheet Hoja8

Sheet Hoja9
