Workbook

Sheet Torta Frambuesa Local
C1: SERVICIOS DE PASTELERIA S.A. | H1: CÓDIGO:
C2: ESPECIFICACION DE RECETA | H2: REVISIÓN:
C3: TORTA FRAMBUESA LOCAL | H3: FECHA DE APROBACIÓN:
C4: Elaborado | D4: Mariela Barrantes Sánchez, Chef
C5: Aprobado | D5: Esteban Cartin, Gte Manufactura
A6: AREA QUE PRODUCE: | D6: Decoración | G6: AREA QUE EMPACA: | I6: Decoración
A7: # Código | B7: # Código Netsuite | C7: Descripción del ingrediente | D7: Marca | E7: Unidad Internacional | G7: Medida alternativa | I7: Costo - Referencia
E8: Cantidad | F8: Unidad medida | G8: Cantidad | H8: Unidad medida | I8: Colones
C9: Ensamble
B10: NUEVO | C10: Rosquete nucleo vainilla Dawn redondo 200g | D10: FAS | E10: 342 | F10: g | H10: 2ud Rosquetes
B11: SE00254 | C11: Leches Pasteurizada Con Agua | D11: FAS | E11: 120 | F11: g | G11: 30g x capa
B12: SE00386 | C12: Trasvasado de leche condensada cocinada | D12: FAS | E12: 330 | F12: g | G12: 180g x capa | H12: 1/3 taza
B13: NUEVO | C13: Empaque Relleno de Frambuesa | D13: FAS | E13: 249 | F13: g | G13: 83g x capa | H13: 1/3 taza
B14: SE00682 | C14: Caramelo con chocolate blanco | D14: FAS | E14: 120 | F14: g | G14: 40g xcapa | H14: 1/4 taza
C18: DECORACIÓN
B19: NUEVO | C19: Crema Rosada | D19: FAS | E19: 196 | F19: g
B20: NUEVO | C20: Empaque Relleno de Frambuesa | D20: FAS | E20: 65 | F20: g | H20: 1/4 taza
C25: EMPAQUE
B26: EM10025 | C26: ORLA CARTON 8" DORADA | E26: 1 | F26: ud
B27: NUEVA | C27: TAPA Y DOMO G50CT ALTA #9 | D27: ETIPLAST | E27: 1 | F27: ud
B28: EM10002 | C28: ETIQ.BLANCA 1 1/4 * 3/4 | D28: CEMUSA | E28: 2 | F28: ud
B29: EM10124 | C29: ETIQUETA BLANCA R-153 | D29: ETIPLAST | E29: 1 | F29: ud
B30: EM10011 | C30: ETIQUETA BLANCA 2 5/8X1 15/16 PRE BLANCA | D30: ETIPLAST | E30: 1 | F30: ud
D39: Cantidad | E39: Unidad
A40: PESO TOTAL OBTENIDO | D40: 1406 | E40: g | F40: Tiempo de Horneo:
A41: TIEMPO TOTAL DE PREPARACION | D41: 7 | E41: min | F41: Horno:
A42: CANTIDAD DE PORCIONES OBTENIDAS | D42: 1 | E42: ud | F42: Temperatura de Horneo:
A43: PESO DE CADA PORCIÓN | D43: 1406 | E43: g | F43: Otros
A44: MERMA | D44: =SUM(E10:E20)-D40 -> 16 | E44: g
A45: PROCEDIMIENTO DE PREPARACION DE LA RECETA
A46: 1, Cortas los dos rosquetes a la mitad y humedecerlos con las leches pausterizadas.
A47: 2, En la primera mitad del rosquete previamente humedecido, colocar la leche condensada cocinada, el relleno de frambuesa y el caramelo bañado en chocolate blanco.
A48: 3, Colocar la segunda mitad de rosquete humedecido, la lechecondensada cocinada, el relleno de frambuesa y el caramelo bañado en chocolate blanco.
A49: 4, Colocar la tercera mitad de rosquete humedecido, la lechecondensada cocinada, el relleno de frambuesa, el caramelo bañado en chocolate blanco y por ultimo tapar con la ultima mitad de rosquete humedecido
A50: 5, Colocar en la orla y encrema con la crema rosada, dejando un borde alto en la superficie de la torta(estilo pisina)
A51: 6, Colocar el relleno de frambuesa y forma un estilo espiral.
A52: 7, Tapar y etiquetar.
A57: CONTROL DE CAMBIOS

Sheet Torta Frambuesa 2
C1: SERVICIOS DE PASTELERIA S.A. | H1: CÓDIGO:
C2: ESPECIFICACION DE RECETA | H2: REVISIÓN:
C3: TORTA FRAMBUESA LOCAL | H3: FECHA DE APROBACIÓN:
C4: Elaborado | D4: Mariela Barrantes Sánchez, Chef
C5: Aprobado | D5: Sebastian Díaz, Gte Manufactura
A6: AREA QUE PRODUCE: | D6: Decoración | G6: AREA QUE EMPACA: | I6: Decoración
A7: # Código | B7: # Código Netsuite | C7: Descripción del ingrediente | D7: Marca | E7: Unidad Internacional | G7: Medida alternativa | I7: Costo - Referencia
E8: Cantidad | F8: Unidad medida | G8: Cantidad | H8: Unidad medida | I8: Colones
C9: Ensamble
B10: NUEVO | C10: Acetato Duro | D10: FAS | E10: 55 | F10: cm
B11: NUEVO | C11: Rosquete nucleo vainilla Dawn redondo 200g | D11: FAS | E11: 226 | F11: g | H11: 1,5 rosquete
B12: SE00254 | C12: Leches Pasteurizada Con Agua | D12: FAS | E12: 120 | F12: g | G12: 30g x capa | J12: Crema pastelera 190
B13: NUEVO | C13: Relleno Crema Pastelera Espeso | D13: FAS | E13: 380 | F13: g | G13: 190g x capa | H13: 3/4 taza
B14: NUEVO | C14: Empaque Relleno de Frambuesa | D14: FAS | E14: 255 | F14: g | G14: 85g x capa | H14: 1/3 taza
B15: SE00682 | C15: Caramelo con chocolate blanco | D15: FAS | E15: 75 | F15: g | G15: 25g xcapa | H15: 1/4 taza
C19: DECORACIÓN
B20: SE00069 | C20: Crema Beidge | D20: FAS | E20: 25 | F20: g
B21: NUEVO | C21: Empaque Relleno de Frambuesa | D21: FAS | E21: 70 | F21: g | H21: 1/4 taza
C26: EMPAQUE
B27: EM10025 | C27: ORLA CARTON 8" DORADA | E27: 1 | F27: ud
B28: NUEVA | C28: TAPA Y DOMO G50CT ALTA #9 | D28: ETIPLAST | E28: 1 | F28: ud
B29: EM10002 | C29: ETIQ.BLANCA 1 1/4 * 3/4 | D29: CEMUSA | E29: 2 | F29: ud
B30: EM10124 | C30: ETIQUETA BLANCA R-153 | D30: ETIPLAST | E30: 1 | F30: ud
B31: EM10011 | C31: ETIQUETA BLANCA 2 5/8X1 15/16 PRE BLANCA | D31: ETIPLAST | E31: 1 | F31: ud
D40: Cantidad | E40: Unidad
A41: PESO TOTAL OBTENIDO | D41: 1096 | E41: g | F41: Tiempo de Horneo: | J41: 1096
A42: TIEMPO TOTAL DE PREPARACION | D42: 7 | E42: min | F42: Horno:
A43: CANTIDAD DE PORCIONES OBTENIDAS | D43: 1 | E43: ud | F43: Temperatura de Horneo:
A44: PESO DE CADA PORCIÓN | D44: 1096 | E44: g | F44: Otros
A45: MERMA | D45: 55 | E45: g
A46: PROCEDIMIENTO DE PREPARACION DE LA RECETA
A47: 1, Cortas los rosquetes a la mitad y humedecerlos con las leches pausterizadas.
A48: 2, En la primera mitad del rosquete, colocar el acetato y sellarlo con una etiqueta, humedecerlo, colocar el relleno de crema pastelera espeso, el relleno de frambuesa y el caramelo bañado en chocolate blanco.
A49: 3, Colocar la segunda mitad de rosquete humedecido, el relleno de crema pastelera espeso, el relleno de frambuesa y el caramelo bañado en chocolate blanco.
A50: 4, Taparlo con lla ultima capa de rosquete tambien humedecido.
A51: 5, Colocar en la orla y encrema solamente la parte superior, dejando un borde alto en la superficie de la torta(estilo pisina)
A52: 6, Colocar el relleno de frambuesa.
A53: 7, Tapar y etiquetar.
A58: CONTROL DE CAMBIOS

Sheet Torta de Frambuesa 3
C1: SERVICIOS DE PASTELERIA S.A. | H1: CÓDIGO:
C2: ESPECIFICACION DE RECETA | H2: REVISIÓN:
C3: TORTA FRAMBUESA LOCAL | H3: FECHA DE APROBACIÓN:
C4: Elaborado | D4: Mariela Barrantes Sánchez, Chef
C5: Aprobado | D5: Sebastian Díaz, Gte Manufactura
A6: AREA QUE PRODUCE: | D6: Decoración | G6: AREA QUE EMPACA: | I6: Decoración
A7: # Código | B7: # Código Netsuite | C7: Descripción del ingrediente | D7: Marca | E7: Unidad Internacional | G7: Medida alternativa | I7: Costo - Referencia
E8: Cantidad | F8: Unidad medida | G8: Cantidad | H8: Unidad medida | I8: Colones
C9: Ensamble
B10: EM10466 | C10: Acetato Duro | D10: FAS | E10: 55 | F10: cm
B11: NUEVO | C11: Rosquete nucleo vainilla Dawn redondo 200g | D11: FAS | E11: 226 | F11: g | H11: 1,5 rosquete
B12: SE00254 | C12: Leches Pasteurizada Con Agua | D12: FAS | E12: 120 | F12: g | G12: 30g x capa | J12: Crema pastelera 190
B13: NUEVO | C13: Relleno Crema Pastelera Espeso | D13: FAS | E13: 380 | F13: g | G13: 190g x capa | H13: 3/4 taza
B14: NUEVO | C14: Empaque Relleno de Frambuesa | D14: FAS | E14: 255 | F14: g | G14: 85g x capa | H14: 1/3 taza
B15: SE00682 | C15: Caramelo con chocolate blanco | D15: FAS | E15: 75 | F15: g | G15: 25g xcapa | H15: 1/4 taza
C19: DECORACIÓN
B20: SE00069 | C20: Crema Beidge | D20: FAS | E20: 25 | F20: g
B21: NUEVO | C21: Empaque Relleno de Frambuesa | D21: FAS | E21: 70 | F21: g | H21: 1/4 taza
C26: EMPAQUE
B27: EM10025 | C27: ORLA CARTON 8" DORADA | E27: 1 | F27: ud
B28: EM10494 | C28: TAPA Y DOMO G50CT ALTA #9 | D28: ETIPLAST | E28: 1 | F28: ud
B29: EM10002 | C29: ETIQ.BLANCA 1 1/4 * 3/4 | D29: CEMUSA | E29: 2 | F29: ud
B30: EM10124 | C30: ETIQUETA BLANCA R-153 | D30: ETIPLAST | E30: 1 | F30: ud
B31: EM10011 | C31: ETIQUETA BLANCA 2 5/8X1 15/16 PRE BLANCA | D31: ETIPLAST | E31: 1 | F31: ud
D40: Cantidad | E40: Unidad
A41: PESO TOTAL OBTENIDO | D41: 1096 | E41: g | F41: Tiempo de Horneo: | J41: 1096
A42: TIEMPO TOTAL DE PREPARACION | D42: 7 | E42: min | F42: Horno:
A43: CANTIDAD DE PORCIONES OBTENIDAS | D43: 1 | E43: ud | F43: Temperatura de Horneo:
A44: PESO DE CADA PORCIÓN | D44: 1096 | E44: g | F44: Otros
A45: MERMA | D45: 55 | E45: g
A46: PROCEDIMIENTO DE PREPARACION DE LA RECETA
A47: 1, Cortas los rosquetes a la mitad y humedecerlos con las leches pausterizadas.
A48: 2, En la primera mitad del rosquete, colocar el acetato y sellarlo con una etiqueta, humedecerlo, colocar el relleno de crema pastelera espeso, el relleno de frambuesa y el caramelo bañado en chocolate blanco.
A49: 3, Colocar la segunda mitad de rosquete humedecido, el relleno de crema pastelera espeso, el relleno de frambuesa y el caramelo bañado en chocolate blanco.
A50: 4, Taparlo con lla ultima capa de rosquete tambien humedecido.
A51: 5, Colocar en la orla y encrema solamente la parte superior, dejando un borde alto en la superficie de la torta(estilo pisina)
A52: 6, Colocar el relleno de frambuesa.
A53: 7, Tapar y etiquetar.
A58: CONTROL DE CAMBIOS

Sheet Costo Torta 
E1: Precio Local | F1: Costo MP | G1: Costo EM | H1: Costo MO
E2: =IFERROR(O62,"") -> 5869.9972 | F2: =IFERROR(H53,"") -> 3472.1473 | G2: =IFERROR(H54,"") -> 791.41397 | H2: =IFERROR(H56,"") -> 773.09729
A5: ESTRUCTURA DE COSTOS
F6: Fecha: | H6: =TODAY() -> 46083
A7: UNIDADES | B7: DESCRIPCION MAT.PRIMA | C7: UNIDADES | D7: UND MEDIDA | E7: COSTO UNITARIO | F7: TOTAL COSTO | G7: % PREC. DEFINIDO | H7: CODIGOS
B8: =IFERROR(VLOOKUP(H8,'[1]Consolidado MP Planta'!$A$2:$M$823,3,0),"") | C8: =+A8 -> 0 | D8: =IFERROR(VLOOKUP(H8,'[1]Consolidado MP Planta'!$A$2:$M$823,13,0),"") | E8: =IFERROR(VLOOKUP(H8,'[1]Consolidado MP Planta'!$A$2:$M$823,12,0),"") | F8: =IFERROR(C8*E8,"") | G8: =IFERROR(F8/$F$66,"")
B9: =IFERROR(VLOOKUP(H9,'[1]Consolidado MP Planta'!$A$2:$M$823,3,0),"") | C9: =+A9 -> 0 | D9: =IFERROR(VLOOKUP(H9,'[1]Consolidado MP Planta'!$A$2:$M$823,13,0),"") | E9: =IFERROR(VLOOKUP(H9,'[1]Consolidado MP Planta'!$A$2:$M$823,12,0),"") | F9: =IFERROR(C9*E9,"") | G9: =IFERROR(F9/$F$66,"")
B10: =IFERROR(VLOOKUP(H10,'[1]Consolidado MP Planta'!$A$2:$M$823,3,0),"") | C10: =+A10 -> 0 | D10: =IFERROR(VLOOKUP(H10,'[1]Consolidado MP Planta'!$A$2:$M$823,13,0),"") | E10: =IFERROR(VLOOKUP(H10,'[1]Consolidado MP Planta'!$A$2:$M$823,12,0),"") | F10: =IFERROR(C10*E10,"") | G10: =IFERROR(F10/$F$66,"")
B11: =IFERROR(VLOOKUP(H11,'[1]Consolidado MP Planta'!$A$2:$M$823,3,0),"") | C11: =+A11 -> 0 | D11: =IFERROR(VLOOKUP(H11,'[1]Consolidado MP Planta'!$A$2:$M$823,13,0),"") | E11: =IFERROR(VLOOKUP(H11,'[1]Consolidado MP Planta'!$A$2:$M$823,12,0),"") | F11: =IFERROR(C11*E11,"") | G11: =IFERROR(F11/$F$66,"")
B12: =IFERROR(VLOOKUP(H12,'[1]Consolidado MP Planta'!$A$2:$M$823,3,0),"") | C12: =+A12 -> 0 | D12: =IFERROR(VLOOKUP(H12,'[1]Consolidado MP Planta'!$A$2:$M$823,13,0),"") | E12: =IFERROR(VLOOKUP(H12,'[1]Consolidado MP Planta'!$A$2:$M$823,12,0),"") | F12: =IFERROR(C12*E12,"") | G12: =IFERROR(F12/$F$66,"")
B13: =IFERROR(VLOOKUP(H13,'[1]Consolidado MP Planta'!$A$2:$M$823,3,0),"") | C13: =+A13 -> 0 | D13: =IFERROR(VLOOKUP(H13,'[1]Consolidado MP Planta'!$A$2:$M$823,13,0),"") | E13: =IFERROR(VLOOKUP(H13,'[1]Consolidado MP Planta'!$A$2:$M$823,12,0),"") | F13: =IFERROR(C13*E13,"") | G13: =IFERROR(F13/$F$66,"")
B14: =IFERROR(VLOOKUP(H14,'[1]Consolidado MP Planta'!$A$2:$M$823,3,0),"") | C14: =+A14 -> 0 | D14: =IFERROR(VLOOKUP(H14,'[1]Consolidado MP Planta'!$A$2:$M$823,13,0),"") | E14: =IFERROR(VLOOKUP(H14,'[1]Consolidado MP Planta'!$A$2:$M$823,12,0),"") | F14: =IFERROR(C14*E14,"") | G14: =IFERROR(F14/$F$66,"")
B15: =IFERROR(VLOOKUP(H15,[2]Hoja2!$A$2:$G$589,2,0),"")
A16: UNIDADES | B16: MATERIA PRIMA SEMIELABORADOS | C16: UNIDADES | D16: UND MEDIDA | E16: COSTO UNITARIO | F16: TOTAL COSTO | G16: % PREC. DEFINIDO | H16: CODIGOS
A17: 1.5 | B17: Rosquete nucleo vainilla Dawn redondo 200g | C17: =+A17 -> 1.5 | D17: UND | E17: =+'Costo Rosq Vainilla Dawn 200 g '!H53 -> 372.24786 | F17: =IFERROR(E17*C17,"") -> 558.37179 | G17: =IFERROR(F17/$F$66,"") -> 0.11460823 | H17: nuevo
A18: 120 | B18: Leches Pasteurizada Con Agua | C18: =+A18 -> 120 | D18: Gramos | E18: 1.1 | F18: =IFERROR(E18*C18,"") -> 132 | G18: =IFERROR(F18/$F$66,"") -> 0.027093573 | H18: SE00254
A19: 325 | B19: Empaque Relleno de Frambuesa | C19: =+A19 -> 325 | D19: Gramos | E19: =+'Costo empaq Relleno Frambuesa'!E69 -> 5.999215 | F19: =IFERROR(E19*C19,"") -> 1949.7449 | G19: =IFERROR(F19/$F$66,"") -> 0.4001936 | H19: nuevo
A20: 75 | B20: Caramelo con chocolate blanco | C20: =+A20 -> 75 | D20: Gramos | E20: 2.33 | F20: =IFERROR(E20*C20,"") -> 174.75 | G20: =IFERROR(F20/$F$66,"") -> 0.035868196 | H20: SE00682
A21: 25 | B21: Crema Beidge | C21: =+A21 -> 25 | D21: Gramos | E21: 2.3 | F21: =IFERROR(E21*C21,"") -> 57.5 | G21: =IFERROR(F21/$F$66,"") -> 0.011802125 | H21: SE00069
A22: 380 | B22: Relleno Crema Pastelera Espeso | C22: =+A22 -> 380 | D22: Gramos | E22: =+'Costo Relleno Crema Pastelera'!E69 -> 1.57837 | F22: =IFERROR(E22*C22,"") -> 599.7806 | G22: =IFERROR(F22/$F$66,"") -> 0.12310757
B23: =IFERROR(VLOOKUP(H23,[1]SEMIELABORADOS!$A$2:$M$6000,2,0),"") | C23: =+A23 -> 0 | D23: =IFERROR(VLOOKUP(H23,[1]SEMIELABORADOS!$A$2:$M$6000,6,0),"") | E23: =IFERROR(VLOOKUP(H23,[1]SEMIELABORADOS!$A$2:$H$65536,8,0),"") | F23: =IFERROR(E23*C23,"") | G23: =IFERROR(F23/$F$66,"")
B24: =IFERROR(VLOOKUP(H24,[1]SEMIELABORADOS!$A$2:$M$6000,2,0),"") | C24: =+A24 -> 0 | D24: =IFERROR(VLOOKUP(H24,[1]SEMIELABORADOS!$A$2:$M$6000,6,0),"") | E24: =IFERROR(VLOOKUP(H24,[1]SEMIELABORADOS!$A$2:$H$65536,8,0),"") | F24: =IFERROR(E24*C24,"") | G24: =IFERROR(F24/$F$66,"")
A26: UNIDADES | B26: EMPAQUE | C26: UNIDADES | D26: UND MEDIDA | E26: COSTO UNITARIO | F26: TOTAL COSTO | G26: % PREC. DEFINIDO | H26: CODIGOS
A27: 1 | B27: ORLA CARTON 8" DORADA | C27: =+A27 -> 1 | D27: UND | E27: 78 | F27: =IFERROR(C27*E27,"") -> 78 | G27: =IFERROR(F27/$F$66,"") -> 0.016009838 | H27: EM10025
A28: 1 | B28: TAPA Y DOMO G50CT ALTA #9 | C28: =+A28 -> 1 | D28: UND | E28: 470 | F28: =IFERROR(C28*E28,"") -> 470 | G28: =IFERROR(F28/$F$66,"") -> 0.096469539 | H28: NUEVA
A29: 2 | B29: ETIQ.BLANCA 1 1/4 * 3/4 | C29: =+A29 -> 2 | D29: UND | E29: 0.58 | F29: =IFERROR(C29*E29,"") -> 1.16 | G29: =IFERROR(F29/$F$66,"") -> 0.00023809503 | H29: EM10002
A30: 1 | B30: ETIQUETA BLANCA R-153 | C30: =+A30 -> 1 | D30: UND | E30: 0.39 | F30: =IFERROR(C30*E30,"") -> 0.39 | G30: =IFERROR(F30/$F$66,"") -> 8.0049192e-05 | H30: EM10124
A31: 1 | B31: ETIQUETA BLANCA 2 5/8X1 15/16 PRE BLANCA | C31: =+A31 -> 1 | D31: UND | E31: 2.13 | F31: =IFERROR(C31*E31,"") -> 2.13 | G31: =IFERROR(F31/$F$66,"") -> 0.00043719174 | H31: EM10011
A32: 55 | B32: Acetato | C32: =+A32 -> 55 | D32: CM | E32: 4.15 | F32: =IFERROR(C32*E32,"") -> 228.25 | G32: =IFERROR(F32/$F$66,"") -> 0.046849303
A34: UNIDADES | B34: EMPAQUE SEMIELABORADOS | C34: UNIDADES | D34: UND MEDIDA | E34: COSTO UNITARIO | F34: TOTAL COSTO | G34: % PREC. DEFINIDO | H34: CODIGOS
A35: =+A17 -> 1.5 | B35: Rosquete nucleo vainilla Dawn redondo 200g | C35: =+A35 -> 1.5 | D35: UND | E35: =+'Costo Rosq Vainilla Dawn 200 g '!H54 -> 4.9015154 | F35: =IFERROR(E35*C35,"") -> 7.3522731 | G35: =IFERROR(F35/$F$66,"") -> 0.001509086 | H35: nuevo
A36: =+A18 -> 120 | B36: Leches Pasteurizada Con Agua | C36: =+A36 -> 120 | D36: Gramos | E36: 0.01 | F36: =IFERROR(E36*C36,"") -> 1.2 | G36: =IFERROR(F36/$F$66,"") -> 0.00024630521 | H36: SE00254
A37: =+A19 -> 325 | B37: Empaque Relleno de Frambuesa | C37: =+A37 -> 325 | D37: Gramos | E37: =+'Costo empaq Relleno Frambuesa'!E76 -> 0.003636 | F37: =IFERROR(E37*C37,"") -> 1.1817 | G37: =IFERROR(F37/$F$66,"") -> 0.00024254905 | H37: nuevo
A38: =+A20 -> 75 | B38: Caramelo con chocolate blanco | C38: =+A38 -> 75 | D38: Gramos | E38: 0.02 | F38: =IFERROR(E38*C38,"") -> 1.5 | G38: =IFERROR(F38/$F$66,"") -> 0.00030788151 | H38: SE00682
A39: =+A21 -> 25 | B39: Crema Beidge | C39: =+A39 -> 25 | D39: Gramos | E39: 0.01 | F39: =IFERROR(E39*C39,"") -> 0.25 | G39: =IFERROR(F39/$F$66,"") -> 5.1313585e-05 | H39: SE00069
A40: =+A22 -> 380 | B40: Relleno Crema Pastelera Espeso | C40: =+A40 -> 380 | D40: Gramos | E40: =+'Costo Relleno Crema Pastelera'!E76 -> 0 | F40: =IFERROR(E40*C40,"") -> 0 | G40: =IFERROR(F40/$F$66,"") -> 0
A41: =+A23 -> 0 | B41: =IFERROR(VLOOKUP(H41,[1]SEMIELABORADOS!$A$2:$M$6000,2,0),"") | C41: =+A41 -> 0 | D41: =IFERROR(VLOOKUP(H41,[1]SEMIELABORADOS!$A$2:$M$6000,6,0),"") | E41: =IFERROR(VLOOKUP(H41,[1]SEMIELABORADOS!$A$2:$M$65536,10,0),"") | F41: =IFERROR(E41*C41,"") | G41: =IFERROR(F41/$F$66,"")
A43: UNIDADES | B43: MODI | C43: UNIDADES | D43: UND MEDIDA | E43: COSTO UNITARIO | F43: TOTAL COSTO | G43: % PREC. DEFINIDO | H43: CODIGOS
A44: =+A35 -> 1.5 | B44: Rosquete nucleo vainilla Dawn redondo 200g | C44: =+A44 -> 1.5 | D44: UND | E44: =+'Costo Rosq Vainilla Dawn 200 g '!H56 -> 22.108193 | F44: =IFERROR(E44*C44,"") -> 33.162289 | G44: =IFERROR(F44/$F$66,"") -> 0.0068067037 | H44: nuevo
A45: =+A36 -> 120 | B45: Leches Pasteurizada Con Agua | C45: =+A45 -> 120 | D45: Gramos | E45: 0.13 | F45: =IFERROR(E45*C45,"") -> 15.6 | G45: =IFERROR(F45/$F$66,"") -> 0.0032019677 | H45: SE00254
A46: =+A37 -> 325 | B46: Empaque Relleno de Frambuesa | C46: =+A46 -> 325 | D46: Gramos | E46: =+'Costo empaq Relleno Frambuesa'!E74 -> 0.1694 | F46: =IFERROR(E46*C46,"") -> 55.055 | G46: =IFERROR(F46/$F$66,"") -> 0.011300278 | H46: nuevo
A47: =+A38 -> 75 | B47: Caramelo con chocolate blanco | C47: =+A47 -> 75 | D47: Gramos | E47: 0.49 | F47: =IFERROR(E47*C47,"") -> 36.75 | G47: =IFERROR(F47/$F$66,"") -> 0.007543097 | H47: SE00682
A48: =+A39 -> 25 | B48: Crema Beidge | C48: =+A48 -> 25 | D48: Gramos | E48: 0.23 | F48: =IFERROR(E48*C48,"") -> 5.75 | G48: =IFERROR(F48/$F$66,"") -> 0.0011802125 | H48: SE00069
A49: =+A40 -> 380 | B49: Relleno Crema Pastelera Espeso | C49: =+A49 -> 380 | D49: Gramos | E49: =+'Costo Relleno Crema Pastelera'!E74 -> 0.231 | F49: =IFERROR(E49*C49,"") -> 87.78 | G49: =IFERROR(F49/$F$66,"") -> 0.018017226
A50: =+A41 -> 0 | B50: =IFERROR(VLOOKUP(H50,[1]SEMIELABORADOS!$A$2:$M$6000,2,0),"") | C50: =+A50 -> 0 | D50: =IFERROR(VLOOKUP(H50,[1]SEMIELABORADOS!$A$2:$M$6000,6,0),"") | E50: =IFERROR(VLOOKUP(H50,[1]SEMIELABORADOS!$A$2:$M$65536,12,0),"") | F50: =IFERROR(E50*C50,"") | G50: =IFERROR(F50/$F$66,"")
A51: 1 | B51: MODI PREPARACION | C51: =+A51 -> 1 | D51: N/A | E51: =+F65 -> 539 | F51: =IFERROR(C51*E51,"") -> 539 | G51: =IFERROR(F51/$F$66,"") -> 0.11063209
B53: TOTAL MATERIA PRIMA | F53: =SUM(F8:F14,F17:F24) -> 3472.1473 | G53: =+F53/$F$66 -> 0.71267329 | H53: =+F53/$D$60 -> 3472.1473
B54: TOTAL EMPAQUE | F54: =SUM(F27:F32,F35:F41) -> 791.41397 | G54: =+F54/$F$66 -> 0.16244115 | H54: =+F54/$D$60 -> 791.41397 | K54: TOTAL MATERIA PRIMA + EMPAQUE | O54: =+F55 -> 4263.5612
B55: TOTAL MATERIAS P. + EMPAQUES | F55: =+F53+F54 -> 4263.5612 | G55: =+F55/$F$66 -> 0.87511445 | H55: =+F55/$D$60 -> 4263.5612 | M55: MODI PLANTA | O55: =+H56 -> 773.09729
C56: TOTAL MODI | F56: =SUM(F44:F51) -> 773.09729 | G56: =+F56/$F$66 -> 0.15868157 | H56: =+F56/$D$60 -> 773.09729 | M56: DESECHO | O56: =O54*N56 -> 0
M57: COSTO PLANTA | O57: =SUM(O54:O56) -> 5036.6585
B58: GRAMOS | D58: 1096 | H58: =+H56/77 -> 10.040225 | M58: % GIF | O58: =+H59 -> 833.33864
B59: PESO POR UNIDAD | D59: 1096 | H59: =+H58*83 -> 833.33864 | M59: COSTO PLANTA | O59: =SUM(O57:O58) -> 5869.9972
B60: UNIDADES TOTALES | D60: =+D58/D59 -> 1 | O60: =+O59*N60 -> 0
B61: UNIDAD MEDIDA | K61: PRECIO DE VENTA PLANTA A LOCAL | O61: =SUM(O59:O60) -> 5869.9972 | P61: GR
E62: S/ COSTO | F62: TOTAL | L62: UNIDAD | O62: =+O61/D60 -> 5869.9972 | P62: =+O62/D59 -> 5.3558368
B63: TOTAL MATERIAS P. + EMPAQUES | E63: =+F63/F63 -> 1 | F63: =SUM(F55) -> 4263.5612 | G63: =+F63/$F$66 -> 0.87511445
B64: DESECHOS Y PERDIDAS | E64: 0.02 | F64: =+F53*E64 -> 69.442945 | G64: =+F64/$F$66 -> 0.014253466
B65: MANO OBRA DIRECTA | D65: 7 | E65: 77 | F65: =+E65*D65 -> 539 | G65: =+F65/$F$66 -> 0.11063209
B66: TOTAL COSTO PLANTA | F66: =SUM(F63:F65) -> 4872.0042 | G66: =+F66/$F$66 -> 1 | M66: MODI 77 COLONES X MIN
M67: Gf 83 colones min
B68: COSTO POR GRAMO | M68: ,
B69: TOTAL COSTO MATERIA PRIMA | C69: =+F53 -> 3472.1473 | D69: =+D58 -> 1096 | E69: =+C69/D69 -> 3.1680176
B71: TOTAL COSTO UNIDAD MP+DESECHO+EMPAQUE | C71: =SUM(F63:F64) -> 4333.0042 | D71: =+D58 -> 1096 | E71: =+C71/D71 -> 3.953471
B73: TOTAL MODI PREPARACION POR GRAMO | C73: =+F65 -> 539 | D73: =+D58 -> 1096 | E73: =+C73/D73 -> 0.49178832
B74: TOTAL MODI POR GRAMO | C74: =+F56 -> 773.09729 | D74: =+D73 -> 1096 | E74: =+C74/D74 -> 0.70538074
B76: TOTAL EMPAQUE POR GRAMO | C76: =+F54 -> 791.41397 | D76: =+D74 -> 1096 | E76: =+C76/D76 -> 0.72209304
B78: TOTAL GRAMO MP+MODI | E78: =+E69+E74 -> 3.8733983
B80: COSTO POR UNIDAD
B81: TOTAL COSTO MATERIA PRIMA | C81: =+C69 -> 3472.1473 | D81: =+D60 -> 1 | E81: =+C81/D81 -> 3472.1473
B83: TOTAL COSTO UNIDAD MP+DESECHO+EMPAQUE | C83: =+C71 -> 4333.0042 | D83: =+D60 -> 1 | E83: =+C83/D83 -> 4333.0042
B85: TOTAL MODI POR GRAMO | C85: =+C73 -> 539 | D85: =+D60 -> 1 | E85: =+C85/D85 -> 539
B86: TOTAL MODI POR GRAMO | C86: =+C74 -> 773.09729 | D86: =+D85 -> 1 | E86: =+C86/D86 -> 773.09729

Sheet Crema Rosada 
C1: SERVICIOS DE PASTELERIA S.A. | H1: CÓDIGO:
C2: ESPECIFICACION DE RECETA | H2: REVISIÓN:
C3: Crema Rosada | H3: FECHA DE APROBACIÓN:
C4: Elaborado | D4: Mariela Barrantes Sánchez
C5: Aprobado | D5: Esteban Cartin, Gte Manufactura
A6: AREA QUE PRODUCE: | D6: Decoración | G6: AREA QUE EMPACA: | I6: Decoración
A7: # Código | B7: # Código Netsuite | C7: Descripción del ingrediente | D7: Marca | E7: Unidad Internacional | G7: Medida alternativa | I7: Costo - Referencia
E8: Cantidad | F8: Unidad medida | G8: Cantidad | H8: Unidad medida | I8: Colones
C9: Ensamble
B10: SE00010 | C10: Crema Chantilly Blanca (Spoon-Ind) | D10: FAS | E10: 1000
B11: MP10149 | C11: Colorante Artificial Rosado F225 | E11: 0.2
C19: Decoración
C27: Empaque
A28: 0702123 | B28: EM10011 | C28: ETIQUETA BLANCA 2 5/8X1 15/16 (UND) | D28: ETIPLAST | E28: 1 | F28: ud
D39: Cantidad | E39: Unidad
A40: PESO TOTAL OBTENIDO | D40: 1000 | E40: g | F40: Tiempo de Horneo:
A41: TIEMPO TOTAL DE PREPARACION | D41: 2 | E41: min | F41: Horno:
A42: CANTIDAD DE PORCIONES OBTENIDAS | D42: 1 | E42: Tanda | F42: Temperatura de Horneo:
A43: PESO DE CADA PORCIÓN | D43: 1000 | E43: g | F43: Otros
A44: MERMA | D44: =SUM(E10:E11)-D40 -> 0.2 | E44: g
A45: PROCEDIMIENTO DE PREPARACION DE LA RECETA
A46: 1, Sacar la crema blanca spoon de la camara (temperatura maxima 18° ya batida).
A47: 2, Agregar el colorante, mezclar a mano, hasta que este completamente homogeneo.
A48: 3, Colocar platico para tapar y etiquetar.
A49: 4, Volver a guardar en la camara hasta su uso.
A55: CONTROL DE CAMBIOS

Sheet Costo Crema Rosada 
E1: Precio Local | F1: Costo MP | G1: Costo EM | H1: Costo MO
E2: =IFERROR(O62,"") -> 2555.6957 | F2: =IFERROR(H53,"") -> 2171.228 | G2: =IFERROR(H54,"") -> 2.13 | H2: =IFERROR(H56,"") -> 184
A5: ESTRUCTURA DE COSTOS
F6: Fecha: | H6: =TODAY() -> 46083
A7: UNIDADES | B7: DESCRIPCION MAT.PRIMA | C7: UNIDADES | D7: UND MEDIDA | E7: COSTO UNITARIO | F7: TOTAL COSTO | G7: % PREC. DEFINIDO | H7: CODIGOS
A8: 0.2 | B8: Colorante Artificial Rosado F225 | C8: =+A8 -> 0.2 | D8: Gramos | E8: 6.14 | F8: =IFERROR(C8*E8,"") -> 1.228 | G8: =IFERROR(F8/$F$66,"") -> 0.00051797243 | H8: MP10149
B9: =IFERROR(VLOOKUP(H9,'[1]Consolidado MP Planta'!$A$2:$M$823,3,0),"") | C9: =+A9 -> 0 | D9: =IFERROR(VLOOKUP(H9,'[1]Consolidado MP Planta'!$A$2:$M$823,13,0),"") | E9: =IFERROR(VLOOKUP(H9,'[1]Consolidado MP Planta'!$A$2:$M$823,12,0),"") | F9: =IFERROR(C9*E9,"") | G9: =IFERROR(F9/$F$66,"")
B10: =IFERROR(VLOOKUP(H10,'[1]Consolidado MP Planta'!$A$2:$M$823,3,0),"") | C10: =+A10 -> 0 | D10: =IFERROR(VLOOKUP(H10,'[1]Consolidado MP Planta'!$A$2:$M$823,13,0),"") | E10: =IFERROR(VLOOKUP(H10,'[1]Consolidado MP Planta'!$A$2:$M$823,12,0),"") | F10: =IFERROR(C10*E10,"") | G10: =IFERROR(F10/$F$66,"")
B11: =IFERROR(VLOOKUP(H11,'[1]Consolidado MP Planta'!$A$2:$M$823,3,0),"") | C11: =+A11 -> 0 | D11: =IFERROR(VLOOKUP(H11,'[1]Consolidado MP Planta'!$A$2:$M$823,13,0),"") | E11: =IFERROR(VLOOKUP(H11,'[1]Consolidado MP Planta'!$A$2:$M$823,12,0),"") | F11: =IFERROR(C11*E11,"") | G11: =IFERROR(F11/$F$66,"")
B12: =IFERROR(VLOOKUP(H12,'[1]Consolidado MP Planta'!$A$2:$M$823,3,0),"") | C12: =+A12 -> 0 | D12: =IFERROR(VLOOKUP(H12,'[1]Consolidado MP Planta'!$A$2:$M$823,13,0),"") | E12: =IFERROR(VLOOKUP(H12,'[1]Consolidado MP Planta'!$A$2:$M$823,12,0),"") | F12: =IFERROR(C12*E12,"") | G12: =IFERROR(F12/$F$66,"")
B13: =IFERROR(VLOOKUP(H13,'[1]Consolidado MP Planta'!$A$2:$M$823,3,0),"") | C13: =+A13 -> 0 | D13: =IFERROR(VLOOKUP(H13,'[1]Consolidado MP Planta'!$A$2:$M$823,13,0),"") | E13: =IFERROR(VLOOKUP(H13,'[1]Consolidado MP Planta'!$A$2:$M$823,12,0),"") | F13: =IFERROR(C13*E13,"") | G13: =IFERROR(F13/$F$66,"")
B14: =IFERROR(VLOOKUP(H14,'[1]Consolidado MP Planta'!$A$2:$M$823,3,0),"") | C14: =+A14 -> 0 | D14: =IFERROR(VLOOKUP(H14,'[1]Consolidado MP Planta'!$A$2:$M$823,13,0),"") | E14: =IFERROR(VLOOKUP(H14,'[1]Consolidado MP Planta'!$A$2:$M$823,12,0),"") | F14: =IFERROR(C14*E14,"") | G14: =IFERROR(F14/$F$66,"")
B15: =IFERROR(VLOOKUP(H15,[2]Hoja2!$A$2:$G$589,2,0),"")
A16: UNIDADES | B16: MATERIA PRIMA SEMIELABORADOS | C16: UNIDADES | D16: UND MEDIDA | E16: COSTO UNITARIO | F16: TOTAL COSTO | G16: % PREC. DEFINIDO | H16: CODIGOS
A17: 1000 | B17: Crema Chantilly Blanca (Spoon-Ind) | C17: =+A17 -> 1000 | D17: Gramos | E17: 2.17 | F17: =IFERROR(E17*C17,"") -> 2170 | G17: =IFERROR(F17/$F$66,"") -> 0.91530958 | H17: SE00010
B18: =IFERROR(VLOOKUP(H18,[1]SEMIELABORADOS!$A$2:$M$6000,2,0),"") | C18: =+A18 -> 0 | D18: =IFERROR(VLOOKUP(H18,[1]SEMIELABORADOS!$A$2:$M$6000,6,0),"") | E18: =IFERROR(VLOOKUP(H18,[1]SEMIELABORADOS!$A$2:$H$65536,8,0),"") | F18: =IFERROR(E18*C18,"") | G18: =IFERROR(F18/$F$66,"")
B19: =IFERROR(VLOOKUP(H19,[1]SEMIELABORADOS!$A$2:$M$6000,2,0),"") | C19: =+A19 -> 0 | D19: =IFERROR(VLOOKUP(H19,[1]SEMIELABORADOS!$A$2:$M$6000,6,0),"") | E19: =IFERROR(VLOOKUP(H19,[1]SEMIELABORADOS!$A$2:$H$65536,8,0),"") | F19: =IFERROR(E19*C19,"") | G19: =IFERROR(F19/$F$66,"")
B20: =IFERROR(VLOOKUP(H20,[1]SEMIELABORADOS!$A$2:$M$6000,2,0),"") | C20: =+A20 -> 0 | D20: =IFERROR(VLOOKUP(H20,[1]SEMIELABORADOS!$A$2:$M$6000,6,0),"") | E20: =IFERROR(VLOOKUP(H20,[1]SEMIELABORADOS!$A$2:$H$65536,8,0),"") | F20: =IFERROR(E20*C20,"") | G20: =IFERROR(F20/$F$66,"")
B21: =IFERROR(VLOOKUP(H21,[1]SEMIELABORADOS!$A$2:$M$6000,2,0),"") | C21: =+A21 -> 0 | D21: =IFERROR(VLOOKUP(H21,[1]SEMIELABORADOS!$A$2:$M$6000,6,0),"") | E21: =IFERROR(VLOOKUP(H21,[1]SEMIELABORADOS!$A$2:$H$65536,8,0),"") | F21: =IFERROR(E21*C21,"") | G21: =IFERROR(F21/$F$66,"")
B22: =IFERROR(VLOOKUP(H22,[1]SEMIELABORADOS!$A$2:$M$6000,2,0),"") | C22: =+A22 -> 0 | D22: =IFERROR(VLOOKUP(H22,[1]SEMIELABORADOS!$A$2:$M$6000,6,0),"") | E22: =IFERROR(VLOOKUP(H22,[1]SEMIELABORADOS!$A$2:$H$65536,8,0),"") | F22: =IFERROR(E22*C22,"") | G22: =IFERROR(F22/$F$66,"")
B23: =IFERROR(VLOOKUP(H23,[1]SEMIELABORADOS!$A$2:$M$6000,2,0),"") | C23: =+A23 -> 0 | D23: =IFERROR(VLOOKUP(H23,[1]SEMIELABORADOS!$A$2:$M$6000,6,0),"") | E23: =IFERROR(VLOOKUP(H23,[1]SEMIELABORADOS!$A$2:$H$65536,8,0),"") | F23: =IFERROR(E23*C23,"") | G23: =IFERROR(F23/$F$66,"")
B24: =IFERROR(VLOOKUP(H24,[1]SEMIELABORADOS!$A$2:$M$6000,2,0),"") | C24: =+A24 -> 0 | D24: =IFERROR(VLOOKUP(H24,[1]SEMIELABORADOS!$A$2:$M$6000,6,0),"") | E24: =IFERROR(VLOOKUP(H24,[1]SEMIELABORADOS!$A$2:$H$65536,8,0),"") | F24: =IFERROR(E24*C24,"") | G24: =IFERROR(F24/$F$66,"")
A26: UNIDADES | B26: EMPAQUE | C26: UNIDADES | D26: UND MEDIDA | E26: COSTO UNITARIO | F26: TOTAL COSTO | G26: % PREC. DEFINIDO | H26: CODIGOS
A27: 1 | B27: =IFERROR(VLOOKUP(H27,'[1]Consolidado MP Planta'!$A$2:$M$823,3,0),"") -> ETIQUETA BLANCA 2 5/8X1 15/16 (UND) | C27: =+A27 -> 1 | D27: =IFERROR(VLOOKUP(H27,'[1]Consolidado MP Planta'!$A$2:$M$823,13,0),"") -> Und | E27: 2.13 | F27: =IFERROR(C27*E27,"") -> 2.13 | G27: =IFERROR(F27/$F$66,"") -> 0.00089843752 | H27: 0702123
B28: =IFERROR(VLOOKUP(H28,'[1]Consolidado MP Planta'!$A$2:$M$823,3,0),"") | C28: =+A28 -> 0 | D28: =IFERROR(VLOOKUP(H28,'[1]Consolidado MP Planta'!$A$2:$M$823,13,0),"") | E28: =IFERROR(VLOOKUP(H28,'[1]Consolidado MP Planta'!$A$2:$M$823,12,0),"") | F28: =IFERROR(C28*E28,"") | G28: =IFERROR(F28/$F$66,"")
B29: =IFERROR(VLOOKUP(H29,'[1]Consolidado MP Planta'!$A$2:$M$823,3,0),"") | C29: =+A29 -> 0 | D29: =IFERROR(VLOOKUP(H29,'[1]Consolidado MP Planta'!$A$2:$M$823,13,0),"") | E29: =IFERROR(VLOOKUP(H29,'[1]Consolidado MP Planta'!$A$2:$M$823,12,0),"") | F29: =IFERROR(C29*E29,"") | G29: =IFERROR(F29/$F$66,"")
B30: =IFERROR(VLOOKUP(H30,'[1]Consolidado MP Planta'!$A$2:$M$823,3,0),"") | C30: =+A30 -> 0 | D30: =IFERROR(VLOOKUP(H30,'[1]Consolidado MP Planta'!$A$2:$M$823,13,0),"") | E30: =IFERROR(VLOOKUP(H30,'[1]Consolidado MP Planta'!$A$2:$M$823,12,0),"") | F30: =IFERROR(C30*E30,"") | G30: =IFERROR(F30/$F$66,"")
B31: =IFERROR(VLOOKUP(H31,'[1]Consolidado MP Planta'!$A$2:$M$823,3,0),"") | C31: =+A31 -> 0 | D31: =IFERROR(VLOOKUP(H31,'[1]Consolidado MP Planta'!$A$2:$M$823,13,0),"") | E31: =IFERROR(VLOOKUP(H31,'[1]Consolidado MP Planta'!$A$2:$M$823,12,0),"") | F31: =IFERROR(C31*E31,"") | G31: =IFERROR(F31/$F$66,"")
B32: =IFERROR(VLOOKUP(H32,'[1]Consolidado MP Planta'!$A$2:$M$823,3,0),"") | C32: =+A32 -> 0 | D32: =IFERROR(VLOOKUP(H32,'[1]Consolidado MP Planta'!$A$2:$M$823,13,0),"") | E32: =IFERROR(VLOOKUP(H32,'[1]Consolidado MP Planta'!$A$2:$M$823,12,0),"") | F32: =IFERROR(C32*E32,"") | G32: =IFERROR(F32/$F$66,"")
A34: UNIDADES | B34: EMPAQUE SEMIELABORADOS | C34: UNIDADES | D34: UND MEDIDA | E34: COSTO UNITARIO | F34: TOTAL COSTO | G34: % PREC. DEFINIDO | H34: CODIGOS
A35: =+A17 -> 1000 | B35: Crema Chantilly Blanca (Spoon-Ind) | C35: =+A35 -> 1000 | D35: Gramos | E35: 0 | F35: =IFERROR(E35*C35,"") -> 0 | G35: =IFERROR(F35/$F$66,"") -> 0 | H35: SE00010
A36: =+A18 -> 0 | B36: =IFERROR(VLOOKUP(H36,[1]SEMIELABORADOS!$A$2:$M$6000,2,0),"") | C36: =+A36 -> 0 | D36: =IFERROR(VLOOKUP(H36,[1]SEMIELABORADOS!$A$2:$M$6000,6,0),"") | E36: =IFERROR(VLOOKUP(H36,[1]SEMIELABORADOS!$A$2:$M$65536,10,0),"") | F36: =IFERROR(E36*C36,"") | G36: =IFERROR(F36/$F$66,"")
A37: =+A19 -> 0 | B37: =IFERROR(VLOOKUP(H37,[1]SEMIELABORADOS!$A$2:$M$6000,2,0),"") | C37: =+A37 -> 0 | D37: =IFERROR(VLOOKUP(H37,[1]SEMIELABORADOS!$A$2:$M$6000,6,0),"") | E37: =IFERROR(VLOOKUP(H37,[1]SEMIELABORADOS!$A$2:$M$65536,10,0),"") | F37: =IFERROR(E37*C37,"") | G37: =IFERROR(F37/$F$66,"")
A38: =+A20 -> 0 | B38: =IFERROR(VLOOKUP(H38,[1]SEMIELABORADOS!$A$2:$M$6000,2,0),"") | C38: =+A38 -> 0 | D38: =IFERROR(VLOOKUP(H38,[1]SEMIELABORADOS!$A$2:$M$6000,6,0),"") | E38: =IFERROR(VLOOKUP(H38,[1]SEMIELABORADOS!$A$2:$M$65536,10,0),"") | F38: =IFERROR(E38*C38,"") | G38: =IFERROR(F38/$F$66,"")
A39: =+A21 -> 0 | B39: =IFERROR(VLOOKUP(H39,[1]SEMIELABORADOS!$A$2:$M$6000,2,0),"") | C39: =+A39 -> 0 | D39: =IFERROR(VLOOKUP(H39,[1]SEMIELABORADOS!$A$2:$M$6000,6,0),"") | E39: =IFERROR(VLOOKUP(H39,[1]SEMIELABORADOS!$A$2:$M$65536,10,0),"") | F39: =IFERROR(E39*C39,"") | G39: =IFERROR(F39/$F$66,"")
A40: =+A22 -> 0 | B40: =IFERROR(VLOOKUP(H40,[1]SEMIELABORADOS!$A$2:$M$6000,2,0),"") | C40: =+A40 -> 0 | D40: =IFERROR(VLOOKUP(H40,[1]SEMIELABORADOS!$A$2:$M$6000,6,0),"") | E40: =IFERROR(VLOOKUP(H40,[1]SEMIELABORADOS!$A$2:$M$65536,10,0),"") | F40: =IFERROR(E40*C40,"") | G40: =IFERROR(F40/$F$66,"")
A41: =+A23 -> 0 | B41: =IFERROR(VLOOKUP(H41,[1]SEMIELABORADOS!$A$2:$M$6000,2,0),"") | C41: =+A41 -> 0 | D41: =IFERROR(VLOOKUP(H41,[1]SEMIELABORADOS!$A$2:$M$6000,6,0),"") | E41: =IFERROR(VLOOKUP(H41,[1]SEMIELABORADOS!$A$2:$M$65536,10,0),"") | F41: =IFERROR(E41*C41,"") | G41: =IFERROR(F41/$F$66,"")
A43: UNIDADES | B43: MODI | C43: UNIDADES | D43: UND MEDIDA | E43: COSTO UNITARIO | F43: TOTAL COSTO | G43: % PREC. DEFINIDO | H43: CODIGOS
A44: =+A35 -> 1000 | B44: Crema Chantilly Blanca (Spoon-Ind) | C44: =+A44 -> 1000 | D44: Gramos | E44: 0.03 | F44: =IFERROR(E44*C44,"") -> 30 | G44: =IFERROR(F44/$F$66,"") -> 0.01265405 | H44: SE00010
A45: =+A36 -> 0 | B45: =IFERROR(VLOOKUP(H45,[1]SEMIELABORADOS!$A$2:$M$6000,2,0),"") | C45: =+A45 -> 0 | D45: =IFERROR(VLOOKUP(H45,[1]SEMIELABORADOS!$A$2:$M$6000,6,0),"") | E45: =IFERROR(VLOOKUP(H45,[1]SEMIELABORADOS!$A$2:$M$65536,12,0),"") | F45: =IFERROR(E45*C45,"") | G45: =IFERROR(F45/$F$66,"")
A46: =+A37 -> 0 | B46: =IFERROR(VLOOKUP(H46,[1]SEMIELABORADOS!$A$2:$M$6000,2,0),"") | C46: =+A46 -> 0 | D46: =IFERROR(VLOOKUP(H46,[1]SEMIELABORADOS!$A$2:$M$6000,6,0),"") | E46: =IFERROR(VLOOKUP(H46,[1]SEMIELABORADOS!$A$2:$M$65536,12,0),"") | F46: =IFERROR(E46*C46,"") | G46: =IFERROR(F46/$F$66,"")
A47: =+A38 -> 0 | B47: =IFERROR(VLOOKUP(H47,[1]SEMIELABORADOS!$A$2:$M$6000,2,0),"") | C47: =+A47 -> 0 | D47: =IFERROR(VLOOKUP(H47,[1]SEMIELABORADOS!$A$2:$M$6000,6,0),"") | E47: =IFERROR(VLOOKUP(H47,[1]SEMIELABORADOS!$A$2:$M$65536,12,0),"") | F47: =IFERROR(E47*C47,"") | G47: =IFERROR(F47/$F$66,"")
A48: =+A39 -> 0 | B48: =IFERROR(VLOOKUP(H48,[1]SEMIELABORADOS!$A$2:$M$6000,2,0),"") | C48: =+A48 -> 0 | D48: =IFERROR(VLOOKUP(H48,[1]SEMIELABORADOS!$A$2:$M$6000,6,0),"") | E48: =IFERROR(VLOOKUP(H48,[1]SEMIELABORADOS!$A$2:$M$65536,12,0),"") | F48: =IFERROR(E48*C48,"") | G48: =IFERROR(F48/$F$66,"")
A49: =+A40 -> 0 | B49: =IFERROR(VLOOKUP(H49,[1]SEMIELABORADOS!$A$2:$M$6000,2,0),"") | C49: =+A49 -> 0 | D49: =IFERROR(VLOOKUP(H49,[1]SEMIELABORADOS!$A$2:$M$6000,6,0),"") | E49: =IFERROR(VLOOKUP(H49,[1]SEMIELABORADOS!$A$2:$M$65536,12,0),"") | F49: =IFERROR(E49*C49,"") | G49: =IFERROR(F49/$F$66,"")
A50: =+A41 -> 0 | B50: =IFERROR(VLOOKUP(H50,[1]SEMIELABORADOS!$A$2:$M$6000,2,0),"") | C50: =+A50 -> 0 | D50: =IFERROR(VLOOKUP(H50,[1]SEMIELABORADOS!$A$2:$M$6000,6,0),"") | E50: =IFERROR(VLOOKUP(H50,[1]SEMIELABORADOS!$A$2:$M$65536,12,0),"") | F50: =IFERROR(E50*C50,"") | G50: =IFERROR(F50/$F$66,"")
A51: 1 | B51: MODI PREPARACION | C51: =+A51 -> 1 | D51: N/A | E51: =+F65 -> 154 | F51: =IFERROR(C51*E51,"") -> 154 | G51: =IFERROR(F51/$F$66,"") -> 0.064957454
B53: TOTAL MATERIA PRIMA | F53: =SUM(F8:F14,F17:F24) -> 2171.228 | G53: =+F53/$F$66 -> 0.91582756 | H53: =+F53/$D$60 -> 2171.228
B54: TOTAL EMPAQUE | F54: =SUM(F27:F32,F35:F41) -> 2.13 | G54: =+F54/$F$66 -> 0.00089843752 | H54: =+F54/$D$60 -> 2.13 | K54: TOTAL MATERIA PRIMA + EMPAQUE | O54: =+F55 -> 2173.358
B55: TOTAL MATERIAS P. + EMPAQUES | F55: =+F53+F54 -> 2173.358 | G55: =+F55/$F$66 -> 0.91672599 | H55: =+F55/$D$60 -> 2173.358 | M55: MODI PLANTA | O55: =+H56 -> 184
C56: TOTAL MODI | F56: =SUM(F44:F51) -> 184 | G56: =+F56/$F$66 -> 0.077611504 | H56: =+F56/$D$60 -> 184 | M56: DESECHO | O56: =O54*N56 -> 0
M57: COSTO PLANTA | O57: =SUM(O54:O56) -> 2357.358
B58: GRAMOS | D58: 1000 | H58: =+H56/77 -> 2.3896104 | M58: % GIF | O58: =+H59 -> 198.33766
B59: PESO POR UNIDAD | D59: 1000 | H59: =+H58*83 -> 198.33766 | M59: COSTO PLANTA | O59: =SUM(O57:O58) -> 2555.6957
B60: UNIDADES TOTALES | D60: =+D58/D59 -> 1 | O60: =+O59*N60 -> 0
B61: UNIDAD MEDIDA | K61: PRECIO DE VENTA PLANTA A LOCAL | O61: =SUM(O59:O60) -> 2555.6957 | P61: GR
E62: S/ COSTO | F62: TOTAL | L62: UNIDAD | O62: =+O61/D60 -> 2555.6957 | P62: =+O62/D59 -> 2.5556957
B63: TOTAL MATERIAS P. + EMPAQUES | E63: =+F63/F63 -> 1 | F63: =SUM(F55) -> 2173.358 | G63: =+F63/$F$66 -> 0.91672599
B64: DESECHOS Y PERDIDAS | E64: 0.02 | F64: =+F53*E64 -> 43.42456 | G64: =+F64/$F$66 -> 0.018316551
B65: MANO OBRA DIRECTA | D65: 2 | E65: 77 | F65: =+E65*D65 -> 154 | G65: =+F65/$F$66 -> 0.064957454
B66: TOTAL COSTO PLANTA | F66: =SUM(F63:F65) -> 2370.7826 | G66: =+F66/$F$66 -> 1 | M66: MODI 77 COLONES X MIN
M67: Gf 83 colones min
B68: COSTO POR GRAMO | M68: ,
B69: TOTAL COSTO MATERIA PRIMA | C69: =+F53 -> 2171.228 | D69: =+D58 -> 1000 | E69: =+C69/D69 -> 2.171228
B71: TOTAL COSTO UNIDAD MP+DESECHO+EMPAQUE | C71: =SUM(F63:F64) -> 2216.7826 | D71: =+D58 -> 1000 | E71: =+C71/D71 -> 2.2167826
B73: TOTAL MODI PREPARACION POR GRAMO | C73: =+F65 -> 154 | D73: =+D58 -> 1000 | E73: =+C73/D73 -> 0.154
B74: TOTAL MODI POR GRAMO | C74: =+F56 -> 184 | D74: =+D73 -> 1000 | E74: =+C74/D74 -> 0.184
B76: TOTAL EMPAQUE POR GRAMO | C76: =+F54 -> 2.13 | D76: =+D74 -> 1000 | E76: =+C76/D76 -> 0.00213
B78: TOTAL GRAMO MP+MODI | E78: =+E69+E74 -> 2.355228
B80: COSTO POR UNIDAD
B81: TOTAL COSTO MATERIA PRIMA | C81: =+C69 -> 2171.228 | D81: =+D60 -> 1 | E81: =+C81/D81 -> 2171.228
B83: TOTAL COSTO UNIDAD MP+DESECHO+EMPAQUE | C83: =+C71 -> 2216.7826 | D83: =+D60 -> 1 | E83: =+C83/D83 -> 2216.7826
B85: TOTAL MODI POR GRAMO | C85: =+C73 -> 154 | D85: =+D60 -> 1 | E85: =+C85/D85 -> 154
B86: TOTAL MODI POR GRAMO | C86: =+C74 -> 184 | D86: =+D85 -> 1 | E86: =+C86/D86 -> 184

Sheet Relleno de Frambuesa
C1: SERVICIOS DE PASTELERIA S.A. | H1: CÓDIGO:
C2: ESPECIFICACION DE RECETA | H2: REVISIÓN:
C3: RELLENO DE FRAMBUESA | H3: FECHA DE APROBACIÓN:
C4: Elaborado | D4: Mariela Barrantes Sánchez, Chef
C5: Aprobado | D5: Esteban Cartin, Gte Manufactura
A6: AREA QUE PRODUCE: | D6: Cocina | G6: AREA QUE EMPACA: | I6: Cocina
A7: # Código | B7: # Código Netsuite | C7: Descripción del ingrediente | D7: Marca | E7: Unidad Internacional | G7: Medida alternativa | I7: Costo - Referencia
E8: Cantidad | F8: Unidad medida | G8: Cantidad | H8: Unidad medida | I8: Colones
C9: Ensamble
B10: MP10074 | C10: Azucar Blanco Industrial | D10: LAYCA | E10: =350*4.33 -> 1515.5 | F10: g
B11: MP10896 | C11: Frambuesa Congelada | E11: =800*4.33 -> 3464 | F11: g
B12: MP10026 | C12: Almidon Modificado | D12: ASEAL | E12: =50*4.33 -> 216.5 | F12: g
C13: Agua | D13: FAS | E13: =100*4.33 -> 433 | F13: g
C14: Agua | D14: FAS | E14: =90*4.33 -> 389.7 | F14: g | H14: Para almidon
C17: DECORACIÓN
C24: EMPAQUE
D39: Cantidad | E39: Unidad | K39: =5000/D40 -> 1
A40: PESO TOTAL OBTENIDO | D40: 5000 | E40: g | F40: Tiempo de Horneo:
A41: TIEMPO TOTAL DE PREPARACION | D41: 10 | E41: min | F41: Horno:
A42: CANTIDAD DE PORCIONES OBTENIDAS | D42: 1 | E42: Tanda | F42: Temperatura de Horneo:
A43: PESO DE CADA PORCIÓN | D43: 5000 | E43: g | F43: Otros
A44: MERMA | D44: =SUM(E10:E14)-D40 -> 1018.7 | E44: g
A45: PROCEDIMIENTO DE PREPARACION DE LA RECETA
A46: 1, Colocar en una olla todos los ingredientes, excepto el almidon.
A47: 2, Cuando todo este disuelto y empieze a hervir, agregar el almidon y dejar que espese sin dejar de mover.
A48: 3, Dejar enfria y guardar.
A57: CONTROL DE CAMBIOS

Sheet Costo relleno de Frambuesa
E1: Precio Local | F1: Costo MP | G1: Costo EM | H1: Costo MO
E2: =IFERROR(O62,"") -> 31596.075 | F2: =IFERROR(H53,"") -> 29996.075 | G2: =IFERROR(H54,"") -> 0 | H2: =IFERROR(H56,"") -> 770
A5: ESTRUCTURA DE COSTOS
F6: Fecha: | H6: =TODAY() -> 46083
A7: UNIDADES | B7: DESCRIPCION MAT.PRIMA | C7: UNIDADES | D7: UND MEDIDA | E7: COSTO UNITARIO | F7: TOTAL COSTO | G7: % PREC. DEFINIDO | H7: CODIGOS
A8: 1515.5 | B8: Azucar Blanco Industrial | C8: =+A8 -> 1515.5 | D8: Gramos | E8: 1.01 | F8: =IFERROR(C8*E8,"") -> 1530.655 | G8: =IFERROR(F8/$F$66,"") -> 0.048799821 | H8: MP10074
A9: 3464 | B9: Frambuesa Congelada | C9: =+A9 -> 3464 | D9: Gramos | E9: 8.09 | F9: =IFERROR(C9*E9,"") -> 28023.76 | G9: =IFERROR(F9/$F$66,"") -> 0.89344396 | H9: NUEVO
A10: 216.5 | B10: Almidon Modificado | C10: =+A10 -> 216.5 | D10: Gramos | E10: 2.04 | F10: =IFERROR(C10*E10,"") -> 441.66 | G10: =IFERROR(F10/$F$66,"") -> 0.014080853 | H10: MP10026
B11: =IFERROR(VLOOKUP(H11,'[1]Consolidado MP Planta'!$A$2:$M$823,3,0),"") | C11: =+A11 -> 0 | D11: =IFERROR(VLOOKUP(H11,'[1]Consolidado MP Planta'!$A$2:$M$823,13,0),"") | E11: =IFERROR(VLOOKUP(H11,'[1]Consolidado MP Planta'!$A$2:$M$823,12,0),"") | F11: =IFERROR(C11*E11,"") | G11: =IFERROR(F11/$F$66,"")
B12: =IFERROR(VLOOKUP(H12,'[1]Consolidado MP Planta'!$A$2:$M$823,3,0),"") | C12: =+A12 -> 0 | D12: =IFERROR(VLOOKUP(H12,'[1]Consolidado MP Planta'!$A$2:$M$823,13,0),"") | E12: =IFERROR(VLOOKUP(H12,'[1]Consolidado MP Planta'!$A$2:$M$823,12,0),"") | F12: =IFERROR(C12*E12,"") | G12: =IFERROR(F12/$F$66,"")
B13: =IFERROR(VLOOKUP(H13,'[1]Consolidado MP Planta'!$A$2:$M$823,3,0),"") | C13: =+A13 -> 0 | D13: =IFERROR(VLOOKUP(H13,'[1]Consolidado MP Planta'!$A$2:$M$823,13,0),"") | E13: =IFERROR(VLOOKUP(H13,'[1]Consolidado MP Planta'!$A$2:$M$823,12,0),"") | F13: =IFERROR(C13*E13,"") | G13: =IFERROR(F13/$F$66,"")
B14: =IFERROR(VLOOKUP(H14,'[1]Consolidado MP Planta'!$A$2:$M$823,3,0),"") | C14: =+A14 -> 0 | D14: =IFERROR(VLOOKUP(H14,'[1]Consolidado MP Planta'!$A$2:$M$823,13,0),"") | E14: =IFERROR(VLOOKUP(H14,'[1]Consolidado MP Planta'!$A$2:$M$823,12,0),"") | F14: =IFERROR(C14*E14,"") | G14: =IFERROR(F14/$F$66,"")
B15: =IFERROR(VLOOKUP(H15,[2]Hoja2!$A$2:$G$589,2,0),"")
A16: UNIDADES | B16: MATERIA PRIMA SEMIELABORADOS | C16: UNIDADES | D16: UND MEDIDA | E16: COSTO UNITARIO | F16: TOTAL COSTO | G16: % PREC. DEFINIDO | H16: CODIGOS
B17: =IFERROR(VLOOKUP(H17,[1]SEMIELABORADOS!$A$2:$M$6000,2,0),"") | C17: =+A17 -> 0 | D17: =IFERROR(VLOOKUP(H17,[1]SEMIELABORADOS!$A$2:$M$6000,6,0),"") | E17: =IFERROR(VLOOKUP(H17,[1]SEMIELABORADOS!$A$2:$H$65536,8,0),"") | F17: =IFERROR(E17*C17,"") | G17: =IFERROR(F17/$F$66,"")
B18: =IFERROR(VLOOKUP(H18,[1]SEMIELABORADOS!$A$2:$M$6000,2,0),"") | C18: =+A18 -> 0 | D18: =IFERROR(VLOOKUP(H18,[1]SEMIELABORADOS!$A$2:$M$6000,6,0),"") | E18: =IFERROR(VLOOKUP(H18,[1]SEMIELABORADOS!$A$2:$H$65536,8,0),"") | F18: =IFERROR(E18*C18,"") | G18: =IFERROR(F18/$F$66,"")
B19: =IFERROR(VLOOKUP(H19,[1]SEMIELABORADOS!$A$2:$M$6000,2,0),"") | C19: =+A19 -> 0 | D19: =IFERROR(VLOOKUP(H19,[1]SEMIELABORADOS!$A$2:$M$6000,6,0),"") | E19: =IFERROR(VLOOKUP(H19,[1]SEMIELABORADOS!$A$2:$H$65536,8,0),"") | F19: =IFERROR(E19*C19,"") | G19: =IFERROR(F19/$F$66,"")
B20: =IFERROR(VLOOKUP(H20,[1]SEMIELABORADOS!$A$2:$M$6000,2,0),"") | C20: =+A20 -> 0 | D20: =IFERROR(VLOOKUP(H20,[1]SEMIELABORADOS!$A$2:$M$6000,6,0),"") | E20: =IFERROR(VLOOKUP(H20,[1]SEMIELABORADOS!$A$2:$H$65536,8,0),"") | F20: =IFERROR(E20*C20,"") | G20: =IFERROR(F20/$F$66,"")
B21: =IFERROR(VLOOKUP(H21,[1]SEMIELABORADOS!$A$2:$M$6000,2,0),"") | C21: =+A21 -> 0 | D21: =IFERROR(VLOOKUP(H21,[1]SEMIELABORADOS!$A$2:$M$6000,6,0),"") | E21: =IFERROR(VLOOKUP(H21,[1]SEMIELABORADOS!$A$2:$H$65536,8,0),"") | F21: =IFERROR(E21*C21,"") | G21: =IFERROR(F21/$F$66,"")
B22: =IFERROR(VLOOKUP(H22,[1]SEMIELABORADOS!$A$2:$M$6000,2,0),"") | C22: =+A22 -> 0 | D22: =IFERROR(VLOOKUP(H22,[1]SEMIELABORADOS!$A$2:$M$6000,6,0),"") | E22: =IFERROR(VLOOKUP(H22,[1]SEMIELABORADOS!$A$2:$H$65536,8,0),"") | F22: =IFERROR(E22*C22,"") | G22: =IFERROR(F22/$F$66,"")
B23: =IFERROR(VLOOKUP(H23,[1]SEMIELABORADOS!$A$2:$M$6000,2,0),"") | C23: =+A23 -> 0 | D23: =IFERROR(VLOOKUP(H23,[1]SEMIELABORADOS!$A$2:$M$6000,6,0),"") | E23: =IFERROR(VLOOKUP(H23,[1]SEMIELABORADOS!$A$2:$H$65536,8,0),"") | F23: =IFERROR(E23*C23,"") | G23: =IFERROR(F23/$F$66,"")
B24: =IFERROR(VLOOKUP(H24,[1]SEMIELABORADOS!$A$2:$M$6000,2,0),"") | C24: =+A24 -> 0 | D24: =IFERROR(VLOOKUP(H24,[1]SEMIELABORADOS!$A$2:$M$6000,6,0),"") | E24: =IFERROR(VLOOKUP(H24,[1]SEMIELABORADOS!$A$2:$H$65536,8,0),"") | F24: =IFERROR(E24*C24,"") | G24: =IFERROR(F24/$F$66,"")
A26: UNIDADES | B26: EMPAQUE | C26: UNIDADES | D26: UND MEDIDA | E26: COSTO UNITARIO | F26: TOTAL COSTO | G26: % PREC. DEFINIDO | H26: CODIGOS
A27: 0 | B27: =IFERROR(VLOOKUP(H27,'[1]Consolidado MP Planta'!$A$2:$M$823,3,0),"") | C27: =+A27 -> 0 | D27: =IFERROR(VLOOKUP(H27,'[1]Consolidado MP Planta'!$A$2:$M$823,13,0),"") | E27: =IFERROR(VLOOKUP(H27,'[1]Consolidado MP Planta'!$A$2:$M$823,12,0),"") | F27: =IFERROR(C27*E27,"") | G27: =IFERROR(F27/$F$66,"")
B28: =IFERROR(VLOOKUP(H28,'[1]Consolidado MP Planta'!$A$2:$M$823,3,0),"") | C28: =+A28 -> 0 | D28: =IFERROR(VLOOKUP(H28,'[1]Consolidado MP Planta'!$A$2:$M$823,13,0),"") | E28: =IFERROR(VLOOKUP(H28,'[1]Consolidado MP Planta'!$A$2:$M$823,12,0),"") | F28: =IFERROR(C28*E28,"") | G28: =IFERROR(F28/$F$66,"")
B29: =IFERROR(VLOOKUP(H29,'[1]Consolidado MP Planta'!$A$2:$M$823,3,0),"") | C29: =+A29 -> 0 | D29: =IFERROR(VLOOKUP(H29,'[1]Consolidado MP Planta'!$A$2:$M$823,13,0),"") | E29: =IFERROR(VLOOKUP(H29,'[1]Consolidado MP Planta'!$A$2:$M$823,12,0),"") | F29: =IFERROR(C29*E29,"") | G29: =IFERROR(F29/$F$66,"")
B30: =IFERROR(VLOOKUP(H30,'[1]Consolidado MP Planta'!$A$2:$M$823,3,0),"") | C30: =+A30 -> 0 | D30: =IFERROR(VLOOKUP(H30,'[1]Consolidado MP Planta'!$A$2:$M$823,13,0),"") | E30: =IFERROR(VLOOKUP(H30,'[1]Consolidado MP Planta'!$A$2:$M$823,12,0),"") | F30: =IFERROR(C30*E30,"") | G30: =IFERROR(F30/$F$66,"")
B31: =IFERROR(VLOOKUP(H31,'[1]Consolidado MP Planta'!$A$2:$M$823,3,0),"") | C31: =+A31 -> 0 | D31: =IFERROR(VLOOKUP(H31,'[1]Consolidado MP Planta'!$A$2:$M$823,13,0),"") | E31: =IFERROR(VLOOKUP(H31,'[1]Consolidado MP Planta'!$A$2:$M$823,12,0),"") | F31: =IFERROR(C31*E31,"") | G31: =IFERROR(F31/$F$66,"")
B32: =IFERROR(VLOOKUP(H32,'[1]Consolidado MP Planta'!$A$2:$M$823,3,0),"") | C32: =+A32 -> 0 | D32: =IFERROR(VLOOKUP(H32,'[1]Consolidado MP Planta'!$A$2:$M$823,13,0),"") | E32: =IFERROR(VLOOKUP(H32,'[1]Consolidado MP Planta'!$A$2:$M$823,12,0),"") | F32: =IFERROR(C32*E32,"") | G32: =IFERROR(F32/$F$66,"")
A34: UNIDADES | B34: EMPAQUE SEMIELABORADOS | C34: UNIDADES | D34: UND MEDIDA | E34: COSTO UNITARIO | F34: TOTAL COSTO | G34: % PREC. DEFINIDO | H34: CODIGOS
A35: =+A17 -> 0 | B35: =IFERROR(VLOOKUP(H35,[1]SEMIELABORADOS!$A$2:$M$6000,2,0),"") | C35: =+A35 -> 0 | D35: =IFERROR(VLOOKUP(H35,[1]SEMIELABORADOS!$A$2:$M$6000,6,0),"") | E35: =IFERROR(VLOOKUP(H35,[1]SEMIELABORADOS!$A$2:$M$65536,10,0),"") | F35: =IFERROR(E35*C35,"") | G35: =IFERROR(F35/$F$66,"")
A36: =+A18 -> 0 | B36: =IFERROR(VLOOKUP(H36,[1]SEMIELABORADOS!$A$2:$M$6000,2,0),"") | C36: =+A36 -> 0 | D36: =IFERROR(VLOOKUP(H36,[1]SEMIELABORADOS!$A$2:$M$6000,6,0),"") | E36: =IFERROR(VLOOKUP(H36,[1]SEMIELABORADOS!$A$2:$M$65536,10,0),"") | F36: =IFERROR(E36*C36,"") | G36: =IFERROR(F36/$F$66,"")
A37: =+A19 -> 0 | B37: =IFERROR(VLOOKUP(H37,[1]SEMIELABORADOS!$A$2:$M$6000,2,0),"") | C37: =+A37 -> 0 | D37: =IFERROR(VLOOKUP(H37,[1]SEMIELABORADOS!$A$2:$M$6000,6,0),"") | E37: =IFERROR(VLOOKUP(H37,[1]SEMIELABORADOS!$A$2:$M$65536,10,0),"") | F37: =IFERROR(E37*C37,"") | G37: =IFERROR(F37/$F$66,"")
A38: =+A20 -> 0 | B38: =IFERROR(VLOOKUP(H38,[1]SEMIELABORADOS!$A$2:$M$6000,2,0),"") | C38: =+A38 -> 0 | D38: =IFERROR(VLOOKUP(H38,[1]SEMIELABORADOS!$A$2:$M$6000,6,0),"") | E38: =IFERROR(VLOOKUP(H38,[1]SEMIELABORADOS!$A$2:$M$65536,10,0),"") | F38: =IFERROR(E38*C38,"") | G38: =IFERROR(F38/$F$66,"")
A39: =+A21 -> 0 | B39: =IFERROR(VLOOKUP(H39,[1]SEMIELABORADOS!$A$2:$M$6000,2,0),"") | C39: =+A39 -> 0 | D39: =IFERROR(VLOOKUP(H39,[1]SEMIELABORADOS!$A$2:$M$6000,6,0),"") | E39: =IFERROR(VLOOKUP(H39,[1]SEMIELABORADOS!$A$2:$M$65536,10,0),"") | F39: =IFERROR(E39*C39,"") | G39: =IFERROR(F39/$F$66,"")
A40: =+A22 -> 0 | B40: =IFERROR(VLOOKUP(H40,[1]SEMIELABORADOS!$A$2:$M$6000,2,0),"") | C40: =+A40 -> 0 | D40: =IFERROR(VLOOKUP(H40,[1]SEMIELABORADOS!$A$2:$M$6000,6,0),"") | E40: =IFERROR(VLOOKUP(H40,[1]SEMIELABORADOS!$A$2:$M$65536,10,0),"") | F40: =IFERROR(E40*C40,"") | G40: =IFERROR(F40/$F$66,"")
A41: =+A23 -> 0 | B41: =IFERROR(VLOOKUP(H41,[1]SEMIELABORADOS!$A$2:$M$6000,2,0),"") | C41: =+A41 -> 0 | D41: =IFERROR(VLOOKUP(H41,[1]SEMIELABORADOS!$A$2:$M$6000,6,0),"") | E41: =IFERROR(VLOOKUP(H41,[1]SEMIELABORADOS!$A$2:$M$65536,10,0),"") | F41: =IFERROR(E41*C41,"") | G41: =IFERROR(F41/$F$66,"")
A43: UNIDADES | B43: MODI | C43: UNIDADES | D43: UND MEDIDA | E43: COSTO UNITARIO | F43: TOTAL COSTO | G43: % PREC. DEFINIDO | H43: CODIGOS
A44: =+A35 -> 0 | B44: =IFERROR(VLOOKUP(H44,[1]SEMIELABORADOS!$A$2:$M$6000,2,0),"") | C44: =+A44 -> 0 | D44: =IFERROR(VLOOKUP(H44,[1]SEMIELABORADOS!$A$2:$M$6000,6,0),"") | E44: =IFERROR(VLOOKUP(H44,[1]SEMIELABORADOS!$A$2:$M$65536,12,0),"") | F44: =IFERROR(E44*C44,"") | G44: =IFERROR(F44/$F$66,"")
A45: =+A36 -> 0 | B45: =IFERROR(VLOOKUP(H45,[1]SEMIELABORADOS!$A$2:$M$6000,2,0),"") | C45: =+A45 -> 0 | D45: =IFERROR(VLOOKUP(H45,[1]SEMIELABORADOS!$A$2:$M$6000,6,0),"") | E45: =IFERROR(VLOOKUP(H45,[1]SEMIELABORADOS!$A$2:$M$65536,12,0),"") | F45: =IFERROR(E45*C45,"") | G45: =IFERROR(F45/$F$66,"")
A46: =+A37 -> 0 | B46: =IFERROR(VLOOKUP(H46,[1]SEMIELABORADOS!$A$2:$M$6000,2,0),"") | C46: =+A46 -> 0 | D46: =IFERROR(VLOOKUP(H46,[1]SEMIELABORADOS!$A$2:$M$6000,6,0),"") | E46: =IFERROR(VLOOKUP(H46,[1]SEMIELABORADOS!$A$2:$M$65536,12,0),"") | F46: =IFERROR(E46*C46,"") | G46: =IFERROR(F46/$F$66,"")
A47: =+A38 -> 0 | B47: =IFERROR(VLOOKUP(H47,[1]SEMIELABORADOS!$A$2:$M$6000,2,0),"") | C47: =+A47 -> 0 | D47: =IFERROR(VLOOKUP(H47,[1]SEMIELABORADOS!$A$2:$M$6000,6,0),"") | E47: =IFERROR(VLOOKUP(H47,[1]SEMIELABORADOS!$A$2:$M$65536,12,0),"") | F47: =IFERROR(E47*C47,"") | G47: =IFERROR(F47/$F$66,"")
A48: =+A39 -> 0 | B48: =IFERROR(VLOOKUP(H48,[1]SEMIELABORADOS!$A$2:$M$6000,2,0),"") | C48: =+A48 -> 0 | D48: =IFERROR(VLOOKUP(H48,[1]SEMIELABORADOS!$A$2:$M$6000,6,0),"") | E48: =IFERROR(VLOOKUP(H48,[1]SEMIELABORADOS!$A$2:$M$65536,12,0),"") | F48: =IFERROR(E48*C48,"") | G48: =IFERROR(F48/$F$66,"")
A49: =+A40 -> 0 | B49: =IFERROR(VLOOKUP(H49,[1]SEMIELABORADOS!$A$2:$M$6000,2,0),"") | C49: =+A49 -> 0 | D49: =IFERROR(VLOOKUP(H49,[1]SEMIELABORADOS!$A$2:$M$6000,6,0),"") | E49: =IFERROR(VLOOKUP(H49,[1]SEMIELABORADOS!$A$2:$M$65536,12,0),"") | F49: =IFERROR(E49*C49,"") | G49: =IFERROR(F49/$F$66,"")
A50: =+A41 -> 0 | B50: =IFERROR(VLOOKUP(H50,[1]SEMIELABORADOS!$A$2:$M$6000,2,0),"") | C50: =+A50 -> 0 | D50: =IFERROR(VLOOKUP(H50,[1]SEMIELABORADOS!$A$2:$M$6000,6,0),"") | E50: =IFERROR(VLOOKUP(H50,[1]SEMIELABORADOS!$A$2:$M$65536,12,0),"") | F50: =IFERROR(E50*C50,"") | G50: =IFERROR(F50/$F$66,"")
A51: 1 | B51: MODI PREPARACION | C51: =+A51 -> 1 | D51: N/A | E51: =+F65 -> 770 | F51: =IFERROR(C51*E51,"") -> 770 | G51: =IFERROR(F51/$F$66,"") -> 0.024548877
B53: TOTAL MATERIA PRIMA | F53: =SUM(F8:F14,F17:F24) -> 29996.075 | G53: =+F53/$F$66 -> 0.95632463 | H53: =+F53/$D$60 -> 29996.075
B54: TOTAL EMPAQUE | F54: =SUM(F27:F32,F35:F41) -> 0 | G54: =+F54/$F$66 -> 0 | H54: =+F54/$D$60 -> 0 | K54: TOTAL MATERIA PRIMA + EMPAQUE | O54: =+F55 -> 29996.075
B55: TOTAL MATERIAS P. + EMPAQUES | F55: =+F53+F54 -> 29996.075 | G55: =+F55/$F$66 -> 0.95632463 | H55: =+F55/$D$60 -> 29996.075 | M55: MODI PLANTA | O55: =+H56 -> 770
C56: TOTAL MODI | F56: =SUM(F44:F51) -> 770 | G56: =+F56/$F$66 -> 0.024548877 | H56: =+F56/$D$60 -> 770 | M56: DESECHO | O56: =O54*N56 -> 0
M57: COSTO PLANTA | O57: =SUM(O54:O56) -> 30766.075
B58: GRAMOS | D58: 5000 | H58: =+H56/77 -> 10 | M58: % GIF | O58: =+H59 -> 830
B59: PESO POR UNIDAD | D59: 5000 | H59: =+H58*83 -> 830 | M59: COSTO PLANTA | O59: =SUM(O57:O58) -> 31596.075
B60: UNIDADES TOTALES | D60: =+D58/D59 -> 1 | O60: =+O59*N60 -> 0
B61: UNIDAD MEDIDA | K61: PRECIO DE VENTA PLANTA A LOCAL | O61: =SUM(O59:O60) -> 31596.075 | P61: GR
E62: S/ COSTO | F62: TOTAL | L62: UNIDAD | O62: =+O61/D60 -> 31596.075 | P62: =+O62/D59 -> 6.319215
B63: TOTAL MATERIAS P. + EMPAQUES | E63: =+F63/F63 -> 1 | F63: =SUM(F55) -> 29996.075 | G63: =+F63/$F$66 -> 0.95632463
B64: DESECHOS Y PERDIDAS | E64: 0.02 | F64: =+F53*E64 -> 599.9215 | G64: =+F64/$F$66 -> 0.019126493
B65: MANO OBRA DIRECTA | D65: 10 | E65: 77 | F65: =+E65*D65 -> 770 | G65: =+F65/$F$66 -> 0.024548877
B66: TOTAL COSTO PLANTA | F66: =SUM(F63:F65) -> 31365.996 | G66: =+F66/$F$66 -> 1 | M66: MODI 77 COLONES X MIN
M67: Gf 83 colones min
B68: COSTO POR GRAMO | M68: ,
B69: TOTAL COSTO MATERIA PRIMA | C69: =+F53 -> 29996.075 | D69: =+D58 -> 5000 | E69: =+C69/D69 -> 5.999215
B71: TOTAL COSTO UNIDAD MP+DESECHO+EMPAQUE | C71: =SUM(F63:F64) -> 30595.996 | D71: =+D58 -> 5000 | E71: =+C71/D71 -> 6.1191993
B73: TOTAL MODI PREPARACION POR GRAMO | C73: =+F65 -> 770 | D73: =+D58 -> 5000 | E73: =+C73/D73 -> 0.154
B74: TOTAL MODI POR GRAMO | C74: =+F56 -> 770 | D74: =+D73 -> 5000 | E74: =+C74/D74 -> 0.154
B76: TOTAL EMPAQUE POR GRAMO | C76: =+F54 -> 0 | D76: =+D74 -> 5000 | E76: =+C76/D76 -> 0
B78: TOTAL GRAMO MP+MODI | E78: =+E69+E74 -> 6.153215
B80: COSTO POR UNIDAD
B81: TOTAL COSTO MATERIA PRIMA | C81: =+C69 -> 29996.075 | D81: =+D60 -> 1 | E81: =+C81/D81 -> 29996.075
B83: TOTAL COSTO UNIDAD MP+DESECHO+EMPAQUE | C83: =+C71 -> 30595.996 | D83: =+D60 -> 1 | E83: =+C83/D83 -> 30595.996
B85: TOTAL MODI POR GRAMO | C85: =+C73 -> 770 | D85: =+D60 -> 1 | E85: =+C85/D85 -> 770
B86: TOTAL MODI POR GRAMO | C86: =+C74 -> 770 | D86: =+D85 -> 1 | E86: =+C86/D86 -> 770

Sheet Costo  empaq Relleno Frambuesa
E1: Precio Local | F1: Costo MP | G1: Costo EM | H1: Costo MO
E2: =IFERROR(O62,"") -> 31774.255 | F2: =IFERROR(H53,"") -> 29996.075 | G2: =IFERROR(H54,"") -> 18.18 | H2: =IFERROR(H56,"") -> 847
A5: ESTRUCTURA DE COSTOS
F6: Fecha: | H6: =TODAY() -> 46083
A7: UNIDADES | B7: DESCRIPCION MAT.PRIMA | C7: UNIDADES | D7: UND MEDIDA | E7: COSTO UNITARIO | F7: TOTAL COSTO | G7: % PREC. DEFINIDO | H7: CODIGOS
B8: =IFERROR(VLOOKUP(H8,'[1]Consolidado MP Planta'!$A$2:$M$823,3,0),"") | C8: =+A8 -> 0 | D8: =IFERROR(VLOOKUP(H8,'[1]Consolidado MP Planta'!$A$2:$M$823,13,0),"") | E8: =IFERROR(VLOOKUP(H8,'[1]Consolidado MP Planta'!$A$2:$M$823,12,0),"") | F8: =IFERROR(C8*E8,"") | G8: =IFERROR(F8/$F$66,"")
B9: =IFERROR(VLOOKUP(H9,'[1]Consolidado MP Planta'!$A$2:$M$823,3,0),"") | C9: =+A9 -> 0 | D9: =IFERROR(VLOOKUP(H9,'[1]Consolidado MP Planta'!$A$2:$M$823,13,0),"") | E9: =IFERROR(VLOOKUP(H9,'[1]Consolidado MP Planta'!$A$2:$M$823,12,0),"") | F9: =IFERROR(C9*E9,"") | G9: =IFERROR(F9/$F$66,"")
B10: =IFERROR(VLOOKUP(H10,'[1]Consolidado MP Planta'!$A$2:$M$823,3,0),"") | C10: =+A10 -> 0 | D10: =IFERROR(VLOOKUP(H10,'[1]Consolidado MP Planta'!$A$2:$M$823,13,0),"") | E10: =IFERROR(VLOOKUP(H10,'[1]Consolidado MP Planta'!$A$2:$M$823,12,0),"") | F10: =IFERROR(C10*E10,"") | G10: =IFERROR(F10/$F$66,"")
B11: =IFERROR(VLOOKUP(H11,'[1]Consolidado MP Planta'!$A$2:$M$823,3,0),"") | C11: =+A11 -> 0 | D11: =IFERROR(VLOOKUP(H11,'[1]Consolidado MP Planta'!$A$2:$M$823,13,0),"") | E11: =IFERROR(VLOOKUP(H11,'[1]Consolidado MP Planta'!$A$2:$M$823,12,0),"") | F11: =IFERROR(C11*E11,"") | G11: =IFERROR(F11/$F$66,"")
B12: =IFERROR(VLOOKUP(H12,'[1]Consolidado MP Planta'!$A$2:$M$823,3,0),"") | C12: =+A12 -> 0 | D12: =IFERROR(VLOOKUP(H12,'[1]Consolidado MP Planta'!$A$2:$M$823,13,0),"") | E12: =IFERROR(VLOOKUP(H12,'[1]Consolidado MP Planta'!$A$2:$M$823,12,0),"") | F12: =IFERROR(C12*E12,"") | G12: =IFERROR(F12/$F$66,"")
B13: =IFERROR(VLOOKUP(H13,'[1]Consolidado MP Planta'!$A$2:$M$823,3,0),"") | C13: =+A13 -> 0 | D13: =IFERROR(VLOOKUP(H13,'[1]Consolidado MP Planta'!$A$2:$M$823,13,0),"") | E13: =IFERROR(VLOOKUP(H13,'[1]Consolidado MP Planta'!$A$2:$M$823,12,0),"") | F13: =IFERROR(C13*E13,"") | G13: =IFERROR(F13/$F$66,"")
B14: =IFERROR(VLOOKUP(H14,'[1]Consolidado MP Planta'!$A$2:$M$823,3,0),"") | C14: =+A14 -> 0 | D14: =IFERROR(VLOOKUP(H14,'[1]Consolidado MP Planta'!$A$2:$M$823,13,0),"") | E14: =IFERROR(VLOOKUP(H14,'[1]Consolidado MP Planta'!$A$2:$M$823,12,0),"") | F14: =IFERROR(C14*E14,"") | G14: =IFERROR(F14/$F$66,"")
B15: =IFERROR(VLOOKUP(H15,[2]Hoja2!$A$2:$G$589,2,0),"")
A16: UNIDADES | B16: MATERIA PRIMA SEMIELABORADOS | C16: UNIDADES | D16: UND MEDIDA | E16: COSTO UNITARIO | F16: TOTAL COSTO | G16: % PREC. DEFINIDO | H16: CODIGOS
A17: 5000 | B17: Relleno Frambuesa | C17: =+A17 -> 5000 | D17: Gramos | E17: =+'Costo relleno de Frambuesa'!E69 -> 5.999215 | F17: =IFERROR(E17*C17,"") -> 29996.075 | G17: =IFERROR(F17/$F$66,"") -> 0.97735175
B18: =IFERROR(VLOOKUP(H18,[1]SEMIELABORADOS!$A$2:$M$6000,2,0),"") | C18: =+A18 -> 0 | D18: =IFERROR(VLOOKUP(H18,[1]SEMIELABORADOS!$A$2:$M$6000,6,0),"") | E18: =IFERROR(VLOOKUP(H18,[1]SEMIELABORADOS!$A$2:$H$65536,8,0),"") | F18: =IFERROR(E18*C18,"") | G18: =IFERROR(F18/$F$66,"")
B19: =IFERROR(VLOOKUP(H19,[1]SEMIELABORADOS!$A$2:$M$6000,2,0),"") | C19: =+A19 -> 0 | D19: =IFERROR(VLOOKUP(H19,[1]SEMIELABORADOS!$A$2:$M$6000,6,0),"") | E19: =IFERROR(VLOOKUP(H19,[1]SEMIELABORADOS!$A$2:$H$65536,8,0),"") | F19: =IFERROR(E19*C19,"") | G19: =IFERROR(F19/$F$66,"")
B20: =IFERROR(VLOOKUP(H20,[1]SEMIELABORADOS!$A$2:$M$6000,2,0),"") | C20: =+A20 -> 0 | D20: =IFERROR(VLOOKUP(H20,[1]SEMIELABORADOS!$A$2:$M$6000,6,0),"") | E20: =IFERROR(VLOOKUP(H20,[1]SEMIELABORADOS!$A$2:$H$65536,8,0),"") | F20: =IFERROR(E20*C20,"") | G20: =IFERROR(F20/$F$66,"")
B21: =IFERROR(VLOOKUP(H21,[1]SEMIELABORADOS!$A$2:$M$6000,2,0),"") | C21: =+A21 -> 0 | D21: =IFERROR(VLOOKUP(H21,[1]SEMIELABORADOS!$A$2:$M$6000,6,0),"") | E21: =IFERROR(VLOOKUP(H21,[1]SEMIELABORADOS!$A$2:$H$65536,8,0),"") | F21: =IFERROR(E21*C21,"") | G21: =IFERROR(F21/$F$66,"")
B22: =IFERROR(VLOOKUP(H22,[1]SEMIELABORADOS!$A$2:$M$6000,2,0),"") | C22: =+A22 -> 0 | D22: =IFERROR(VLOOKUP(H22,[1]SEMIELABORADOS!$A$2:$M$6000,6,0),"") | E22: =IFERROR(VLOOKUP(H22,[1]SEMIELABORADOS!$A$2:$H$65536,8,0),"") | F22: =IFERROR(E22*C22,"") | G22: =IFERROR(F22/$F$66,"")
B23: =IFERROR(VLOOKUP(H23,[1]SEMIELABORADOS!$A$2:$M$6000,2,0),"") | C23: =+A23 -> 0 | D23: =IFERROR(VLOOKUP(H23,[1]SEMIELABORADOS!$A$2:$M$6000,6,0),"") | E23: =IFERROR(VLOOKUP(H23,[1]SEMIELABORADOS!$A$2:$H$65536,8,0),"") | F23: =IFERROR(E23*C23,"") | G23: =IFERROR(F23/$F$66,"")
B24: =IFERROR(VLOOKUP(H24,[1]SEMIELABORADOS!$A$2:$M$6000,2,0),"") | C24: =+A24 -> 0 | D24: =IFERROR(VLOOKUP(H24,[1]SEMIELABORADOS!$A$2:$M$6000,6,0),"") | E24: =IFERROR(VLOOKUP(H24,[1]SEMIELABORADOS!$A$2:$H$65536,8,0),"") | F24: =IFERROR(E24*C24,"") | G24: =IFERROR(F24/$F$66,"")
A26: UNIDADES | B26: EMPAQUE | C26: UNIDADES | D26: UND MEDIDA | E26: COSTO UNITARIO | F26: TOTAL COSTO | G26: % PREC. DEFINIDO | H26: CODIGOS
A27: 1 | B27: BOLSA 17x25 TRANSP (KILO) | C27: =+A27 -> 1 | D27: UND | E27: 15 | F27: =IFERROR(C27*E27,"") -> 15 | G27: =IFERROR(F27/$F$66,"") -> 0.00048873982 | H27: EM10016
A28: 1 | B28: ETIQ.BLANCA 1 1/4 * 3/4 (UND) | C28: =+A28 -> 1 | D28: UND | E28: 2.13 | F28: =IFERROR(C28*E28,"") -> 2.13 | G28: =IFERROR(F28/$F$66,"") -> 6.9401054e-05 | H28: EM10002
A29: 1 | B29: ETIQ.FECHA VENCIMIENTO BLANCO (ROLLO) | C29: =+A29 -> 1 | D29: UND | E29: 1.05 | F29: =IFERROR(C29*E29,"") -> 1.05 | G29: =IFERROR(F29/$F$66,"") -> 3.4211787e-05 | H29: EM10004
B30: =IFERROR(VLOOKUP(H30,'[1]Consolidado MP Planta'!$A$2:$M$823,3,0),"") | C30: =+A30 -> 0 | D30: =IFERROR(VLOOKUP(H30,'[1]Consolidado MP Planta'!$A$2:$M$823,13,0),"") | E30: =IFERROR(VLOOKUP(H30,'[1]Consolidado MP Planta'!$A$2:$M$823,12,0),"") | F30: =IFERROR(C30*E30,"") | G30: =IFERROR(F30/$F$66,"")
B31: =IFERROR(VLOOKUP(H31,'[1]Consolidado MP Planta'!$A$2:$M$823,3,0),"") | C31: =+A31 -> 0 | D31: =IFERROR(VLOOKUP(H31,'[1]Consolidado MP Planta'!$A$2:$M$823,13,0),"") | E31: =IFERROR(VLOOKUP(H31,'[1]Consolidado MP Planta'!$A$2:$M$823,12,0),"") | F31: =IFERROR(C31*E31,"") | G31: =IFERROR(F31/$F$66,"")
B32: =IFERROR(VLOOKUP(H32,'[1]Consolidado MP Planta'!$A$2:$M$823,3,0),"") | C32: =+A32 -> 0 | D32: =IFERROR(VLOOKUP(H32,'[1]Consolidado MP Planta'!$A$2:$M$823,13,0),"") | E32: =IFERROR(VLOOKUP(H32,'[1]Consolidado MP Planta'!$A$2:$M$823,12,0),"") | F32: =IFERROR(C32*E32,"") | G32: =IFERROR(F32/$F$66,"")
A34: UNIDADES | B34: EMPAQUE SEMIELABORADOS | C34: UNIDADES | D34: UND MEDIDA | E34: COSTO UNITARIO | F34: TOTAL COSTO | G34: % PREC. DEFINIDO | H34: CODIGOS
A35: =+A17 -> 5000 | B35: Relleno Frambuesa | C35: =+A35 -> 5000 | D35: Gramos | E35: =+'Costo relleno de Frambuesa'!E76 -> 0 | F35: =IFERROR(E35*C35,"") -> 0 | G35: =IFERROR(F35/$F$66,"") -> 0
A36: =+A18 -> 0 | B36: =IFERROR(VLOOKUP(H36,[1]SEMIELABORADOS!$A$2:$M$6000,2,0),"") | C36: =+A36 -> 0 | D36: =IFERROR(VLOOKUP(H36,[1]SEMIELABORADOS!$A$2:$M$6000,6,0),"") | E36: =IFERROR(VLOOKUP(H36,[1]SEMIELABORADOS!$A$2:$M$65536,10,0),"") | F36: =IFERROR(E36*C36,"") | G36: =IFERROR(F36/$F$66,"")
A37: =+A19 -> 0 | B37: =IFERROR(VLOOKUP(H37,[1]SEMIELABORADOS!$A$2:$M$6000,2,0),"") | C37: =+A37 -> 0 | D37: =IFERROR(VLOOKUP(H37,[1]SEMIELABORADOS!$A$2:$M$6000,6,0),"") | E37: =IFERROR(VLOOKUP(H37,[1]SEMIELABORADOS!$A$2:$M$65536,10,0),"") | F37: =IFERROR(E37*C37,"") | G37: =IFERROR(F37/$F$66,"")
A38: =+A20 -> 0 | B38: =IFERROR(VLOOKUP(H38,[1]SEMIELABORADOS!$A$2:$M$6000,2,0),"") | C38: =+A38 -> 0 | D38: =IFERROR(VLOOKUP(H38,[1]SEMIELABORADOS!$A$2:$M$6000,6,0),"") | E38: =IFERROR(VLOOKUP(H38,[1]SEMIELABORADOS!$A$2:$M$65536,10,0),"") | F38: =IFERROR(E38*C38,"") | G38: =IFERROR(F38/$F$66,"")
A39: =+A21 -> 0 | B39: =IFERROR(VLOOKUP(H39,[1]SEMIELABORADOS!$A$2:$M$6000,2,0),"") | C39: =+A39 -> 0 | D39: =IFERROR(VLOOKUP(H39,[1]SEMIELABORADOS!$A$2:$M$6000,6,0),"") | E39: =IFERROR(VLOOKUP(H39,[1]SEMIELABORADOS!$A$2:$M$65536,10,0),"") | F39: =IFERROR(E39*C39,"") | G39: =IFERROR(F39/$F$66,"")
A40: =+A22 -> 0 | B40: =IFERROR(VLOOKUP(H40,[1]SEMIELABORADOS!$A$2:$M$6000,2,0),"") | C40: =+A40 -> 0 | D40: =IFERROR(VLOOKUP(H40,[1]SEMIELABORADOS!$A$2:$M$6000,6,0),"") | E40: =IFERROR(VLOOKUP(H40,[1]SEMIELABORADOS!$A$2:$M$65536,10,0),"") | F40: =IFERROR(E40*C40,"") | G40: =IFERROR(F40/$F$66,"")
A41: =+A23 -> 0 | B41: =IFERROR(VLOOKUP(H41,[1]SEMIELABORADOS!$A$2:$M$6000,2,0),"") | C41: =+A41 -> 0 | D41: =IFERROR(VLOOKUP(H41,[1]SEMIELABORADOS!$A$2:$M$6000,6,0),"") | E41: =IFERROR(VLOOKUP(H41,[1]SEMIELABORADOS!$A$2:$M$65536,10,0),"") | F41: =IFERROR(E41*C41,"") | G41: =IFERROR(F41/$F$66,"")
A43: UNIDADES | B43: MODI | C43: UNIDADES | D43: UND MEDIDA | E43: COSTO UNITARIO | F43: TOTAL COSTO | G43: % PREC. DEFINIDO | H43: CODIGOS
A44: =+A35 -> 5000 | B44: Relleno Frambuesa | C44: =+A44 -> 5000 | D44: Gamos | E44: =+'Costo relleno de Frambuesa'!E74 -> 0.154 | F44: =IFERROR(E44*C44,"") -> 770 | G44: =IFERROR(F44/$F$66,"") -> 0.025088644
A45: =+A36 -> 0 | B45: =IFERROR(VLOOKUP(H45,[1]SEMIELABORADOS!$A$2:$M$6000,2,0),"") | C45: =+A45 -> 0 | D45: =IFERROR(VLOOKUP(H45,[1]SEMIELABORADOS!$A$2:$M$6000,6,0),"") | E45: =IFERROR(VLOOKUP(H45,[1]SEMIELABORADOS!$A$2:$M$65536,12,0),"") | F45: =IFERROR(E45*C45,"") | G45: =IFERROR(F45/$F$66,"")
A46: =+A37 -> 0 | B46: =IFERROR(VLOOKUP(H46,[1]SEMIELABORADOS!$A$2:$M$6000,2,0),"") | C46: =+A46 -> 0 | D46: =IFERROR(VLOOKUP(H46,[1]SEMIELABORADOS!$A$2:$M$6000,6,0),"") | E46: =IFERROR(VLOOKUP(H46,[1]SEMIELABORADOS!$A$2:$M$65536,12,0),"") | F46: =IFERROR(E46*C46,"") | G46: =IFERROR(F46/$F$66,"")
A47: =+A38 -> 0 | B47: =IFERROR(VLOOKUP(H47,[1]SEMIELABORADOS!$A$2:$M$6000,2,0),"") | C47: =+A47 -> 0 | D47: =IFERROR(VLOOKUP(H47,[1]SEMIELABORADOS!$A$2:$M$6000,6,0),"") | E47: =IFERROR(VLOOKUP(H47,[1]SEMIELABORADOS!$A$2:$M$65536,12,0),"") | F47: =IFERROR(E47*C47,"") | G47: =IFERROR(F47/$F$66,"")
A48: =+A39 -> 0 | B48: =IFERROR(VLOOKUP(H48,[1]SEMIELABORADOS!$A$2:$M$6000,2,0),"") | C48: =+A48 -> 0 | D48: =IFERROR(VLOOKUP(H48,[1]SEMIELABORADOS!$A$2:$M$6000,6,0),"") | E48: =IFERROR(VLOOKUP(H48,[1]SEMIELABORADOS!$A$2:$M$65536,12,0),"") | F48: =IFERROR(E48*C48,"") | G48: =IFERROR(F48/$F$66,"")
A49: =+A40 -> 0 | B49: =IFERROR(VLOOKUP(H49,[1]SEMIELABORADOS!$A$2:$M$6000,2,0),"") | C49: =+A49 -> 0 | D49: =IFERROR(VLOOKUP(H49,[1]SEMIELABORADOS!$A$2:$M$6000,6,0),"") | E49: =IFERROR(VLOOKUP(H49,[1]SEMIELABORADOS!$A$2:$M$65536,12,0),"") | F49: =IFERROR(E49*C49,"") | G49: =IFERROR(F49/$F$66,"")
A50: =+A41 -> 0 | B50: =IFERROR(VLOOKUP(H50,[1]SEMIELABORADOS!$A$2:$M$6000,2,0),"") | C50: =+A50 -> 0 | D50: =IFERROR(VLOOKUP(H50,[1]SEMIELABORADOS!$A$2:$M$6000,6,0),"") | E50: =IFERROR(VLOOKUP(H50,[1]SEMIELABORADOS!$A$2:$M$65536,12,0),"") | F50: =IFERROR(E50*C50,"") | G50: =IFERROR(F50/$F$66,"")
A51: 1 | B51: MODI PREPARACION | C51: =+A51 -> 1 | D51: N/A | E51: =+F65 -> 77 | F51: =IFERROR(C51*E51,"") -> 77 | G51: =IFERROR(F51/$F$66,"") -> 0.0025088644
B53: TOTAL MATERIA PRIMA | F53: =SUM(F8:F14,F17:F24) -> 29996.075 | G53: =+F53/$F$66 -> 0.97735175 | H53: =+F53/$D$60 -> 29996.075
B54: TOTAL EMPAQUE | F54: =SUM(F27:F32,F35:F41) -> 18.18 | G54: =+F54/$F$66 -> 0.00059235266 | H54: =+F54/$D$60 -> 18.18 | K54: TOTAL MATERIA PRIMA + EMPAQUE | O54: =+F55 -> 30014.255
B55: TOTAL MATERIAS P. + EMPAQUES | F55: =+F53+F54 -> 30014.255 | G55: =+F55/$F$66 -> 0.9779441 | H55: =+F55/$D$60 -> 30014.255 | M55: MODI PLANTA | O55: =+H56 -> 847
C56: TOTAL MODI | F56: =SUM(F44:F51) -> 847 | G56: =+F56/$F$66 -> 0.027597508 | H56: =+F56/$D$60 -> 847 | M56: DESECHO | O56: =O54*N56 -> 0
M57: COSTO PLANTA | O57: =SUM(O54:O56) -> 30861.255
B58: GRAMOS | D58: 5000 | H58: =+H56/77 -> 11 | M58: % GIF | O58: =+H59 -> 913
B59: PESO POR UNIDAD | D59: 5000 | H59: =+H58*83 -> 913 | M59: COSTO PLANTA | O59: =SUM(O57:O58) -> 31774.255
B60: UNIDADES TOTALES | D60: =+D58/D59 -> 1 | O60: =+O59*N60 -> 0
B61: UNIDAD MEDIDA | K61: PRECIO DE VENTA PLANTA A LOCAL | O61: =SUM(O59:O60) -> 31774.255 | P61: GR
E62: S/ COSTO | F62: TOTAL | L62: UNIDAD | O62: =+O61/D60 -> 31774.255 | P62: =+O62/D59 -> 6.354851
B63: TOTAL MATERIAS P. + EMPAQUES | E63: =+F63/F63 -> 1 | F63: =SUM(F55) -> 30014.255 | G63: =+F63/$F$66 -> 0.9779441
B64: DESECHOS Y PERDIDAS | E64: 0.02 | F64: =+F53*E64 -> 599.9215 | G64: =+F64/$F$66 -> 0.019547035
B65: MANO OBRA DIRECTA | D65: 1 | E65: 77 | F65: =+E65*D65 -> 77 | G65: =+F65/$F$66 -> 0.0025088644
B66: TOTAL COSTO PLANTA | F66: =SUM(F63:F65) -> 30691.176 | G66: =+F66/$F$66 -> 1 | M66: MODI 77 COLONES X MIN
M67: Gf 83 colones min
B68: COSTO POR GRAMO | M68: ,
B69: TOTAL COSTO MATERIA PRIMA | C69: =+F53 -> 29996.075 | D69: =+D58 -> 5000 | E69: =+C69/D69 -> 5.999215
B71: TOTAL COSTO UNIDAD MP+DESECHO+EMPAQUE | C71: =SUM(F63:F64) -> 30614.176 | D71: =+D58 -> 5000 | E71: =+C71/D71 -> 6.1228353
B73: TOTAL MODI PREPARACION POR GRAMO | C73: =+F65 -> 77 | D73: =+D58 -> 5000 | E73: =+C73/D73 -> 0.0154
B74: TOTAL MODI POR GRAMO | C74: =+F56 -> 847 | D74: =+D73 -> 5000 | E74: =+C74/D74 -> 0.1694
B76: TOTAL EMPAQUE POR GRAMO | C76: =+F54 -> 18.18 | D76: =+D74 -> 5000 | E76: =+C76/D76 -> 0.003636
B78: TOTAL GRAMO MP+MODI | E78: =+E69+E74 -> 6.168615
B80: COSTO POR UNIDAD
B81: TOTAL COSTO MATERIA PRIMA | C81: =+C69 -> 29996.075 | D81: =+D60 -> 1 | E81: =+C81/D81 -> 29996.075
B83: TOTAL COSTO UNIDAD MP+DESECHO+EMPAQUE | C83: =+C71 -> 30614.176 | D83: =+D60 -> 1 | E83: =+C83/D83 -> 30614.176
B85: TOTAL MODI POR GRAMO | C85: =+C73 -> 77 | D85: =+D60 -> 1 | E85: =+C85/D85 -> 77
B86: TOTAL MODI POR GRAMO | C86: =+C74 -> 847 | D86: =+D85 -> 1 | E86: =+C86/D86 -> 847

Sheet Relleno Crema Pastelera 
C1: SERVICIOS DE PASTELERIA S.A. | H1: CÓDIGO: | I1: ESP-RE-COCS-133
C2: ESPECIFICACION DE RECETA | H2: REVISIÓN: | I2: 02
C3: SE00801 RELLENO CREMA PASTELERA ESPESA | H3: FECHA DE APROBACIÓN: | I3: 46063
C4: Elaborado | D4: Mariela Barrantes Sánchez, Chef
C5: Aprobado | D5: Sebastian Díaz, Gte Manufactura
A6: AREA QUE PRODUCE: | D6: Cocina | G6: AREA QUE EMPACA: | I6: Cocina
A7: # Código | B7: # Código Netsuite | C7: Descripción del ingrediente | D7: Marca | E7: Unidad Internacional | G7: Medida alternativa | I7: Costo - Referencia
E8: Cantidad | F8: Unidad medida | G8: Cantidad | H8: Unidad medida | I8: Colones
C9: Ensamble
B10: MP10024 | C10: Leche Evaporada | D10: NESTLE | E10: 4150
B11: MP10030 | C11: Leche 2% Pasteurizada | D11: DOS PINOS | E11: 4150
B12: MP10385 | C12: Vainilla Oscura | D12: Malluquer | E12: 65
B13: MP10037 | C13: Yema De Huevo Pasteurizada | D13: INNOVO | E13: 1500
B14: MP10074 | C14: Azucar Blanco Industrial | D14: FAS | E14: 1830 | H14: Para almidon
B15: MP10026 | C15: Almidon Modificado | D15: FAS | E15: 500
B16: MP10008 | C16: Preservante 1047S | D16: ASEAL | E16: 15
C18: DECORACIÓN
C21: EMPAQUE
B22: EM10011 | C22: Etiqueta Blanca 2 5/8X1 15/16
D26: Cantidad | E26: Unidad | K26: 0.5
A27: PESO TOTAL OBTENIDO | D27: 11000 | E27: g | F27: Tiempo de Horneo:
A28: TIEMPO TOTAL DE PREPARACION | D28: 30 | E28: min | F28: Horno:
A29: CANTIDAD DE PORCIONES OBTENIDAS | D29: 1 | E29: Tanda | F29: Temperatura de Horneo:
A30: PESO DE CADA PORCIÓN | D30: 11000 | E30: g | F30: Otros
A31: MERMA | D31: =SUM(E10:E17)-D27 -> 1210 | E31: g
A32: PROCEDIMIENTO DE PREPARACION DE LA RECETA
A33: 1, Colocar en una olla la leche evaporada junto con la leche estandar y la vainilla, llevar a hervir
A34: 2, Colocar en un bolw las yemas y junto con el azúcar, con ayuda de un batidor mezclar bien, agregar el almidon y preservante y terminar de incorporar
A35: 3, Colocar un poco de leche caliente a la mezcla de yemas, mezclar bien. Y luego esta misma mezcla agregar a la olla con el restante de leche calliente.
A36: 4, Mezclar con batidor globo hasta que hierva por 1 min y hasta que la mezcle corte formando la crema pastelera
A37: 5, Colocar en bandejas, enviar a empaque a enfriar con nombre en etiqueta
A39: CONTROL DE CAMBIOS
A40: 2, Se actualiza rendimiento y se cambio preservante

Sheet Costo Relleno Crema Pastelera
E1: Precio Local | F1: Costo MP | G1: Costo EM | H1: Costo MO
E2: =IFERROR(O62,"") -> 20583.7 | F2: =IFERROR(H53,"") -> 15783.7 | G2: =IFERROR(H54,"") -> 0 | H2: =IFERROR(H56,"") -> 2310
A5: ESTRUCTURA DE COSTOS
F6: Fecha: | H6: =TODAY() -> 46083
A7: UNIDADES | B7: DESCRIPCION MAT.PRIMA | C7: UNIDADES | D7: UND MEDIDA | E7: COSTO UNITARIO | F7: TOTAL COSTO | G7: % PREC. DEFINIDO | H7: CODIGOS
A8: 4150 | B8: Leche Evaporada | C8: =+A8 -> 4150 | D8: Gramos | E8: 1.73 | F8: =IFERROR(C8*E8,"") -> 7179.5 | G8: =IFERROR(F8/$F$66,"") -> 0.38999153 | H8: MP10024
A9: 4150 | B9: Leche 2% Pasteurizada | C9: =+A9 -> 4150 | D9: Gramos | E9: 0.58 | F9: =IFERROR(C9*E9,"") -> 2407 | G9: =IFERROR(F9/$F$66,"") -> 0.13074861 | H9: MP10030
A10: 65 | B10: Vainilla Oscura | C10: =+A10 -> 65 | D10: Gramos | E10: 1.26 | F10: =IFERROR(C10*E10,"") -> 81.9 | G10: =IFERROR(F10/$F$66,"") -> 0.0044488205 | H10: MP10385
A11: 1500 | B11: Yema De Huevo Pasteurizada | C11: =+A11 -> 1500 | D11: Gramos | E11: 2.79 | F11: =IFERROR(C11*E11,"") -> 4185 | G11: =IFERROR(F11/$F$66,"") -> 0.22732984 | H11: MP10037
A12: 1830 | B12: Azucar Blanco Industrial | C12: =+A12 -> 1830 | D12: Gramos | E12: 0.43 | F12: =IFERROR(C12*E12,"") -> 786.9 | G12: =IFERROR(F12/$F$66,"") -> 0.042744528 | H12: MP10074
A13: 500 | B13: Almidon Modificado | C13: =+A13 -> 500 | D13: Gramos | E13: 2.03 | F13: =IFERROR(C13*E13,"") -> 1015 | G13: =IFERROR(F13/$F$66,"") -> 0.055134955 | H13: MP10026
A14: 15 | B14: Preservante 1017S | C14: =+A14 -> 15 | D14: Gramos | E14: 8.56 | F14: =IFERROR(C14*E14,"") -> 128.4 | G14: =IFERROR(F14/$F$66,"") -> 0.0069747076 | H14: MP10025
B15: =IFERROR(VLOOKUP(H15,[2]Hoja2!$A$2:$G$589,2,0),"")
A16: UNIDADES | B16: MATERIA PRIMA SEMIELABORADOS | C16: UNIDADES | D16: UND MEDIDA | E16: COSTO UNITARIO | F16: TOTAL COSTO | G16: % PREC. DEFINIDO | H16: CODIGOS
B17: =IFERROR(VLOOKUP(H17,[1]SEMIELABORADOS!$A$2:$M$6000,2,0),"") | C17: =+A17 -> 0 | D17: =IFERROR(VLOOKUP(H17,[1]SEMIELABORADOS!$A$2:$M$6000,6,0),"") | E17: =IFERROR(VLOOKUP(H17,[1]SEMIELABORADOS!$A$2:$H$65536,8,0),"") | F17: =IFERROR(E17*C17,"") | G17: =IFERROR(F17/$F$66,"")
B18: =IFERROR(VLOOKUP(H18,[1]SEMIELABORADOS!$A$2:$M$6000,2,0),"") | C18: =+A18 -> 0 | D18: =IFERROR(VLOOKUP(H18,[1]SEMIELABORADOS!$A$2:$M$6000,6,0),"") | E18: =IFERROR(VLOOKUP(H18,[1]SEMIELABORADOS!$A$2:$H$65536,8,0),"") | F18: =IFERROR(E18*C18,"") | G18: =IFERROR(F18/$F$66,"")
B19: =IFERROR(VLOOKUP(H19,[1]SEMIELABORADOS!$A$2:$M$6000,2,0),"") | C19: =+A19 -> 0 | D19: =IFERROR(VLOOKUP(H19,[1]SEMIELABORADOS!$A$2:$M$6000,6,0),"") | E19: =IFERROR(VLOOKUP(H19,[1]SEMIELABORADOS!$A$2:$H$65536,8,0),"") | F19: =IFERROR(E19*C19,"") | G19: =IFERROR(F19/$F$66,"")
B20: =IFERROR(VLOOKUP(H20,[1]SEMIELABORADOS!$A$2:$M$6000,2,0),"") | C20: =+A20 -> 0 | D20: =IFERROR(VLOOKUP(H20,[1]SEMIELABORADOS!$A$2:$M$6000,6,0),"") | E20: =IFERROR(VLOOKUP(H20,[1]SEMIELABORADOS!$A$2:$H$65536,8,0),"") | F20: =IFERROR(E20*C20,"") | G20: =IFERROR(F20/$F$66,"")
B21: =IFERROR(VLOOKUP(H21,[1]SEMIELABORADOS!$A$2:$M$6000,2,0),"") | C21: =+A21 -> 0 | D21: =IFERROR(VLOOKUP(H21,[1]SEMIELABORADOS!$A$2:$M$6000,6,0),"") | E21: =IFERROR(VLOOKUP(H21,[1]SEMIELABORADOS!$A$2:$H$65536,8,0),"") | F21: =IFERROR(E21*C21,"") | G21: =IFERROR(F21/$F$66,"")
B22: =IFERROR(VLOOKUP(H22,[1]SEMIELABORADOS!$A$2:$M$6000,2,0),"") | C22: =+A22 -> 0 | D22: =IFERROR(VLOOKUP(H22,[1]SEMIELABORADOS!$A$2:$M$6000,6,0),"") | E22: =IFERROR(VLOOKUP(H22,[1]SEMIELABORADOS!$A$2:$H$65536,8,0),"") | F22: =IFERROR(E22*C22,"") | G22: =IFERROR(F22/$F$66,"")
B23: =IFERROR(VLOOKUP(H23,[1]SEMIELABORADOS!$A$2:$M$6000,2,0),"") | C23: =+A23 -> 0 | D23: =IFERROR(VLOOKUP(H23,[1]SEMIELABORADOS!$A$2:$M$6000,6,0),"") | E23: =IFERROR(VLOOKUP(H23,[1]SEMIELABORADOS!$A$2:$H$65536,8,0),"") | F23: =IFERROR(E23*C23,"") | G23: =IFERROR(F23/$F$66,"")
B24: =IFERROR(VLOOKUP(H24,[1]SEMIELABORADOS!$A$2:$M$6000,2,0),"") | C24: =+A24 -> 0 | D24: =IFERROR(VLOOKUP(H24,[1]SEMIELABORADOS!$A$2:$M$6000,6,0),"") | E24: =IFERROR(VLOOKUP(H24,[1]SEMIELABORADOS!$A$2:$H$65536,8,0),"") | F24: =IFERROR(E24*C24,"") | G24: =IFERROR(F24/$F$66,"")
A26: UNIDADES | B26: EMPAQUE | C26: UNIDADES | D26: UND MEDIDA | E26: COSTO UNITARIO | F26: TOTAL COSTO | G26: % PREC. DEFINIDO | H26: CODIGOS
A27: 0 | B27: =IFERROR(VLOOKUP(H27,'[1]Consolidado MP Planta'!$A$2:$M$823,3,0),"") | C27: =+A27 -> 0 | D27: =IFERROR(VLOOKUP(H27,'[1]Consolidado MP Planta'!$A$2:$M$823,13,0),"") | E27: =IFERROR(VLOOKUP(H27,'[1]Consolidado MP Planta'!$A$2:$M$823,12,0),"") | F27: =IFERROR(C27*E27,"") | G27: =IFERROR(F27/$F$66,"")
B28: =IFERROR(VLOOKUP(H28,'[1]Consolidado MP Planta'!$A$2:$M$823,3,0),"") | C28: =+A28 -> 0 | D28: =IFERROR(VLOOKUP(H28,'[1]Consolidado MP Planta'!$A$2:$M$823,13,0),"") | E28: =IFERROR(VLOOKUP(H28,'[1]Consolidado MP Planta'!$A$2:$M$823,12,0),"") | F28: =IFERROR(C28*E28,"") | G28: =IFERROR(F28/$F$66,"")
B29: =IFERROR(VLOOKUP(H29,'[1]Consolidado MP Planta'!$A$2:$M$823,3,0),"") | C29: =+A29 -> 0 | D29: =IFERROR(VLOOKUP(H29,'[1]Consolidado MP Planta'!$A$2:$M$823,13,0),"") | E29: =IFERROR(VLOOKUP(H29,'[1]Consolidado MP Planta'!$A$2:$M$823,12,0),"") | F29: =IFERROR(C29*E29,"") | G29: =IFERROR(F29/$F$66,"")
B30: =IFERROR(VLOOKUP(H30,'[1]Consolidado MP Planta'!$A$2:$M$823,3,0),"") | C30: =+A30 -> 0 | D30: =IFERROR(VLOOKUP(H30,'[1]Consolidado MP Planta'!$A$2:$M$823,13,0),"") | E30: =IFERROR(VLOOKUP(H30,'[1]Consolidado MP Planta'!$A$2:$M$823,12,0),"") | F30: =IFERROR(C30*E30,"") | G30: =IFERROR(F30/$F$66,"")
B31: =IFERROR(VLOOKUP(H31,'[1]Consolidado MP Planta'!$A$2:$M$823,3,0),"") | C31: =+A31 -> 0 | D31: =IFERROR(VLOOKUP(H31,'[1]Consolidado MP Planta'!$A$2:$M$823,13,0),"") | E31: =IFERROR(VLOOKUP(H31,'[1]Consolidado MP Planta'!$A$2:$M$823,12,0),"") | F31: =IFERROR(C31*E31,"") | G31: =IFERROR(F31/$F$66,"")
B32: =IFERROR(VLOOKUP(H32,'[1]Consolidado MP Planta'!$A$2:$M$823,3,0),"") | C32: =+A32 -> 0 | D32: =IFERROR(VLOOKUP(H32,'[1]Consolidado MP Planta'!$A$2:$M$823,13,0),"") | E32: =IFERROR(VLOOKUP(H32,'[1]Consolidado MP Planta'!$A$2:$M$823,12,0),"") | F32: =IFERROR(C32*E32,"") | G32: =IFERROR(F32/$F$66,"")
A34: UNIDADES | B34: EMPAQUE SEMIELABORADOS | C34: UNIDADES | D34: UND MEDIDA | E34: COSTO UNITARIO | F34: TOTAL COSTO | G34: % PREC. DEFINIDO | H34: CODIGOS
A35: =+A17 -> 0 | B35: =IFERROR(VLOOKUP(H35,[1]SEMIELABORADOS!$A$2:$M$6000,2,0),"") | C35: =+A35 -> 0 | D35: =IFERROR(VLOOKUP(H35,[1]SEMIELABORADOS!$A$2:$M$6000,6,0),"") | E35: =IFERROR(VLOOKUP(H35,[1]SEMIELABORADOS!$A$2:$M$65536,10,0),"") | F35: =IFERROR(E35*C35,"") | G35: =IFERROR(F35/$F$66,"")
A36: =+A18 -> 0 | B36: =IFERROR(VLOOKUP(H36,[1]SEMIELABORADOS!$A$2:$M$6000,2,0),"") | C36: =+A36 -> 0 | D36: =IFERROR(VLOOKUP(H36,[1]SEMIELABORADOS!$A$2:$M$6000,6,0),"") | E36: =IFERROR(VLOOKUP(H36,[1]SEMIELABORADOS!$A$2:$M$65536,10,0),"") | F36: =IFERROR(E36*C36,"") | G36: =IFERROR(F36/$F$66,"")
A37: =+A19 -> 0 | B37: =IFERROR(VLOOKUP(H37,[1]SEMIELABORADOS!$A$2:$M$6000,2,0),"") | C37: =+A37 -> 0 | D37: =IFERROR(VLOOKUP(H37,[1]SEMIELABORADOS!$A$2:$M$6000,6,0),"") | E37: =IFERROR(VLOOKUP(H37,[1]SEMIELABORADOS!$A$2:$M$65536,10,0),"") | F37: =IFERROR(E37*C37,"") | G37: =IFERROR(F37/$F$66,"")
A38: =+A20 -> 0 | B38: =IFERROR(VLOOKUP(H38,[1]SEMIELABORADOS!$A$2:$M$6000,2,0),"") | C38: =+A38 -> 0 | D38: =IFERROR(VLOOKUP(H38,[1]SEMIELABORADOS!$A$2:$M$6000,6,0),"") | E38: =IFERROR(VLOOKUP(H38,[1]SEMIELABORADOS!$A$2:$M$65536,10,0),"") | F38: =IFERROR(E38*C38,"") | G38: =IFERROR(F38/$F$66,"")
A39: =+A21 -> 0 | B39: =IFERROR(VLOOKUP(H39,[1]SEMIELABORADOS!$A$2:$M$6000,2,0),"") | C39: =+A39 -> 0 | D39: =IFERROR(VLOOKUP(H39,[1]SEMIELABORADOS!$A$2:$M$6000,6,0),"") | E39: =IFERROR(VLOOKUP(H39,[1]SEMIELABORADOS!$A$2:$M$65536,10,0),"") | F39: =IFERROR(E39*C39,"") | G39: =IFERROR(F39/$F$66,"")
A40: =+A22 -> 0 | B40: =IFERROR(VLOOKUP(H40,[1]SEMIELABORADOS!$A$2:$M$6000,2,0),"") | C40: =+A40 -> 0 | D40: =IFERROR(VLOOKUP(H40,[1]SEMIELABORADOS!$A$2:$M$6000,6,0),"") | E40: =IFERROR(VLOOKUP(H40,[1]SEMIELABORADOS!$A$2:$M$65536,10,0),"") | F40: =IFERROR(E40*C40,"") | G40: =IFERROR(F40/$F$66,"")
A41: =+A23 -> 0 | B41: =IFERROR(VLOOKUP(H41,[1]SEMIELABORADOS!$A$2:$M$6000,2,0),"") | C41: =+A41 -> 0 | D41: =IFERROR(VLOOKUP(H41,[1]SEMIELABORADOS!$A$2:$M$6000,6,0),"") | E41: =IFERROR(VLOOKUP(H41,[1]SEMIELABORADOS!$A$2:$M$65536,10,0),"") | F41: =IFERROR(E41*C41,"") | G41: =IFERROR(F41/$F$66,"")
A43: UNIDADES | B43: MODI | C43: UNIDADES | D43: UND MEDIDA | E43: COSTO UNITARIO | F43: TOTAL COSTO | G43: % PREC. DEFINIDO | H43: CODIGOS
A44: =+A35 -> 0 | B44: =IFERROR(VLOOKUP(H44,[1]SEMIELABORADOS!$A$2:$M$6000,2,0),"") | C44: =+A44 -> 0 | D44: =IFERROR(VLOOKUP(H44,[1]SEMIELABORADOS!$A$2:$M$6000,6,0),"") | E44: =IFERROR(VLOOKUP(H44,[1]SEMIELABORADOS!$A$2:$M$65536,12,0),"") | F44: =IFERROR(E44*C44,"") | G44: =IFERROR(F44/$F$66,"")
A45: =+A36 -> 0 | B45: =IFERROR(VLOOKUP(H45,[1]SEMIELABORADOS!$A$2:$M$6000,2,0),"") | C45: =+A45 -> 0 | D45: =IFERROR(VLOOKUP(H45,[1]SEMIELABORADOS!$A$2:$M$6000,6,0),"") | E45: =IFERROR(VLOOKUP(H45,[1]SEMIELABORADOS!$A$2:$M$65536,12,0),"") | F45: =IFERROR(E45*C45,"") | G45: =IFERROR(F45/$F$66,"")
A46: =+A37 -> 0 | B46: =IFERROR(VLOOKUP(H46,[1]SEMIELABORADOS!$A$2:$M$6000,2,0),"") | C46: =+A46 -> 0 | D46: =IFERROR(VLOOKUP(H46,[1]SEMIELABORADOS!$A$2:$M$6000,6,0),"") | E46: =IFERROR(VLOOKUP(H46,[1]SEMIELABORADOS!$A$2:$M$65536,12,0),"") | F46: =IFERROR(E46*C46,"") | G46: =IFERROR(F46/$F$66,"")
A47: =+A38 -> 0 | B47: =IFERROR(VLOOKUP(H47,[1]SEMIELABORADOS!$A$2:$M$6000,2,0),"") | C47: =+A47 -> 0 | D47: =IFERROR(VLOOKUP(H47,[1]SEMIELABORADOS!$A$2:$M$6000,6,0),"") | E47: =IFERROR(VLOOKUP(H47,[1]SEMIELABORADOS!$A$2:$M$65536,12,0),"") | F47: =IFERROR(E47*C47,"") | G47: =IFERROR(F47/$F$66,"")
A48: =+A39 -> 0 | B48: =IFERROR(VLOOKUP(H48,[1]SEMIELABORADOS!$A$2:$M$6000,2,0),"") | C48: =+A48 -> 0 | D48: =IFERROR(VLOOKUP(H48,[1]SEMIELABORADOS!$A$2:$M$6000,6,0),"") | E48: =IFERROR(VLOOKUP(H48,[1]SEMIELABORADOS!$A$2:$M$65536,12,0),"") | F48: =IFERROR(E48*C48,"") | G48: =IFERROR(F48/$F$66,"")
A49: =+A40 -> 0 | B49: =IFERROR(VLOOKUP(H49,[1]SEMIELABORADOS!$A$2:$M$6000,2,0),"") | C49: =+A49 -> 0 | D49: =IFERROR(VLOOKUP(H49,[1]SEMIELABORADOS!$A$2:$M$6000,6,0),"") | E49: =IFERROR(VLOOKUP(H49,[1]SEMIELABORADOS!$A$2:$M$65536,12,0),"") | F49: =IFERROR(E49*C49,"") | G49: =IFERROR(F49/$F$66,"")
A50: =+A41 -> 0 | B50: =IFERROR(VLOOKUP(H50,[1]SEMIELABORADOS!$A$2:$M$6000,2,0),"") | C50: =+A50 -> 0 | D50: =IFERROR(VLOOKUP(H50,[1]SEMIELABORADOS!$A$2:$M$6000,6,0),"") | E50: =IFERROR(VLOOKUP(H50,[1]SEMIELABORADOS!$A$2:$M$65536,12,0),"") | F50: =IFERROR(E50*C50,"") | G50: =IFERROR(F50/$F$66,"")
A51: 1 | B51: MODI PREPARACION | C51: =+A51 -> 1 | D51: N/A | E51: =+F65 -> 2310 | F51: =IFERROR(C51*E51,"") -> 2310 | G51: =IFERROR(F51/$F$66,"") -> 0.12547955
B53: TOTAL MATERIA PRIMA | F53: =SUM(F8:F14,F17:F24) -> 15783.7 | G53: =+F53/$F$66 -> 0.85737299 | H53: =+F53/$D$60 -> 15783.7
B54: TOTAL EMPAQUE | F54: =SUM(F27:F32,F35:F41) -> 0 | G54: =+F54/$F$66 -> 0 | H54: =+F54/$D$60 -> 0 | K54: TOTAL MATERIA PRIMA + EMPAQUE | O54: =+F55 -> 15783.7
B55: TOTAL MATERIAS P. + EMPAQUES | F55: =+F53+F54 -> 15783.7 | G55: =+F55/$F$66 -> 0.85737299 | H55: =+F55/$D$60 -> 15783.7 | M55: MODI PLANTA | O55: =+H56 -> 2310
C56: TOTAL MODI | F56: =SUM(F44:F51) -> 2310 | G56: =+F56/$F$66 -> 0.12547955 | H56: =+F56/$D$60 -> 2310 | M56: DESECHO | O56: =O54*N56 -> 0
M57: COSTO PLANTA | O57: =SUM(O54:O56) -> 18093.7
B58: GRAMOS | D58: 10000 | H58: =+H56/77 -> 30 | M58: % GIF | O58: =+H59 -> 2490
B59: PESO POR UNIDAD | D59: 10000 | H59: =+H58*83 -> 2490 | M59: COSTO PLANTA | O59: =SUM(O57:O58) -> 20583.7
B60: UNIDADES TOTALES | D60: =+D58/D59 -> 1 | O60: =+O59*N60 -> 0
B61: UNIDAD MEDIDA | K61: PRECIO DE VENTA PLANTA A LOCAL | O61: =SUM(O59:O60) -> 20583.7 | P61: GR
E62: S/ COSTO | F62: TOTAL | L62: UNIDAD | O62: =+O61/D60 -> 20583.7 | P62: =+O62/D59 -> 2.05837
B63: TOTAL MATERIAS P. + EMPAQUES | E63: =+F63/F63 -> 1 | F63: =SUM(F55) -> 15783.7 | G63: =+F63/$F$66 -> 0.85737299
B64: DESECHOS Y PERDIDAS | E64: 0.02 | F64: =+F53*E64 -> 315.674 | G64: =+F64/$F$66 -> 0.01714746
B65: MANO OBRA DIRECTA | D65: 30 | E65: 77 | F65: =+E65*D65 -> 2310 | G65: =+F65/$F$66 -> 0.12547955
B66: TOTAL COSTO PLANTA | F66: =SUM(F63:F65) -> 18409.374 | G66: =+F66/$F$66 -> 1 | M66: MODI 77 COLONES X MIN
M67: Gf 83 colones min
B68: COSTO POR GRAMO | M68: ,
B69: TOTAL COSTO MATERIA PRIMA | C69: =+F53 -> 15783.7 | D69: =+D58 -> 10000 | E69: =+C69/D69 -> 1.57837
B71: TOTAL COSTO UNIDAD MP+DESECHO+EMPAQUE | C71: =SUM(F63:F64) -> 16099.374 | D71: =+D58 -> 10000 | E71: =+C71/D71 -> 1.6099374
B73: TOTAL MODI PREPARACION POR GRAMO | C73: =+F65 -> 2310 | D73: =+D58 -> 10000 | E73: =+C73/D73 -> 0.231
B74: TOTAL MODI POR GRAMO | C74: =+F56 -> 2310 | D74: =+D73 -> 10000 | E74: =+C74/D74 -> 0.231
B76: TOTAL EMPAQUE POR GRAMO | C76: =+F54 -> 0 | D76: =+D74 -> 10000 | E76: =+C76/D76 -> 0
B78: TOTAL GRAMO MP+MODI | E78: =+E69+E74 -> 1.80937
B80: COSTO POR UNIDAD
B81: TOTAL COSTO MATERIA PRIMA | C81: =+C69 -> 15783.7 | D81: =+D60 -> 1 | E81: =+C81/D81 -> 15783.7
B83: TOTAL COSTO UNIDAD MP+DESECHO+EMPAQUE | C83: =+C71 -> 16099.374 | D83: =+D60 -> 1 | E83: =+C83/D83 -> 16099.374
B85: TOTAL MODI POR GRAMO | C85: =+C73 -> 2310 | D85: =+D60 -> 1 | E85: =+C85/D85 -> 2310
B86: TOTAL MODI POR GRAMO | C86: =+C74 -> 2310 | D86: =+D85 -> 1 | E86: =+C86/D86 -> 2310

Sheet Batido Nucleo Vainilla Dawn
C1: SERVICIOS DE PASTELERIA S.A. | H1: CÓDIGO: | I1: ESP-RE-BAS-027
C2: ESPECIFICACION DE RECETA | H2: REVISIÓN: | I2: 01
C3: SE00444 Batido Nucleo vainilla Dawn | H3: FECHA DE APROBACIÓN: | I3: 45619
C4: Elaborado | D4: Javier Tong, Chef
C5: Aprobado | D5: Esteban Cartin, Gte Manufactura
A6: AREA QUE PRODUCE: | D6: Batidos | G6: AREA QUE EMPACA: | I6: Batidos
A7: # Código | B7: # Código Netsuite | C7: Descripción del ingrediente | D7: Marca | E7: Unidad Internacional | G7: Medida alternativa | I7: Costo - Referencia
E8: Cantidad | F8: Unidad medida | G8: Cantidad | H8: Unidad medida | I8: Colones
C9: Ensamble
A10: 906000138 | B10: SE00443 | C10: PREMEZCLA BATIDO NUCLEO VAINILLA DAWN | D10: FAS | E10: 14195 | F10: g
A11: 1210482 | B11: MP10005 | C11: HUEVO ENTERO PASTERI INNOVO ( CAJA: 10 K) | D11: INNOVO | E11: 7700 | F11: g
A12: 10415 | C12: AGUA POTABLE (PLANTA) | D12: FAS | E12: 3090 | F12: g
A13: 1212437 | B13: MP10315 | C13: PRESERVANTE MIXTO (UND:17 K) | D13: PURATOS | E13: 390 | F13: g
C21: Decoración
C28: Empaque
D38: Cantidad | E38: Unidad
A39: PESO TOTAL OBTENIDO | D39: 24000 | E39: g | F39: Tiempo de Horneo:
A40: TIEMPO TOTAL DE PREPARACION | D40: 10 | E40: min | F40: Horno:
A41: CANTIDAD DE PORCIONES OBTENIDAS | D41: 1 | E41: Tanda | F41: Temperatura de Horneo:
A42: PESO DE CADA PORCIÓN | D42: 24000 | E42: g | F42: Otros
A43: MERMA | D43: 1375 | E43: g
A44: PROCEDIMIENTO DE PREPARACION DE LA RECETA
A46: 1, Colocar los liquidos en la batidora, posterior agregar los ingredientes secos
A47: 2, Batir por 1 min en velocidad 1. Con paleta
A48: 3, Batir 4 min en velocidad 3. con paleta
A55: CONTROL DE CAMBIOS

Sheet Premezcla Nucleo Vainilla Dawn
C1: SERVICIOS DE PASTELERIA S.A. | H1: CÓDIGO: | I1: ESP-RE-PRES-025
C2: ESPECIFICACION DE RECETA | H2: REVISIÓN: | I2: 01
C3: SE00443 Premezcla Batido Nucleo Vainilla Dawn | H3: FECHA DE APROBACIÓN: | I3: 45617
C4: Elaborado | D4: Javier Tong, Chef
C5: Aprobado | D5: Esteban Cartin, Gte Manufactura
A6: AREA QUE PRODUCE: | D6: Premezclas | G6: AREA QUE EMPACA: | I6: Premezclas
A7: # Código | B7: # Código Netsuite | C7: Descripción del ingrediente | D7: Marca | E7: Unidad Internacional | G7: Medida alternativa | I7: Costo - Referencia
E8: Cantidad | F8: Unidad medida | G8: Cantidad | H8: Unidad medida | I8: Colones
C9: Ensamble
A10: 510301 | B10: MP10074 | C10: AZUCAR BLANCO INDUSTRIAL (SACO:50 K) | D10: LAICA | E10: 5820 | F10: g
A11: 1210445 | B11: MP10142 | C11: CLARA DE HUEVO DESHIDRATADA | E11: 350 | F11: g
A12: 11200072 | B12: MP10478 | C12: HARINA SILVER CAKE | D12: FAHACASA | E12: 3622 | F12: g
A13: 11200087 | B13: MP10493 | C13: COCENTRADO VAINILLA DAWN | D13: DAWN | E13: 3492 | F13: g
A14: 1160001 | B14: MP10481 | C14: GOMA XANTANA | D14: MABAKER & CHEF | E14: 60 | F14: g
A15: 1212410 | B15: MP10008 | C15: PRESERVANTE 1047S (PAQ=5 KILO) | D15: ASEAL | E15: 38 | F15: g
A16: 10100337 | B16: MP10494 | C16: CMC | D16: UNIVERSAL DE ALIMENTOS | E16: 30 | F16: g
A17: 310145 | B17: MP10234 | C17: LECHE POLVO INDUSTRIAL (SACO:25 KG) | D17: DOS PINOS | E17: 518 | F17: g
A18: 503000036 | B18: MP10085 | C18: BICARBONATO DE SODIO (PAQ:2.5 K) | E18: 65 | F18: g
A19: 11300012 | B19: MP10517 | C19: ACTI EGG | D19: PURATOS | E19: 200 | F19: g
C21: Decoración
C29: Empaque
A30: 1950708 | B30: EM10013 | C30: BOLSA 17x25 TRANSP KILO | E30: 2 | F30: ud
A31: 60100010 | B31: EM10133 | C31: ETIQUETA ROJA LETRA ALERJENO (UND) | E31: 2 | F31: ud
A32: 702123 | B32: EM10011 | C32: ETIQUETA BLANCA 2 5/8X1 15/16 (UND) | E32: 2 | F32: ud
A33: 1950705 | B33: EM10037 | C33: BOLSA 8x12 TRANSPARENTE KILO | E33: 1 | F33: ud
D42: Cantidad | E42: Unidad
A43: PESO TOTAL OBTENIDO | D43: 14195 | E43: g | F43: Tiempo de Horneo:
A44: TIEMPO TOTAL DE PREPARACION | D44: 3 | E44: min | F44: Horno:
A45: CANTIDAD DE PORCIONES OBTENIDAS | D45: 1 | E45: ud | F45: Temperatura de Horneo:
A46: PESO DE CADA PORCIÓN | D46: 14195 | E46: g | F46: Otros
A47: MERMA | D47: 0 | E47: g
A48: PROCEDIMIENTO DE PREPARACION DE LA RECETA
A49: 1, En una bolsa 17x25 empacar el azucar. Etiquetar
A50: 2, En una bolsa 17x25 empacar las harinas, concentrado,cmc, leche en polvo y la goma. Clara de huevo, acti egg. Etiquetar
A51: 3, En una bolsa 8*12 pesar el preservante y el bicarbonato (se debe pesar justo antes de su uso)
A52: 4, En una bolsa 8*12 pesar la clara
A57: CONTROL DE CAMBIOS

Sheet Costo Rosq Vainilla Dawn 200 g 
E1: Precio Local | F1: Costo MP | G1: Costo EM | H1: Costo MO
E2: =IFERROR(O62,"") -> 377.54202 | F2: =IFERROR(H53,"") -> 372.24786 | G2: =IFERROR(H54,"") -> 4.9015154 | H2: =IFERROR(H56,"") -> 22.108193
A5: ESTRUCTURA DE COSTOS
F6: Fecha: | H6: =TODAY() -> 46083
A7: UNIDADES | B7: DESCRIPCION MAT.PRIMA | C7: UNIDADES | D7: UND MEDIDA | E7: COSTO UNITARIO | F7: TOTAL COSTO | G7: % PREC. DEFINIDO | H7: CODIGOS
B8: =IFERROR(VLOOKUP(H8,'[1]Consolidado MP Planta'!$A$2:$M$823,3,0),"") | C8: =+A8 -> 0 | D8: =IFERROR(VLOOKUP(H8,'[1]Consolidado MP Planta'!$A$2:$M$823,13,0),"") | E8: =IFERROR(VLOOKUP(H8,'[1]Consolidado MP Planta'!$A$2:$M$823,12,0),"") | F8: =IFERROR(C8*E8,"") | G8: =IFERROR(F8/$F$66,"")
B9: =IFERROR(VLOOKUP(H9,'[1]Consolidado MP Planta'!$A$2:$M$823,3,0),"") | C9: =+A9 -> 0 | D9: =IFERROR(VLOOKUP(H9,'[1]Consolidado MP Planta'!$A$2:$M$823,13,0),"") | E9: =IFERROR(VLOOKUP(H9,'[1]Consolidado MP Planta'!$A$2:$M$823,12,0),"") | F9: =IFERROR(C9*E9,"") | G9: =IFERROR(F9/$F$66,"")
B10: =IFERROR(VLOOKUP(H10,'[1]Consolidado MP Planta'!$A$2:$M$823,3,0),"") | C10: =+A10 -> 0 | D10: =IFERROR(VLOOKUP(H10,'[1]Consolidado MP Planta'!$A$2:$M$823,13,0),"") | E10: =IFERROR(VLOOKUP(H10,'[1]Consolidado MP Planta'!$A$2:$M$823,12,0),"") | F10: =IFERROR(C10*E10,"") | G10: =IFERROR(F10/$F$66,"")
B11: =IFERROR(VLOOKUP(H11,'[1]Consolidado MP Planta'!$A$2:$M$823,3,0),"") | C11: =+A11 -> 0 | D11: =IFERROR(VLOOKUP(H11,'[1]Consolidado MP Planta'!$A$2:$M$823,13,0),"") | E11: =IFERROR(VLOOKUP(H11,'[1]Consolidado MP Planta'!$A$2:$M$823,12,0),"") | F11: =IFERROR(C11*E11,"") | G11: =IFERROR(F11/$F$66,"")
B12: =IFERROR(VLOOKUP(H12,'[1]Consolidado MP Planta'!$A$2:$M$823,3,0),"") | C12: =+A12 -> 0 | D12: =IFERROR(VLOOKUP(H12,'[1]Consolidado MP Planta'!$A$2:$M$823,13,0),"") | E12: =IFERROR(VLOOKUP(H12,'[1]Consolidado MP Planta'!$A$2:$M$823,12,0),"") | F12: =IFERROR(C12*E12,"") | G12: =IFERROR(F12/$F$66,"")
B13: =IFERROR(VLOOKUP(H13,'[1]Consolidado MP Planta'!$A$2:$M$823,3,0),"") | C13: =+A13 -> 0 | D13: =IFERROR(VLOOKUP(H13,'[1]Consolidado MP Planta'!$A$2:$M$823,13,0),"") | E13: =IFERROR(VLOOKUP(H13,'[1]Consolidado MP Planta'!$A$2:$M$823,12,0),"") | F13: =IFERROR(C13*E13,"") | G13: =IFERROR(F13/$F$66,"")
B14: =IFERROR(VLOOKUP(H14,'[1]Consolidado MP Planta'!$A$2:$M$823,3,0),"") | C14: =+A14 -> 0 | D14: =IFERROR(VLOOKUP(H14,'[1]Consolidado MP Planta'!$A$2:$M$823,13,0),"") | E14: =IFERROR(VLOOKUP(H14,'[1]Consolidado MP Planta'!$A$2:$M$823,12,0),"") | F14: =IFERROR(C14*E14,"") | G14: =IFERROR(F14/$F$66,"")
B15: =IFERROR(VLOOKUP(H15,[2]Hoja2!$A$2:$G$589,2,0),"")
A16: UNIDADES | B16: MATERIA PRIMA SEMIELABORADOS | C16: UNIDADES | D16: UND MEDIDA | E16: COSTO UNITARIO | F16: TOTAL COSTO | G16: % PREC. DEFINIDO | H16: CODIGOS
A17: 24000 | B17: BATIDO NUCLEO VAINILLA DAWN | C17: =+A17 -> 24000 | D17: Gramos | E17: 1.76 | F17: =IFERROR(E17*C17,"") -> 42240 | G17: =IFERROR(F17/$F$66,"") -> 0.90765439 | H17: 907000306
A18: 1300 | B18: =IFERROR(VLOOKUP(H18,[1]SEMIELABORADOS!$A$2:$M$6000,2,0),"") -> MEZCLA P/ENGRASE MOLDES KILO | C18: =+A18 -> 1300 | D18: =IFERROR(VLOOKUP(H18,[1]SEMIELABORADOS!$A$2:$M$6000,6,0),"") -> Gramo | E18: 1.01 | F18: =IFERROR(E18*C18,"") -> 1313 | G18: =IFERROR(F18/$F$66,"") -> 0.028213783 | H18: 902000019
B19: =IFERROR(VLOOKUP(H19,[1]SEMIELABORADOS!$A$2:$M$6000,2,0),"") | C19: =+A19 -> 0 | D19: =IFERROR(VLOOKUP(H19,[1]SEMIELABORADOS!$A$2:$M$6000,6,0),"") | E19: =IFERROR(VLOOKUP(H19,[1]SEMIELABORADOS!$A$2:$H$65536,8,0),"") | F19: =IFERROR(E19*C19,"") | G19: =IFERROR(F19/$F$66,"")
B20: =IFERROR(VLOOKUP(H20,[1]SEMIELABORADOS!$A$2:$M$6000,2,0),"") | C20: =+A20 -> 0 | D20: =IFERROR(VLOOKUP(H20,[1]SEMIELABORADOS!$A$2:$M$6000,6,0),"") | E20: =IFERROR(VLOOKUP(H20,[1]SEMIELABORADOS!$A$2:$H$65536,8,0),"") | F20: =IFERROR(E20*C20,"") | G20: =IFERROR(F20/$F$66,"")
B21: =IFERROR(VLOOKUP(H21,[1]SEMIELABORADOS!$A$2:$M$6000,2,0),"") | C21: =+A21 -> 0 | D21: =IFERROR(VLOOKUP(H21,[1]SEMIELABORADOS!$A$2:$M$6000,6,0),"") | E21: =IFERROR(VLOOKUP(H21,[1]SEMIELABORADOS!$A$2:$H$65536,8,0),"") | F21: =IFERROR(E21*C21,"") | G21: =IFERROR(F21/$F$66,"")
B22: =IFERROR(VLOOKUP(H22,[1]SEMIELABORADOS!$A$2:$M$6000,2,0),"") | C22: =+A22 -> 0 | D22: =IFERROR(VLOOKUP(H22,[1]SEMIELABORADOS!$A$2:$M$6000,6,0),"") | E22: =IFERROR(VLOOKUP(H22,[1]SEMIELABORADOS!$A$2:$H$65536,8,0),"") | F22: =IFERROR(E22*C22,"") | G22: =IFERROR(F22/$F$66,"")
B23: =IFERROR(VLOOKUP(H23,[1]SEMIELABORADOS!$A$2:$M$6000,2,0),"") | C23: =+A23 -> 0 | D23: =IFERROR(VLOOKUP(H23,[1]SEMIELABORADOS!$A$2:$M$6000,6,0),"") | E23: =IFERROR(VLOOKUP(H23,[1]SEMIELABORADOS!$A$2:$H$65536,8,0),"") | F23: =IFERROR(E23*C23,"") | G23: =IFERROR(F23/$F$66,"")
B24: =IFERROR(VLOOKUP(H24,[1]SEMIELABORADOS!$A$2:$M$6000,2,0),"") | C24: =+A24 -> 0 | D24: =IFERROR(VLOOKUP(H24,[1]SEMIELABORADOS!$A$2:$M$6000,6,0),"") | E24: =IFERROR(VLOOKUP(H24,[1]SEMIELABORADOS!$A$2:$H$65536,8,0),"") | F24: =IFERROR(E24*C24,"") | G24: =IFERROR(F24/$F$66,"")
A26: UNIDADES | B26: EMPAQUE | C26: UNIDADES | D26: UND MEDIDA | E26: COSTO UNITARIO | F26: TOTAL COSTO | G26: % PREC. DEFINIDO | H26: CODIGOS
A27: 6 | B27: =IFERROR(VLOOKUP(H27,'[1]Consolidado MP Planta'!$A$2:$M$823,3,0),"") -> BOLSA TRANSPARENTE 56X96X1.80 KILO | C27: =+A27 -> 6 | D27: =IFERROR(VLOOKUP(H27,'[1]Consolidado MP Planta'!$A$2:$M$823,13,0),"") -> Und | E27: =IFERROR(VLOOKUP(H27,'[1]Consolidado MP Planta'!$A$2:$M$823,12,0),"") -> 50 | F27: =IFERROR(C27*E27,"") -> 300 | G27: =IFERROR(F27/$F$66,"") -> 0.006446409 | H27: 1950928
A28: 6 | B28: =IFERROR(VLOOKUP(H28,'[1]Consolidado MP Planta'!$A$2:$M$823,3,0),"") -> ETIQ.FECHA VENCIMIENTO BLANCO (ROLLO) | C28: =+A28 -> 6 | D28: =IFERROR(VLOOKUP(H28,'[1]Consolidado MP Planta'!$A$2:$M$823,13,0),"") -> Gramos | E28: =IFERROR(VLOOKUP(H28,'[1]Consolidado MP Planta'!$A$2:$M$823,12,0),"") -> 0.33333333 | F28: =IFERROR(C28*E28,"") -> 2 | G28: =IFERROR(F28/$F$66,"") -> 4.297606e-05 | H28: 0702007
A29: 6 | B29: =IFERROR(VLOOKUP(H29,'[1]Consolidado MP Planta'!$A$2:$M$823,3,0),"") -> ETIQ.BLANCA 1 1/4 * 3/4 (UND) | C29: =+A29 -> 6 | D29: =IFERROR(VLOOKUP(H29,'[1]Consolidado MP Planta'!$A$2:$M$823,13,0),"") -> Und | E29: =IFERROR(VLOOKUP(H29,'[1]Consolidado MP Planta'!$A$2:$M$823,12,0),"") -> 0.58 | F29: =IFERROR(C29*E29,"") -> 3.48 | G29: =IFERROR(F29/$F$66,"") -> 7.4778345e-05 | H29: 0702069
B30: =IFERROR(VLOOKUP(H30,'[1]Consolidado MP Planta'!$A$2:$M$823,3,0),"") | C30: =+A30 -> 0 | D30: =IFERROR(VLOOKUP(H30,'[1]Consolidado MP Planta'!$A$2:$M$823,13,0),"") | E30: =IFERROR(VLOOKUP(H30,'[1]Consolidado MP Planta'!$A$2:$M$823,12,0),"") | F30: =IFERROR(C30*E30,"") | G30: =IFERROR(F30/$F$66,"")
B31: =IFERROR(VLOOKUP(H31,'[1]Consolidado MP Planta'!$A$2:$M$823,3,0),"") | C31: =+A31 -> 0 | D31: =IFERROR(VLOOKUP(H31,'[1]Consolidado MP Planta'!$A$2:$M$823,13,0),"") | E31: =IFERROR(VLOOKUP(H31,'[1]Consolidado MP Planta'!$A$2:$M$823,12,0),"") | F31: =IFERROR(C31*E31,"") | G31: =IFERROR(F31/$F$66,"")
B32: =IFERROR(VLOOKUP(H32,'[1]Consolidado MP Planta'!$A$2:$M$823,3,0),"") | C32: =+A32 -> 0 | D32: =IFERROR(VLOOKUP(H32,'[1]Consolidado MP Planta'!$A$2:$M$823,13,0),"") | E32: =IFERROR(VLOOKUP(H32,'[1]Consolidado MP Planta'!$A$2:$M$823,12,0),"") | F32: =IFERROR(C32*E32,"") | G32: =IFERROR(F32/$F$66,"")
A34: UNIDADES | B34: EMPAQUE SEMIELABORADOS | C34: UNIDADES | D34: UND MEDIDA | E34: COSTO UNITARIO | F34: TOTAL COSTO | G34: % PREC. DEFINIDO | H34: CODIGOS
A35: =+A17 -> 24000 | B35: BATIDO NUCLEO VAINILLA DAWN | C35: =+A35 -> 24000 | D35: Gramos | E35: 0.01 | F35: =IFERROR(E35*C35,"") -> 240 | G35: =IFERROR(F35/$F$66,"") -> 0.0051571272 | H35: 907000306
A36: =+A18 -> 1300 | B36: =IFERROR(VLOOKUP(H36,[1]SEMIELABORADOS!$A$2:$M$6000,2,0),"") -> MEZCLA P/ENGRASE MOLDES KILO | C36: =+A36 -> 1300 | D36: =IFERROR(VLOOKUP(H36,[1]SEMIELABORADOS!$A$2:$M$6000,6,0),"") -> Gramo | E36: =IFERROR(VLOOKUP(H36,[1]SEMIELABORADOS!$A$2:$M$65536,10,0),"") -> 0.021536385 | F36: =IFERROR(E36*C36,"") -> 27.997301 | G36: =IFERROR(F36/$F$66,"") -> 0.00060160683 | H36: 902000019
A37: =+A19 -> 0 | B37: =IFERROR(VLOOKUP(H37,[1]SEMIELABORADOS!$A$2:$M$6000,2,0),"") | C37: =+A37 -> 0 | D37: =IFERROR(VLOOKUP(H37,[1]SEMIELABORADOS!$A$2:$M$6000,6,0),"") | E37: =IFERROR(VLOOKUP(H37,[1]SEMIELABORADOS!$A$2:$M$65536,10,0),"") | F37: =IFERROR(E37*C37,"") | G37: =IFERROR(F37/$F$66,"")
A38: =+A20 -> 0 | B38: =IFERROR(VLOOKUP(H38,[1]SEMIELABORADOS!$A$2:$M$6000,2,0),"") | C38: =+A38 -> 0 | D38: =IFERROR(VLOOKUP(H38,[1]SEMIELABORADOS!$A$2:$M$6000,6,0),"") | E38: =IFERROR(VLOOKUP(H38,[1]SEMIELABORADOS!$A$2:$M$65536,10,0),"") | F38: =IFERROR(E38*C38,"") | G38: =IFERROR(F38/$F$66,"")
A39: =+A21 -> 0 | B39: =IFERROR(VLOOKUP(H39,[1]SEMIELABORADOS!$A$2:$M$6000,2,0),"") | C39: =+A39 -> 0 | D39: =IFERROR(VLOOKUP(H39,[1]SEMIELABORADOS!$A$2:$M$6000,6,0),"") | E39: =IFERROR(VLOOKUP(H39,[1]SEMIELABORADOS!$A$2:$M$65536,10,0),"") | F39: =IFERROR(E39*C39,"") | G39: =IFERROR(F39/$F$66,"")
A40: =+A22 -> 0 | B40: =IFERROR(VLOOKUP(H40,[1]SEMIELABORADOS!$A$2:$M$6000,2,0),"") | C40: =+A40 -> 0 | D40: =IFERROR(VLOOKUP(H40,[1]SEMIELABORADOS!$A$2:$M$6000,6,0),"") | E40: =IFERROR(VLOOKUP(H40,[1]SEMIELABORADOS!$A$2:$M$65536,10,0),"") | F40: =IFERROR(E40*C40,"") | G40: =IFERROR(F40/$F$66,"")
A41: =+A23 -> 0 | B41: =IFERROR(VLOOKUP(H41,[1]SEMIELABORADOS!$A$2:$M$6000,2,0),"") | C41: =+A41 -> 0 | D41: =IFERROR(VLOOKUP(H41,[1]SEMIELABORADOS!$A$2:$M$6000,6,0),"") | E41: =IFERROR(VLOOKUP(H41,[1]SEMIELABORADOS!$A$2:$M$65536,10,0),"") | F41: =IFERROR(E41*C41,"") | G41: =IFERROR(F41/$F$66,"")
A43: UNIDADES | B43: MODI | C43: UNIDADES | D43: UND MEDIDA | E43: COSTO UNITARIO | F43: TOTAL COSTO | G43: % PREC. DEFINIDO | H43: CODIGOS
A44: =+A35 -> 24000 | B44: BATIDO NUCLEO VAINILLA DAWN | C44: =+A44 -> 24000 | D44: Gramos | E44: 0.03 | F44: =IFERROR(E44*C44,"") -> 720 | G44: =IFERROR(F44/$F$66,"") -> 0.015471382 | H44: 907000306
A45: =+A36 -> 1300 | B45: =IFERROR(VLOOKUP(H45,[1]SEMIELABORADOS!$A$2:$M$6000,2,0),"") -> MEZCLA P/ENGRASE MOLDES KILO | C45: =+A45 -> 1300 | D45: =IFERROR(VLOOKUP(H45,[1]SEMIELABORADOS!$A$2:$M$6000,6,0),"") -> Gramo | E45: =IFERROR(VLOOKUP(H45,[1]SEMIELABORADOS!$A$2:$M$65536,12,0),"") -> 0.2512758 | F45: =IFERROR(E45*C45,"") -> 326.65854 | G45: =IFERROR(F45/$F$66,"") -> 0.0070192485 | H45: 902000019
A46: =+A37 -> 0 | B46: =IFERROR(VLOOKUP(H46,[1]SEMIELABORADOS!$A$2:$M$6000,2,0),"") | C46: =+A46 -> 0 | D46: =IFERROR(VLOOKUP(H46,[1]SEMIELABORADOS!$A$2:$M$6000,6,0),"") | E46: =IFERROR(VLOOKUP(H46,[1]SEMIELABORADOS!$A$2:$M$65536,12,0),"") | F46: =IFERROR(E46*C46,"") | G46: =IFERROR(F46/$F$66,"")
A47: =+A38 -> 0 | B47: =IFERROR(VLOOKUP(H47,[1]SEMIELABORADOS!$A$2:$M$6000,2,0),"") | C47: =+A47 -> 0 | D47: =IFERROR(VLOOKUP(H47,[1]SEMIELABORADOS!$A$2:$M$6000,6,0),"") | E47: =IFERROR(VLOOKUP(H47,[1]SEMIELABORADOS!$A$2:$M$65536,12,0),"") | F47: =IFERROR(E47*C47,"") | G47: =IFERROR(F47/$F$66,"")
A48: =+A39 -> 0 | B48: =IFERROR(VLOOKUP(H48,[1]SEMIELABORADOS!$A$2:$M$6000,2,0),"") | C48: =+A48 -> 0 | D48: =IFERROR(VLOOKUP(H48,[1]SEMIELABORADOS!$A$2:$M$6000,6,0),"") | E48: =IFERROR(VLOOKUP(H48,[1]SEMIELABORADOS!$A$2:$M$65536,12,0),"") | F48: =IFERROR(E48*C48,"") | G48: =IFERROR(F48/$F$66,"")
A49: =+A40 -> 0 | B49: =IFERROR(VLOOKUP(H49,[1]SEMIELABORADOS!$A$2:$M$6000,2,0),"") | C49: =+A49 -> 0 | D49: =IFERROR(VLOOKUP(H49,[1]SEMIELABORADOS!$A$2:$M$6000,6,0),"") | E49: =IFERROR(VLOOKUP(H49,[1]SEMIELABORADOS!$A$2:$M$65536,12,0),"") | F49: =IFERROR(E49*C49,"") | G49: =IFERROR(F49/$F$66,"")
A50: =+A41 -> 0 | B50: =IFERROR(VLOOKUP(H50,[1]SEMIELABORADOS!$A$2:$M$6000,2,0),"") | C50: =+A50 -> 0 | D50: =IFERROR(VLOOKUP(H50,[1]SEMIELABORADOS!$A$2:$M$6000,6,0),"") | E50: =IFERROR(VLOOKUP(H50,[1]SEMIELABORADOS!$A$2:$M$65536,12,0),"") | F50: =IFERROR(E50*C50,"") | G50: =IFERROR(F50/$F$66,"")
A51: 1 | B51: MODI PREPARACION | C51: =+A51 -> 1 | D51: N/A | E51: =+F65 -> 1540 | F51: =IFERROR(C51*E51,"") -> 1540 | G51: =IFERROR(F51/$F$66,"") -> 0.033091566
B53: TOTAL MATERIA PRIMA | F53: =SUM(F8:F14,F17:F24) -> 43553 | G53: =+F53/$F$66 -> 0.93586817 | H53: =+F53/$D$60 -> 372.24786
B54: TOTAL EMPAQUE | F54: =SUM(F27:F32,F35:F41) -> 573.4773 | G54: =+F54/$F$66 -> 0.012322897 | H54: =+F54/$D$60 -> 4.9015154 | K54: TOTAL MATERIA PRIMA + EMPAQUE | O54: =+F55 -> 44126.477
B55: TOTAL MATERIAS P. + EMPAQUES | F55: =+F53+F54 -> 44126.477 | G55: =+F55/$F$66 -> 0.94819107 | H55: =+F55/$D$60 -> 377.14938 | M55: MODI PLANTA | O55: =+H56 -> 22.108193
C56: TOTAL MODI | F56: =SUM(F44:F51) -> 2586.6585 | G56: =+F56/$F$66 -> 0.055582196 | H56: =+F56/$D$60 -> 22.108193 | M56: DESECHO | O56: =O54*N56 -> 0
M57: COSTO PLANTA | O57: =SUM(O54:O56) -> 44148.585
B58: GRAMOS | D58: 23400 | H58: =+H56/77 -> 0.28711938 | M58: % GIF | O58: =+H59 -> 23.830909
B59: PESO POR UNIDAD | D59: 200 | H59: =+H58*83 -> 23.830909 | M59: COSTO PLANTA | O59: =SUM(O57:O58) -> 44172.416
B60: UNIDADES TOTALES | D60: =+D58/D59 -> 117 | O60: =+O59*N60 -> 0
B61: UNIDAD MEDIDA | K61: PRECIO DE VENTA PLANTA A LOCAL | O61: =SUM(O59:O60) -> 44172.416 | P61: GR
E62: S/ COSTO | F62: TOTAL | L62: UNIDAD | O62: =+O61/D60 -> 377.54202 | P62: =+O62/D59 -> 1.8877101
B63: TOTAL MATERIAS P. + EMPAQUES | E63: =+F63/F63 -> 1 | F63: =SUM(F55) -> 44126.477 | G63: =+F63/$F$66 -> 0.94819107
B64: DESECHOS Y PERDIDAS | E64: 0.02 | F64: =+F53*E64 -> 871.06 | G64: =+F64/$F$66 -> 0.018717363
B65: MANO OBRA DIRECTA | D65: 20 | E65: 77 | F65: =+E65*D65 -> 1540 | G65: =+F65/$F$66 -> 0.033091566
B66: TOTAL COSTO PLANTA | F66: =SUM(F63:F65) -> 46537.537 | G66: =+F66/$F$66 -> 1 | M66: MODI 77 COLONES X MIN
M67: Gf 83 colones min
B68: COSTO POR GRAMO | M68: ,
B69: TOTAL COSTO MATERIA PRIMA | C69: =+F53 -> 43553 | D69: =+D58 -> 23400 | E69: =+C69/D69 -> 1.8612393
B71: TOTAL COSTO UNIDAD MP+DESECHO+EMPAQUE | C71: =SUM(F63:F64) -> 44997.537 | D71: =+D58 -> 23400 | E71: =+C71/D71 -> 1.9229717
B73: TOTAL MODI PREPARACION POR GRAMO | C73: =+F65 -> 1540 | D73: =+D58 -> 23400 | E73: =+C73/D73 -> 0.065811966
B74: TOTAL MODI POR GRAMO | C74: =+F56 -> 2586.6585 | D74: =+D73 -> 23400 | E74: =+C74/D74 -> 0.11054096
B76: TOTAL EMPAQUE POR GRAMO | C76: =+F54 -> 573.4773 | D76: =+D74 -> 23400 | E76: =+C76/D76 -> 0.024507577
B78: TOTAL GRAMO MP+MODI | E78: =+E69+E74 -> 1.9717803
B80: COSTO POR UNIDAD
B81: TOTAL COSTO MATERIA PRIMA | C81: =+C69 -> 43553 | D81: =+D60 -> 117 | E81: =+C81/D81 -> 372.24786
B83: TOTAL COSTO UNIDAD MP+DESECHO+EMPAQUE | C83: =+C71 -> 44997.537 | D83: =+D60 -> 117 | E83: =+C83/D83 -> 384.59434
B85: TOTAL MODI POR GRAMO | C85: =+C73 -> 1540 | D85: =+D60 -> 117 | E85: =+C85/D85 -> 13.162393
B86: TOTAL MODI POR GRAMO | C86: =+C74 -> 2586.6585 | D86: =+D85 -> 117 | E86: =+C86/D86 -> 22.108193

Sheet Crema Beidge 
C1: SERVICIOS DE PASTELERIA S.A. | H1: CÓDIGO: | I1: ESP-RE-DES-021
C2: ESPECIFICACION DE RECETA | H2: REVISIÓN: | I2: 03
C3: Crema Beidge SE00069 | H3: FECHA DE APROBACIÓN: | I3: 45663
C4: Elaborado | D4: Javier Tong, Chef
C5: Aprobado | D5: Esteban Cartin, Gte Manufactura
A6: AREA QUE PRODUCE: | D6: Decoración | G6: AREA QUE EMPACA: | I6: Decoracion
A7: # Código | B7: # Código Netsuite | C7: Descripción del ingrediente | D7: Marca | E7: Unidad Internacional | G7: Medida alternativa | I7: Costo - Referencia
E8: Cantidad | F8: Unidad medida | G8: Cantidad | H8: Unidad medida | I8: Colones
C9: Ensamble
B10: SE00670 | C10: CREMA BLANCA SUPREMO | D10: FAS | E10: =16580/16.58 -> 1000 | F10: g
A11: 10400008 | B11: MP10150 | C11: COLORANTE GEL EGG YELLOW (UND= 130 ML) | D11: MASTER PACK | E11: 0.2 | F11: g
C20: Decoración
C29: Empaque
A30: 0702069 | B30: EM10002 | C30: ETIQ.BLANCA 1 1/4 * 3/4 | D30: ETIPLAST | E30: 1 | F30: ud
D40: Cantidad | E40: Unidad
A41: PESO TOTAL OBTENIDO | D41: 1000 | E41: g | F41: Tiempo de Horneo:
A42: TIEMPO TOTAL DE PREPARACION | D42: 3 | E42: Min | F42: Horno:
A43: CANTIDAD DE PORCIONES OBTENIDAS | D43: 1 | E43: Tanda | F43: Temperatura de Horneo:
A44: PESO DE CADA PORCIÓN | D44: 1000 | E44: g | F44: Otros
A45: MERMA | D45: =SUM(E10:E11)-D41 -> 0 | E45: g
A46: PROCEDIMIENTO DE PREPARACION DE LA RECETA
A47: 1, Sacar la crema blanca suprema de la camara (temperatura maxima 18° ya batida).
A48: 2, Agregar el colorantes y mezclar a mano, hasta que este completamente homogeneo.
A49: 3, Colocar plastico para tapar y etiquetar.
A50: 4, Volver a guardar en la camara hasta su uso.
A56: CONTROL DE CAMBIOS
A57: 2, Se actualiza procedimiento y tiempo de preparación
A58: 3, Se actualizan datos de receta y pesos finales

Sheet Crema Blanca Supremo
C1: SERVICIOS DE PASTELERIA S.A. | H1: CÓDIGO: | I1: ESP-RE-DES-059
C2: ESPECIFICACION DE RECETA | H2: REVISIÓN: | I2: 04
C3: SE00670 Crema Blanca Supremo | H3: FECHA DE APROBACIÓN: | I3: 45659
C4: Elaborado | D4: Javier Tong, Chef
C5: Aprobado | D5: Esteban Cartin, Gte Manufactura
A6: AREA QUE PRODUCE: | D6: Decoracoración | G6: AREA QUE EMPACA: | I6: Decoración
A7: # Código | B7: # Código Netsuite | C7: Descripción del ingrediente | D7: Marca | E7: Unidad Internacional | G7: Medida alternativa | I7: Costo - Referencia
E8: Cantidad | F8: Unidad medida | G8: Cantidad | H8: Unidad medida | I8: Colones
C9: Ensamble
A10: 310148 | B10: MP10047 | C10: BETTERCREME SUPREMO (UND:4 K) | D10: RICHS | E10: 16150 | F10: g | J10: =+E10/$D$39 -> 0.99299053 | K10: =+J10*1000 -> 992.99053
A11: 10415 | C11: AGUA POTABLE (PLANTA) | D11: AYA | E11: 100 | F11: g | J11: =+E11/$D$39 -> 0.0061485482 | K11: =+J11*1000 -> 6.1485482 | L11: =SUM(E10:E13) -> 16264.002
A12: 1212410 | B12: MP10008 | C12: PRESERVANTE 1047S (PAQ=5 KILO) | D12: ASEAL | E12: 10.002021 | F12: g | J12: =+E12/$D$39 -> 0.00061497906 | K12: =+J12*1000 -> 0.61497906 | L12: =L11-230 -> 16034.002
A13: 10400008 | B13: MP10150 | C13: COLORANTE GEL EGG YELLOW (UND= 130 ML) | D13: MASTER PACK | E13: 4 | F13: g | J13: =+E13/$D$39 -> 0.00024594193 | K13: =+J13*1000 -> 0.24594193
L17: =E10/1000 -> 16.15
C21: Decoración
C28: Empaque
A29: 702123 | B29: EM10011 | C29: ETIQUETA BLANCA 2 5/8X1 15/16 (UND) | D29: Etiplas | E29: 1 | F29: ud
D38: Cantidad | E38: Unidad
A39: PESO TOTAL OBTENIDO | D39: =SUM(E10:E13) -> 16264.002 | E39: g | F39: Tiempo de Horneo:
A40: TIEMPO TOTAL DE PREPARACION | D40: 15 | E40: min | F40: Horno:
A41: CANTIDAD DE PORCIONES OBTENIDAS | D41: 1 | E41: Tanda | F41: Temperatura de Horneo:
A42: PESO DE CADA PORCIÓN | D42: 16263 | E42: g | F42: Otros
A43: MERMA | D43: =SUM(E10:E13)-D39 -> 0 | E43: g
A44: PROCEDIMIENTO DE PREPARACION DE LA RECETA
A45: 1.- Abrir los galones de bettercreme supremo y verter dentro de la top cream, reservando un poco.
A46: 2.- Disolver el preservante con el colorante en el agua, mezclando bien, dejandolo sin grumos (Si hace falta disolver, agregar un poco del bettercream supremo para terminar de disolver)
A47: 3.- Batir por 15 minutos
A48: 4- Una vez lista retirar (Temperatura adecuada 15° a 16°) y colocar en una tina plastica y tapar con plastico
A49: 5.- Etiquetar con nombre y fecha de vencimiento.
A50: 6.- Mantener en refrigeración, hasta su uso.
A56: CONTROL DE CAMBIOS
A57: 2, Se sustituye la crema prestige por crema supremo y procedimiento
A58: 3, Se actualiza tiempo de preparación, se agrega colorante y se actualiza procedimiento.
A59: 4, Se actualiza cantidad de colorante

Sheet Leches Past con agua 
C1: SERVICIOS DE PASTELERIA S.A. | H1: CÓDIGO: | I1: ESP-RE-DES-026
C2: ESPECIFICACION DE RECETA | H2: REVISIÓN: | I2: 01
C3: Leches pasteurizadas con Agua 320g Spoon 910000003(SE00254) | H3: FECHA DE APROBACIÓN: | I3: 45613
C4: Elaborado | D4: Javier Tong, Chef
C5: Aprobado | D5: Esteban Cartin, Gte Manufactura
A6: AREA QUE PRODUCE: | D6: Decoración | G6: AREA QUE EMPACA: | I6: Decoracion
A7: # Código | B7: # Código Netsuite | C7: Descripción del ingrediente | D7: Marca | E7: Unidad Internacional | G7: Medida alternativa | I7: Costo - Referencia
E8: Cantidad | F8: Unidad medida | G8: Cantidad | H8: Unidad medida | I8: Colones
C9: Ensamble
A10: 907000001 | B10: SE00031 | C10: MEZCLA DE LECHE PASTEURIZADA | D10: FAS | E10: 1600 | F10: g
C11: AGUA | D11: FAS | E11: 1600 | F11: g
A12: 1212412 | B12: MP10025 | C12: PRESERVANTE 1017 (PAQ=5 KILO) | D12: Aseal | E12: 3 | F12: g
C20: Decoración
C29: Empaque
D40: Cantidad | E40: Unidad
A41: PESO TOTAL OBTENIDO | D41: 3200 | E41: g | F41: Tiempo de Horneo:
A42: TIEMPO TOTAL DE PREPARACION | D42: 5 | E42: Minutos | F42: Horno:
A43: CANTIDAD DE PORCIONES OBTENIDAS | D43: 10 | E43: Tortas | F43: Temperatura de Horneo:
A44: PESO DE CADA PORCIÓN | D44: 320 | E44: g | F44: Otros
A45: MERMA | D45: 3 | E45: g
A46: PROCEDIMIENTO DE PREPARACION DE LA RECETA
A47: 1.- Colocar la mezcla de leches con agua y preservante en un balde.
A56: CONTROL DE CAMBIOS

Sheet Mezcla leche Pasteurizada 
C1: SERVICIOS DE PASTELERIA S.A. | H1: CÓDIGO: | I1: ESP-RE-POS-020
C2: ESPECIFICACION DE RECETA | H2: REVISIÓN: | I2: 02
C3: Mezcla para Tres Leches Pasteurizada SE00031 | H3: FECHA DE APROBACIÓN: | I3: 45615
C4: Elaborado | D4: Javier Tong, Chef
C5: Aprobado | D5: Esteban Cartin, Gte Manufactura
A6: AREA QUE PRODUCE: | D6: Postres | G6: AREA QUE EMPACA: | I6: Postres
A7: # Código | B7: # Código Netsuite | C7: Descripción del ingrediente | D7: Marca | E7: Unidad Internacional | G7: Medida alternativa | I7: Costo - Referencia
E8: Cantidad | F8: Unidad medida | G8: Cantidad | H8: Unidad medida | I8: Colones
C9: Ensamble
A10: 11400047 | B10: MP10030 | C10: LECHE 2% PASTEURIZADA (UND) | D10: DOS PINOS | E10: 12230 | F10: g
A11: 1110414 | B11: MP10024 | C11: LECHE EVAPORADA (LITRO) | D11: NESTLE | E11: 17430 | F11: g
A12: 11400046 | B12: MP10050 | C12: LECHE CONDENSADA | D12: NESTLE | E12: 17430 | F12: g
A13: 11400031 | B13: MP10048 | C13: CREMA PRESTIGE GRAND | D13: RICH | E13: 14000 | F13: g
A14: 90100131 | B14: SE00016 | C14: AZUCAR BLANCO INDUSTRIAL KILO | D14: FAS | E14: 1475 | F14: g
A15: 1212410 | B15: MP10008 | C15: PRESERVANTE 1047S (PAQ=5 KILO) | D15: ASEAL | E15: 140 | F15: g
C21: Decoración
C30: Empaque
D43: Cantidad | E43: Unidad
A44: PESO TOTAL OBTENIDO | D44: 62500 | E44: g | F44: Tiempo de Horneo:
A45: TIEMPO TOTAL DE PREPARACION | D45: 11 | E45: Min. | F45: Horno:
A46: CANTIDAD DE PORCIONES OBTENIDAS | D46: 1 | E46: tanda | F46: Temperatura de Horneo:
A47: PESO DE CADA PORCIÓN | D47: 62500 | E47: g | F47: Otros
A48: MERMA | D48: 205 | E48: g
A49: PROCEDIMIENTO DE PREPARACION DE LA RECETA
A50: 1. Disolver completamente el preservante en un litro de leche estandar empleando el homogenizador manual.
A51: 2. Colocar en un bolw con una paleta manual, la leche fluida, la leche evaporada, el litro de leche con el preservante ya disuelto, el azúcar, la crema prestige líquida y la leche condensada.
A52: 3. Dosificar la mezcla pasteurizada en recipientes de acero inoxidable previamente lavado de acuerdo a INS-LMP-019 Recipiente para el Almacenamiento de Leche Pasteurizada, tapar el recipiente hermeticamente y reservar hasta su uso.
A53: 4. Identificar los recipientes con nombre del producto, fecha de producción y responsable.
A54: 5. Esta mezcla tiene una vida útil de 2 días envasada en recipientes de acero inoxidable herméticamente cerrados y mantenida en refrigeración
A55: 0ºC y 5ªC. Terminado el proceso proceder a la limpieza del equipo y a la sanitización.
A58: CONTROL DE CAMBIOS
A59: 2Actualización procedimiento

Sheet Caramelo con choc blanco
C1: SERVICIOS DE PASTELERIA S.A. | H1: CÓDIGO: | I1: ESP-RE-POS-072
C2: ESPECIFICACION DE RECETA | H2: REVISIÓN: | I2: 1
C3: SE00682 CARAMELO CON CHOCOLATE BLANCO | H3: FECHA DE APROBACIÓN: | I3: 45715
C4: Elaborado | D4: Juan Pablo Brenes-Chef
C5: Aprobado | D5: Esteban Cartin, Gerente de Manofactura
A6: AREA QUE PRODUCE: | D6: Postres | G6: AREA QUE EMPACA: | I6: Postres
A7: # Código | B7: # Código | C7: Descripción del ingrediente | D7: Marca | E7: Unidad Internacional | G7: Medida alternativa | I7: Costo - Referencia
E8: Cantidad | F8: Unidad medida | G8: Cantidad | H8: Unidad medida | I8: Colones
B9: SE00355 | C9: Caramelo Crocante | D9: FAS | E9: 1000 | F9: g
B10: MP10143 | C10: Cobertura Chocolate Blanco Nacional | D10: NACIONAL | E10: 1000 | F10: g
A11: 1950702 | B11: EM10016 | C11: Bolsa 12X18 Transparente | D11: Plasticos P | E11: 1 | F11: Unid
A12: 702067 | B12: EM10120 | C12: Etiq.Blanca 1 13/16 * 1 7/8 | D12: Mayca | E12: 1 | F12: Unid
F13: g | L13: =SUM(E9:E10) -> 2000
D15: Cantidad | E15: Unidad
A16: PESO TOTAL OBTENIDO | D16: 2000 | E16: g
A17: TIEMPO TOTAL DE PREPARACION | D17: 5 | E17: min
A18: CANTIDAD DE PORCIONES OBTENIDAS | D18: =(D16/D19) -> 1 | E18: ud
A19: PESO DE CADA PORCIÓN | D19: 2000 | E19: g
A20: MERMA | D20: =SUM(E9:E10)-D16 -> 0 | E20: g
A21: LLEGO C
A22: 1.Realizar el Brittle de almendras, una vez listo y procesado, derretir chocolate blanco y mezclarlo muy bien.
A23: 2. Exparsirlo bien en una bandeja y dejarlo secar.
A24: 3. Cuando este bien seco. Se vuelve a procesar para que queden pequeños trozos.
A25: 4. Guardar y etiquetar.
A30: CONTROL DE CAMBIOS

Sheet Caramelo Crocante
C1: SERVICIOS DE PASTELERIA S.A. | H1: CÓDIGO: | I1: ESP-RE-POS-022
C2: ESPECIFICACION DE RECETA | H2: REVISIÓN: | I2: 01
C3: Caramelo Crocante 1000g Spoon SE00355 | H3: FECHA DE APROBACIÓN: | I3: 45615
C4: Elaborado | D4: Javier Tong, Chef
C5: Aprobado | D5: Esteban Cartin, Gte Manufactura
A6: AREA QUE PRODUCE: | D6: Postres | G6: AREA QUE EMPACA: | I6: Postres
A7: # Código | B7: # Código Netsuite | C7: Descripción del ingrediente | D7: Marca | E7: Unidad Internacional | G7: Medida alternativa | I7: Costo - Referencia
E8: Cantidad | F8: Unidad medida | G8: Cantidad | H8: Unidad medida | I8: Colones
C9: Ensamble
A10: 510302 | B10: MP10078 | C10: AZUCAR REFINO INDUSTRIAL | D10: MAYCA | E10: 1100 | F10: g
C21: Decoración
C30: Empaque
A31: 1950702 | B31: EM10016 | C31: BOLSA 12X18 TRANSPARENTE | D31: PLASTICOS P | E31: 1 | F31: Unid
A32: 702067 | B32: EM10120 | C32: ETIQ.BLANCA 1 13/16 * 1 7/8 | D32: MAYCA | E32: 1 | F32: Unid
D43: Cantidad | E43: Unidad
A44: PESO TOTAL OBTENIDO | D44: 1000 | E44: g | F44: Tiempo de Horneo:
A45: TIEMPO TOTAL DE PREPARACION | D45: 6 | E45: min | F45: Horno:
A46: CANTIDAD DE PORCIONES OBTENIDAS | D46: 1 | E46: ud | F46: Temperatura de Horneo:
A47: PESO DE CADA PORCIÓN | D47: 1000 | E47: g | F47: Otros
A48: MERMA | D48: 100 | E48: g
A49: PROCEDIMIENTO DE PREPARACION DE LA RECETA
A50: 1.- Derretir el azucar hasta tomar color caramelo. Tener cuidado de no quemar.
A51: 2.- Retirar del fuego y colocar en una blonda de teflon, dejar enfriar.
A52: 3.- Partir con un maso, trozos pequeños.
A53: 4.- Enviar a figuras.
A58: CONTROL DE CAMBIOS
