Workbook

Sheet Costo Torta Cacique
E1: Precio Local | F1: Costo MP | G1: Costo EM | H1: Costo MO
E2: =IFERROR(O64,"") -> 4460.3207 | F2: =IFERROR(H55,"") -> 2626.3 | G2: =IFERROR(H56,"") -> 689.43945 | H2: =IFERROR(H58,"") -> 550.82971
A5: ESTRUCTURA DE COSTOS
F6: Fecha: | H6: =TODAY() -> 46064
A7: UNIDADES | B7: DESCRIPCION MAT.PRIMA | C7: UNIDADES | D7: UND MEDIDA | E7: COSTO UNITARIO | F7: TOTAL COSTO | G7: % PREC. DEFINIDO | H7: CODIGOS
A8: 4 | B8: Crema Bettercream Doble Chocolate | C8: =+A8 -> 4 | D8: Gramos | E8: 2.64 | F8: =IFERROR(C8*E8,"") -> 10.56 | G8: =IFERROR(F8/$F$68,"") -> 0.00281355 | H8: MP10006
B9: =IFERROR(VLOOKUP(H9,'[1]Consolidado MP Planta'!$A$2:$M$823,3,0),"") | C9: =+A9 -> 0 | D9: =IFERROR(VLOOKUP(H9,'[1]Consolidado MP Planta'!$A$2:$M$823,13,0),"") | E9: =IFERROR(VLOOKUP(H9,'[1]Consolidado MP Planta'!$A$2:$M$823,12,0),"") | F9: =IFERROR(C9*E9,"") | G9: =IFERROR(F9/$F$68,"")
B10: =IFERROR(VLOOKUP(H10,'[1]Consolidado MP Planta'!$A$2:$M$823,3,0),"") | C10: =+A10 -> 0 | D10: =IFERROR(VLOOKUP(H10,'[1]Consolidado MP Planta'!$A$2:$M$823,13,0),"") | E10: =IFERROR(VLOOKUP(H10,'[1]Consolidado MP Planta'!$A$2:$M$823,12,0),"") | F10: =IFERROR(C10*E10,"") | G10: =IFERROR(F10/$F$68,"")
B11: =IFERROR(VLOOKUP(H11,'[1]Consolidado MP Planta'!$A$2:$M$823,3,0),"") | C11: =+A11 -> 0 | D11: =IFERROR(VLOOKUP(H11,'[1]Consolidado MP Planta'!$A$2:$M$823,13,0),"") | E11: =IFERROR(VLOOKUP(H11,'[1]Consolidado MP Planta'!$A$2:$M$823,12,0),"") | F11: =IFERROR(C11*E11,"") | G11: =IFERROR(F11/$F$68,"")
B12: =IFERROR(VLOOKUP(H12,'[1]Consolidado MP Planta'!$A$2:$M$823,3,0),"") | C12: =+A12 -> 0 | D12: =IFERROR(VLOOKUP(H12,'[1]Consolidado MP Planta'!$A$2:$M$823,13,0),"") | E12: =IFERROR(VLOOKUP(H12,'[1]Consolidado MP Planta'!$A$2:$M$823,12,0),"") | F12: =IFERROR(C12*E12,"") | G12: =IFERROR(F12/$F$68,"")
B13: =IFERROR(VLOOKUP(H13,'[1]Consolidado MP Planta'!$A$2:$M$823,3,0),"") | C13: =+A13 -> 0 | D13: =IFERROR(VLOOKUP(H13,'[1]Consolidado MP Planta'!$A$2:$M$823,13,0),"") | E13: =IFERROR(VLOOKUP(H13,'[1]Consolidado MP Planta'!$A$2:$M$823,12,0),"") | F13: =IFERROR(C13*E13,"") | G13: =IFERROR(F13/$F$68,"")
B14: =IFERROR(VLOOKUP(H14,'[1]Consolidado MP Planta'!$A$2:$M$823,3,0),"") | C14: =+A14 -> 0 | D14: =IFERROR(VLOOKUP(H14,'[1]Consolidado MP Planta'!$A$2:$M$823,13,0),"") | E14: =IFERROR(VLOOKUP(H14,'[1]Consolidado MP Planta'!$A$2:$M$823,12,0),"") | F14: =IFERROR(C14*E14,"") | G14: =IFERROR(F14/$F$68,"")
B15: =IFERROR(VLOOKUP(H15,[2]Hoja2!$A$2:$G$589,2,0),"")
A16: UNIDADES | B16: MATERIA PRIMA SEMIELABORADOS | C16: UNIDADES | D16: UND MEDIDA | E16: COSTO UNITARIO | F16: TOTAL COSTO | G16: % PREC. DEFINIDO | H16: CODIGOS
A17: 1.5 | B17: ROSQUETE EASY VAINILLA BC 310 G | C17: =+A17 -> 1.5 | D17: und | E17: 425 | F17: =IFERROR(E17*C17,"") -> 637.5 | G17: =IFERROR(F17/$F$68,"") -> 0.1698521 | H17: SE00454
A18: 195 | B18: Almibar de Cacique | C18: =+A18 -> 195 | D18: Gramos | E18: =+'Costo Almibar de cacique'!E69 -> 3.352 | F18: =IFERROR(E18*C18,"") -> 653.64 | G18: =IFERROR(F18/$F$68,"") -> 0.17415235 | H18: Nuevo
A19: 160 | B19: Crema Chocolate Spoon | C19: =+A19 -> 160 | D19: Gramos | E19: 2.55 | F19: =IFERROR(E19*C19,"") -> 408 | G19: =IFERROR(F19/$F$68,"") -> 0.10870534 | H19: SE00024
A20: 70 | B20: Procesado Chocolate Rallado Oscuro | C20: =+A20 -> 70 | D20: Gramos | E20: 6.2 | F20: =IFERROR(E20*C20,"") -> 434 | G20: =IFERROR(F20/$F$68,"") -> 0.11563264 | H20: SE00392
A21: 170 | B21: Crema Chantilly Blanca (Spoon-Ind) | C21: =+A21 -> 170 | D21: Gramos | E21: 2.18 | F21: =IFERROR(E21*C21,"") -> 370.6 | G21: =IFERROR(F21/$F$68,"") -> 0.098740685 | H21: SE00010
A22: 0 | B22: Pelado Chocolate Cacique | C22: =+A22 -> 0 | D22: Gramos | E22: =+'Costo pelado copetin'!E69 -> 18.2 | F22: =IFERROR(E22*C22,"") -> 0 | G22: =IFERROR(F22/$F$68,"") -> 0 | H22: Nuevo
A23: 25 | B23: Ganache Chocolate Oscuro | C23: =+A23 -> 25 | D23: Gramos | E23: 4.48 | F23: =IFERROR(E23*C23,"") -> 112 | G23: =IFERROR(F23/$F$68,"") -> 0.029840682 | H23: SE00001
B24: =IFERROR(VLOOKUP(H24,[1]SEMIELABORADOS!$A$2:$M$6000,2,0),"") | C24: =+A24 -> 0 | D24: =IFERROR(VLOOKUP(H24,[1]SEMIELABORADOS!$A$2:$M$6000,6,0),"") | E24: =IFERROR(VLOOKUP(H24,[1]SEMIELABORADOS!$A$2:$H$65536,8,0),"") | F24: =IFERROR(E24*C24,"") | G24: =IFERROR(F24/$F$68,"")
A26: UNIDADES | B26: EMPAQUE | C26: UNIDADES | D26: UND MEDIDA | E26: COSTO UNITARIO | F26: TOTAL COSTO | G26: % PREC. DEFINIDO | H26: CODIGOS
A27: 1 | B27: =IFERROR(VLOOKUP(H27,'[1]Consolidado MP Planta'!$A$2:$M$823,3,0),"") -> QUEQUERA RED BASE/DOMO 10 (CAJA:50) | C27: =+A27 -> 1 | D27: =IFERROR(VLOOKUP(H27,'[1]Consolidado MP Planta'!$A$2:$M$823,13,0),"") -> UND | E27: 415 | F27: =IFERROR(C27*E27,"") -> 415 | G27: =IFERROR(F27/$F$68,"") -> 0.11057038 | H27: 121603
A28: 1 | B28: =IFERROR(VLOOKUP(H28,'[1]Consolidado MP Planta'!$A$2:$M$823,3,0),"") -> ORLA # 10 BUCCA (UND) | C28: =+A28 -> 1 | D28: UND | E28: 137 | F28: =IFERROR(C28*E28,"") -> 137 | G28: =IFERROR(F28/$F$68,"") -> 0.036501548 | H28: 1952875
A29: 1 | B29: =IFERROR(VLOOKUP(H29,'[1]Consolidado MP Planta'!$A$2:$M$823,3,0),"") -> ET. TORTA BUCCA GENERICA PEQUEÑA (UND) | C29: =+A29 -> 1 | D29: =IFERROR(VLOOKUP(H29,'[1]Consolidado MP Planta'!$A$2:$M$823,13,0),"") -> Und | E29: 25.8 | F29: =IFERROR(C29*E29,"") -> 25.8 | G29: =IFERROR(F29/$F$68,"") -> 0.0068740142 | H29: 2172411
A30: 1 | B30: =IFERROR(VLOOKUP(H30,'[1]Consolidado MP Planta'!$A$2:$M$823,3,0),"") -> ETIQ.FECHA VENCIMIENTO BLANCO (ROLLO) | C30: =+A30 -> 1 | D30: UND | E30: 0.33 | F30: =IFERROR(C30*E30,"") -> 0.33 | G30: =IFERROR(F30/$F$68,"") -> 8.7923438e-05 | H30: 0702007
A31: 1 | B31: =IFERROR(VLOOKUP(H31,'[1]Consolidado MP Planta'!$A$2:$M$823,3,0),"") -> ETIQ.BLANCA 1 1/4 * 3/4 (UND) | C31: =+A31 -> 1 | D31: =IFERROR(VLOOKUP(H31,'[1]Consolidado MP Planta'!$A$2:$M$823,13,0),"") -> Und | E31: 0.58 | F31: =IFERROR(C31*E31,"") -> 0.58 | G31: =IFERROR(F31/$F$68,"") -> 0.0001545321 | H31: 0702069
A32: 1 | B32: =IFERROR(VLOOKUP(H32,'[1]Consolidado MP Planta'!$A$2:$M$823,3,0),"") -> ETIQUETA BLANCA 2 5/8X1 15/16 (UND) | C32: =+A32 -> 1 | D32: =IFERROR(VLOOKUP(H32,'[1]Consolidado MP Planta'!$A$2:$M$823,13,0),"") -> Und | E32: 2.13 | F32: =IFERROR(C32*E32,"") -> 2.13 | G32: =IFERROR(F32/$F$68,"") -> 0.00056750582 | H32: 0702123
A33: 1 | B33: ETIQUETA ESPECIAL DIA DEL PADRE | C33: =+A33 -> 1 | D33: UND | E33: 85 | F33: =IFERROR(C33*E33,"") -> 85 | G33: =IFERROR(F33/$F$68,"") -> 0.022646946 | H33: Nuevo
B34: =IFERROR(VLOOKUP(H34,'[1]Consolidado MP Planta'!$A$2:$M$823,3,0),"") | C34: =+A34 -> 0 | D34: =IFERROR(VLOOKUP(H34,'[1]Consolidado MP Planta'!$A$2:$M$823,13,0),"") | E34: =IFERROR(VLOOKUP(H34,'[1]Consolidado MP Planta'!$A$2:$M$823,12,0),"") | F34: =IFERROR(C34*E34,"") | G34: =IFERROR(F34/$F$68,"")
A36: UNIDADES | B36: EMPAQUE SEMIELABORADOS | C36: UNIDADES | D36: UND MEDIDA | E36: COSTO UNITARIO | F36: TOTAL COSTO | G36: % PREC. DEFINIDO | H36: CODIGOS
A37: =+A17 -> 1.5 | B37: ROSQUETE EASY VAINILLA BC 310 G | C37: =+A37 -> 1.5 | D37: und | E37: 6.42 | F37: =IFERROR(E37*C37,"") -> 9.63 | G37: =IFERROR(F37/$F$68,"") -> 0.0025657658 | H37: SE00454
A38: =+A18 -> 195 | B38: Almibar de Cacique | C38: =+A38 -> 195 | D38: Gramos | E38: =+'Costo Almibar de cacique'!E76 -> 0.0052279274 | F38: =IFERROR(E38*C38,"") -> 1.0194458 | G38: =IFERROR(F38/$F$68,"") -> 0.0002716157 | H38: Nuevo
A39: =+A19 -> 160 | B39: Crema Chocolate Spoon | C39: =+A39 -> 160 | D39: Gramos | E39: 0.03 | F39: =IFERROR(E39*C39,"") -> 4.8 | G39: =IFERROR(F39/$F$68,"") -> 0.0012788864 | H39: SE00024
A40: =+A20 -> 70 | B40: Procesado Chocolate Rallado Oscuro | C40: =+A40 -> 70 | D40: Gramos | E40: 0.04 | F40: =IFERROR(E40*C40,"") -> 2.8 | G40: =IFERROR(F40/$F$68,"") -> 0.00074601705 | H40: SE00392
A41: =+A21 -> 170 | B41: Crema Chantilly Blanca (Spoon-Ind) | C41: =+A41 -> 170 | D41: Gramos | E41: 0.03 | F41: =IFERROR(E41*C41,"") -> 5.1 | G41: =IFERROR(F41/$F$68,"") -> 0.0013588168 | H41: SE00010
A42: =+A22 -> 0 | B42: Pelado Chocolate Cacique | C42: =+A42 -> 0 | D42: Gramos | E42: =+'Costo pelado copetin'!E76 -> 0.29788571 | F42: =IFERROR(E42*C42,"") -> 0 | G42: =IFERROR(F42/$F$68,"") -> 0 | H42: Nuevo
A43: =+A23 -> 25 | B43: Ganache Chocolate Oscuro | C43: =+A43 -> 25 | D43: Gramos | E43: 0.01 | F43: =IFERROR(E43*C43,"") -> 0.25 | G43: =IFERROR(F43/$F$68,"") -> 6.6608665e-05 | H43: SE00001
A45: UNIDADES | B45: MODI | C45: UNIDADES | D45: UND MEDIDA | E45: COSTO UNITARIO | F45: TOTAL COSTO | G45: % PREC. DEFINIDO | H45: CODIGOS
A46: =+A37 -> 1.5 | B46: ROSQUETE EASY VAINILLA BC 310 G | C46: =+A46 -> 1.5 | D46: und | E46: 35.48 | F46: =IFERROR(E46*C46,"") -> 53.22 | G46: =IFERROR(F46/$F$68,"") -> 0.014179653 | H46: SE00454
A47: =+A38 -> 195 | B47: Almibar de Cacique | C47: =+A47 -> 195 | D47: Gramos | E47: =+'Costo Almibar de cacique'!E74 -> 0.069280569 | F47: =IFERROR(E47*C47,"") -> 13.509711 | G47: =IFERROR(F47/$F$68,"") -> 0.0035994552 | H47: Nuevo
A48: =+A39 -> 160 | B48: Crema Chocolate Spoon | C48: =+A48 -> 160 | D48: Gramos | E48: 0.45 | F48: =IFERROR(E48*C48,"") -> 72 | G48: =IFERROR(F48/$F$68,"") -> 0.019183295 | H48: SE00024
A49: =+A40 -> 70 | B49: Procesado Chocolate Rallado Oscuro | C49: =+A49 -> 70 | D49: Gramos | E49: 0.3 | F49: =IFERROR(E49*C49,"") -> 21 | G49: =IFERROR(F49/$F$68,"") -> 0.0055951278 | H49: SE00392
A50: =+A41 -> 170 | B50: Crema Chantilly Blanca (Spoon-Ind) | C50: =+A50 -> 170 | D50: Gramos | E50: 0.03 | F50: =IFERROR(E50*C50,"") -> 5.1 | G50: =IFERROR(F50/$F$68,"") -> 0.0013588168 | H50: SE00010
A51: =+A42 -> 0 | B51: Pelado Chocolate Cacique | C51: =+A51 -> 0 | D51: gramos | E51: =+'Costo pelado copetin'!E74 -> 2.2 | F51: =IFERROR(E51*C51,"") -> 0 | G51: =IFERROR(F51/$F$68,"") -> 0 | H51: Nuevo
A52: =+A43 -> 25 | B52: Ganache Chocolate Oscuro | C52: =+A52 -> 25 | D52: Gramos | E52: 0.04 | F52: =IFERROR(E52*C52,"") -> 1 | G52: =IFERROR(F52/$F$68,"") -> 0.00026643466 | H52: SE00001
A53: 1 | B53: MODI PREPARACION | C53: =+A53 -> 1 | D53: N/A | E53: =+F67 -> 385 | F53: =IFERROR(C53*E53,"") -> 385 | G53: =IFERROR(F53/$F$68,"") -> 0.10257734
B55: TOTAL MATERIA PRIMA | F55: =SUM(F8:F14,F17:F24) -> 2626.3 | G55: =+F55/$F$68 -> 0.69973735 | H55: =+F55/$D$62 -> 2626.3
B56: TOTAL EMPAQUE | F56: =SUM(F27:F34,F37:F43) -> 689.43945 | G56: =+F56/$F$68 -> 0.18369056 | H56: =+F56/$D$62 -> 689.43945 | K56: TOTAL MATERIA PRIMA + EMPAQUE | O56: =+F57 -> 3315.7394
B57: TOTAL MATERIAS P. + EMPAQUES | F57: =+F55+F56 -> 3315.7394 | G57: =+F57/$F$68 -> 0.88342791 | H57: =+F57/$D$62 -> 3315.7394 | M57: MODI PLANTA | O57: =+H58 -> 550.82971
C58: TOTAL MODI | F58: =SUM(F46:F53) -> 550.82971 | G58: =+F58/$F$68 -> 0.14676013 | H58: =+F58/$D$62 -> 550.82971 | M58: DESECHO | O58: =O56*N58 -> 0
M59: COSTO PLANTA | O59: =SUM(O56:O58) -> 3866.5692
B60: GRAMOS | D60: 1062 | H60: =+H58/77 -> 7.1536326 | M60: % GIF | O60: =+H61 -> 593.75151
B61: PESO POR UNIDAD | D61: 1062 | H61: =+H60*83 -> 593.75151 | M61: COSTO PLANTA | O61: =SUM(O59:O60) -> 4460.3207
B62: UNIDADES TOTALES | D62: =+D60/D61 -> 1 | O62: =+O61*N62 -> 0
B63: UNIDAD MEDIDA | K63: PRECIO DE VENTA PLANTA A LOCAL | O63: =SUM(O61:O62) -> 4460.3207 | P63: GR
E64: S/ COSTO | F64: TOTAL | L64: UNIDAD | O64: =+O63/D62 -> 4460.3207 | P64: =+O64/D61 -> 4.1999253
B65: TOTAL MATERIAS P. + EMPAQUES | E65: =+F65/F65 -> 1 | F65: =SUM(F57) -> 3315.7394 | G65: =+F65/$F$68 -> 0.88342791
B66: DESECHOS Y PERDIDAS | E66: 0.02 | F66: =+F55*E66 -> 52.526 | G66: =+F66/$F$68 -> 0.013994747
B67: MANO OBRA DIRECTA | D67: 5 | E67: 77 | F67: =+E67*D67 -> 385 | G67: =+F67/$F$68 -> 0.10257734
B68: TOTAL COSTO PLANTA | F68: =SUM(F65:F67) -> 3753.2654 | G68: =+F68/$F$68 -> 1 | M68: MODI 77 COLONES X MIN
M69: Gf 83 colones min
B70: COSTO POR GRAMO | M70: ,
B71: TOTAL COSTO MATERIA PRIMA | C71: =+F55 -> 2626.3 | D71: =+D60 -> 1062 | E71: =+C71/D71 -> 2.4729755
B73: TOTAL COSTO UNIDAD MP+DESECHO+EMPAQUE | C73: =SUM(F65:F66) -> 3368.2654 | D73: =+D60 -> 1062 | E73: =+C73/D73 -> 3.1716247
B75: TOTAL MODI PREPARACION POR GRAMO | C75: =+F67 -> 385 | D75: =+D60 -> 1062 | E75: =+C75/D75 -> 0.36252354
B76: TOTAL MODI POR GRAMO | C76: =+F58 -> 550.82971 | D76: =+D75 -> 1062 | E76: =+C76/D76 -> 0.51867204
B78: TOTAL EMPAQUE POR GRAMO | C78: =+F56 -> 689.43945 | D78: =+D76 -> 1062 | E78: =+C78/D78 -> 0.64918969
B80: TOTAL GRAMO MP+MODI | E80: =+E71+E76 -> 2.9916476
B82: COSTO POR UNIDAD
B83: TOTAL COSTO MATERIA PRIMA | C83: =+C71 -> 2626.3 | D83: =+D62 -> 1 | E83: =+C83/D83 -> 2626.3
B85: TOTAL COSTO UNIDAD MP+DESECHO+EMPAQUE | C85: =+C73 -> 3368.2654 | D85: =+D62 -> 1 | E85: =+C85/D85 -> 3368.2654
B87: TOTAL MODI POR GRAMO | C87: =+C75 -> 385 | D87: =+D62 -> 1 | E87: =+C87/D87 -> 385
B88: TOTAL MODI POR GRAMO | C88: =+C76 -> 550.82971 | D88: =+D87 -> 1 | E88: =+C88/D88 -> 550.82971

Sheet Pelado 
C1: SERVICIOS DE PASTELERIA S.A. | H1: CÓDIGO:
C2: ESPECIFICACION DE RECETA | H2: REVISIÓN:
C3: Pelado Chocolate Cacique | H3: FECHA DE APROBACIÓN:
C4: Elaborado | D4: Mariela Barrantes Sánchez, Chef
C5: Aprobado | D5: Sebastian Díaz, Gte Manufactura
A6: AREA QUE PRODUCE: | D6: Decoración | G6: AREA QUE EMPACA: | I6: Decoración
A7: # Código | B7: # Código Netsuite | C7: Descripción del ingrediente | D7: Marca | E7: Unidad Internacional | G7: Medida alternativa | I7: Costo - Referencia
E8: Cantidad | F8: Unidad medida | G8: Cantidad | H8: Unidad medida | I8: Colones
C9: Ensamble
B10: Nuevo | C10: Chocolate Cacique | E10: 182 | F10: g | G10: 28 unidades
J11: =28*6.5 -> 182
C18: Decoración
C23: EMPAQUE
A24: 1950928 | B24: AS00028 | C24: BOLSA TRANSPARENTE 56X96X1.80 (KILO) | D24: Plasticos P | E24: 1 | F24: ud
A25: 0702123 | B25: EM10011 | C25: ETIQUETA BLANCA 2 5/8X1 15/16 (UND) | D25: cemusa | E25: 1 | F25: ud
D37: Cantidad | E37: Unidad
A38: PESO TOTAL OBTENIDO | D38: 175 | E38: g | F38: Tiempo de Horneo: | J38: =5000/349 -> 14.326648
A39: TIEMPO TOTAL DE PREPARACION | D39: 5 | E39: min | F39: Horno:
A40: CANTIDAD DE PORCIONES OBTENIDAS | D40: 1 | E40: ud | F40: Temperatura de Horneo:
A41: PESO DE CADA PORCIÓN | D41: 182 | E41: g | F41: Otros
A42: MERMA | D42: =SUM(E10)-D38 -> 7 | E42: g
A43: PROCEDIMIENTO DE PREPARACION DE LA RECETA
A44: 1-Pelar los chocolate y Separar en una bandeja.
A45: 2- Tapar, Etiquetar con fecha de vencimiento y etiqueta con nombre.
A46: 3-Llevar al Frio hasta Utilizar
A56: CONTROL DE CAMBIOS

Sheet Costo pelado copetin
E1: Precio Local | F1: Costo MP | G1: Costo EM | H1: Costo MO
E2: =IFERROR(O62,"") -> 4037.13 | F2: =IFERROR(H53,"") -> 3185 | G2: =IFERROR(H54,"") -> 52.13 | H2: =IFERROR(H56,"") -> 385
A5: ESTRUCTURA DE COSTOS
F6: Fecha: | H6: =TODAY() -> 46064
A7: UNIDADES | B7: DESCRIPCION MAT.PRIMA | C7: UNIDADES | D7: UND MEDIDA | E7: COSTO UNITARIO | F7: TOTAL COSTO | G7: % PREC. DEFINIDO | H7: CODIGOS | K7: =4050/234 -> 17.307692
A8: 182 | B8: Chocolate Cacique | C8: =+A8 -> 182 | D8: UND | E8: 17.5 | F8: =IFERROR(C8*E8,"") -> 3185 | G8: =IFERROR(F8/$F$66,"") -> 0.86412016
B9: =IFERROR(VLOOKUP(H9,'[1]Consolidado MP Planta'!$A$2:$M$823,3,0),"") | C9: =+A9 -> 0 | D9: =IFERROR(VLOOKUP(H9,'[1]Consolidado MP Planta'!$A$2:$M$823,13,0),"") | E9: =IFERROR(VLOOKUP(H9,'[1]Consolidado MP Planta'!$A$2:$M$823,12,0),"") | F9: =IFERROR(C9*E9,"") | G9: =IFERROR(F9/$F$66,"")
B10: =IFERROR(VLOOKUP(H10,'[1]Consolidado MP Planta'!$A$2:$M$823,3,0),"") | C10: =+A10 -> 0 | D10: =IFERROR(VLOOKUP(H10,'[1]Consolidado MP Planta'!$A$2:$M$823,13,0),"") | E10: =IFERROR(VLOOKUP(H10,'[1]Consolidado MP Planta'!$A$2:$M$823,12,0),"") | F10: =IFERROR(C10*E10,"") | G10: =IFERROR(F10/$F$66,"")
B11: =IFERROR(VLOOKUP(H11,'[1]Consolidado MP Planta'!$A$2:$M$823,3,0),"") | C11: =+A11 -> 0 | D11: =IFERROR(VLOOKUP(H11,'[1]Consolidado MP Planta'!$A$2:$M$823,13,0),"") | E11: =IFERROR(VLOOKUP(H11,'[1]Consolidado MP Planta'!$A$2:$M$823,12,0),"") | F11: =IFERROR(C11*E11,"") | G11: =IFERROR(F11/$F$66,"")
B12: =IFERROR(VLOOKUP(H12,'[1]Consolidado MP Planta'!$A$2:$M$823,3,0),"") | C12: =+A12 -> 0 | D12: =IFERROR(VLOOKUP(H12,'[1]Consolidado MP Planta'!$A$2:$M$823,13,0),"") | E12: =IFERROR(VLOOKUP(H12,'[1]Consolidado MP Planta'!$A$2:$M$823,12,0),"") | F12: =IFERROR(C12*E12,"") | G12: =IFERROR(F12/$F$66,"")
B13: =IFERROR(VLOOKUP(H13,'[1]Consolidado MP Planta'!$A$2:$M$823,3,0),"") | C13: =+A13 -> 0 | D13: =IFERROR(VLOOKUP(H13,'[1]Consolidado MP Planta'!$A$2:$M$823,13,0),"") | E13: =IFERROR(VLOOKUP(H13,'[1]Consolidado MP Planta'!$A$2:$M$823,12,0),"") | F13: =IFERROR(C13*E13,"") | G13: =IFERROR(F13/$F$66,"")
B14: =IFERROR(VLOOKUP(H14,'[1]Consolidado MP Planta'!$A$2:$M$823,3,0),"") | C14: =+A14 -> 0 | D14: =IFERROR(VLOOKUP(H14,'[1]Consolidado MP Planta'!$A$2:$M$823,13,0),"") | E14: =IFERROR(VLOOKUP(H14,'[1]Consolidado MP Planta'!$A$2:$M$823,12,0),"") | F14: =IFERROR(C14*E14,"") | G14: =IFERROR(F14/$F$66,"")
B15: =IFERROR(VLOOKUP(H15,[2]Hoja2!$A$2:$G$589,2,0),"")
A16: UNIDADES | B16: MATERIA PRIMA SEMIELABORADOS | C16: UNIDADES | D16: UND MEDIDA | E16: COSTO UNITARIO | F16: TOTAL COSTO | G16: % PREC. DEFINIDO | H16: CODIGOS
B17: =IFERROR(VLOOKUP(H17,[1]SEMIELABORADOS!$A$2:$M$6000,2,0),"") | C17: =+A17 -> 0 | D17: =IFERROR(VLOOKUP(H17,[1]SEMIELABORADOS!$A$2:$M$6000,6,0),"") | E17: =IFERROR(VLOOKUP(H17,[1]SEMIELABORADOS!$A$2:$H$65536,8,0),"") | F17: =IFERROR(E17*C17,"") | G17: =IFERROR(F17/$F$66,"")
B18: =IFERROR(VLOOKUP(H18,[1]SEMIELABORADOS!$A$2:$M$6000,2,0),"") | C18: =+A18 -> 0 | D18: =IFERROR(VLOOKUP(H18,[1]SEMIELABORADOS!$A$2:$M$6000,6,0),"") | E18: =IFERROR(VLOOKUP(H18,[1]SEMIELABORADOS!$A$2:$H$65536,8,0),"") | F18: =IFERROR(E18*C18,"") | G18: =IFERROR(F18/$F$66,"")
B19: =IFERROR(VLOOKUP(H19,[1]SEMIELABORADOS!$A$2:$M$6000,2,0),"") | C19: =+A19 -> 0 | D19: =IFERROR(VLOOKUP(H19,[1]SEMIELABORADOS!$A$2:$M$6000,6,0),"") | E19: =IFERROR(VLOOKUP(H19,[1]SEMIELABORADOS!$A$2:$H$65536,8,0),"") | F19: =IFERROR(E19*C19,"") | G19: =IFERROR(F19/$F$66,"")
B20: =IFERROR(VLOOKUP(H20,[1]SEMIELABORADOS!$A$2:$M$6000,2,0),"") | C20: =+A20 -> 0 | D20: =IFERROR(VLOOKUP(H20,[1]SEMIELABORADOS!$A$2:$M$6000,6,0),"") | E20: =IFERROR(VLOOKUP(H20,[1]SEMIELABORADOS!$A$2:$H$65536,8,0),"") | F20: =IFERROR(E20*C20,"") | G20: =IFERROR(F20/$F$66,"")
B21: =IFERROR(VLOOKUP(H21,[1]SEMIELABORADOS!$A$2:$M$6000,2,0),"") | C21: =+A21 -> 0 | D21: =IFERROR(VLOOKUP(H21,[1]SEMIELABORADOS!$A$2:$M$6000,6,0),"") | E21: =IFERROR(VLOOKUP(H21,[1]SEMIELABORADOS!$A$2:$H$65536,8,0),"") | F21: =IFERROR(E21*C21,"") | G21: =IFERROR(F21/$F$66,"")
B22: =IFERROR(VLOOKUP(H22,[1]SEMIELABORADOS!$A$2:$M$6000,2,0),"") | C22: =+A22 -> 0 | D22: =IFERROR(VLOOKUP(H22,[1]SEMIELABORADOS!$A$2:$M$6000,6,0),"") | E22: =IFERROR(VLOOKUP(H22,[1]SEMIELABORADOS!$A$2:$H$65536,8,0),"") | F22: =IFERROR(E22*C22,"") | G22: =IFERROR(F22/$F$66,"")
B23: =IFERROR(VLOOKUP(H23,[1]SEMIELABORADOS!$A$2:$M$6000,2,0),"") | C23: =+A23 -> 0 | D23: =IFERROR(VLOOKUP(H23,[1]SEMIELABORADOS!$A$2:$M$6000,6,0),"") | E23: =IFERROR(VLOOKUP(H23,[1]SEMIELABORADOS!$A$2:$H$65536,8,0),"") | F23: =IFERROR(E23*C23,"") | G23: =IFERROR(F23/$F$66,"")
B24: =IFERROR(VLOOKUP(H24,[1]SEMIELABORADOS!$A$2:$M$6000,2,0),"") | C24: =+A24 -> 0 | D24: =IFERROR(VLOOKUP(H24,[1]SEMIELABORADOS!$A$2:$M$6000,6,0),"") | E24: =IFERROR(VLOOKUP(H24,[1]SEMIELABORADOS!$A$2:$H$65536,8,0),"") | F24: =IFERROR(E24*C24,"") | G24: =IFERROR(F24/$F$66,"")
A26: UNIDADES | B26: EMPAQUE | C26: UNIDADES | D26: UND MEDIDA | E26: COSTO UNITARIO | F26: TOTAL COSTO | G26: % PREC. DEFINIDO | H26: CODIGOS
A27: 1 | B27: =IFERROR(VLOOKUP(H27,'[1]Consolidado MP Planta'!$A$2:$M$823,3,0),"") -> BOLSA TRANSPARENTE 56X96X1.80 KILO | C27: =+A27 -> 1 | D27: =IFERROR(VLOOKUP(H27,'[1]Consolidado MP Planta'!$A$2:$M$823,13,0),"") -> Und | E27: 50 | F27: =IFERROR(C27*E27,"") -> 50 | G27: =IFERROR(F27/$F$66,"") -> 0.013565466 | H27: 1950928
A28: 1 | B28: =IFERROR(VLOOKUP(H28,'[1]Consolidado MP Planta'!$A$2:$M$823,3,0),"") -> ETIQUETA BLANCA 2 5/8X1 15/16 (UND) | C28: =+A28 -> 1 | D28: =IFERROR(VLOOKUP(H28,'[1]Consolidado MP Planta'!$A$2:$M$823,13,0),"") -> Und | E28: 2.13 | F28: =IFERROR(C28*E28,"") -> 2.13 | G28: =IFERROR(F28/$F$66,"") -> 0.00057788883 | H28: 0702123
B29: =IFERROR(VLOOKUP(H29,'[1]Consolidado MP Planta'!$A$2:$M$823,3,0),"") | C29: =+A29 -> 0 | D29: =IFERROR(VLOOKUP(H29,'[1]Consolidado MP Planta'!$A$2:$M$823,13,0),"") | E29: =IFERROR(VLOOKUP(H29,'[1]Consolidado MP Planta'!$A$2:$M$823,12,0),"") | F29: =IFERROR(C29*E29,"") | G29: =IFERROR(F29/$F$66,"")
B30: =IFERROR(VLOOKUP(H30,'[1]Consolidado MP Planta'!$A$2:$M$823,3,0),"") | C30: =+A30 -> 0 | D30: =IFERROR(VLOOKUP(H30,'[1]Consolidado MP Planta'!$A$2:$M$823,13,0),"") | E30: =IFERROR(VLOOKUP(H30,'[1]Consolidado MP Planta'!$A$2:$M$823,12,0),"") | F30: =IFERROR(C30*E30,"") | G30: =IFERROR(F30/$F$66,"")
B31: =IFERROR(VLOOKUP(H31,'[1]Consolidado MP Planta'!$A$2:$M$823,3,0),"") | C31: =+A31 -> 0 | D31: =IFERROR(VLOOKUP(H31,'[1]Consolidado MP Planta'!$A$2:$M$823,13,0),"") | E31: =IFERROR(VLOOKUP(H31,'[1]Consolidado MP Planta'!$A$2:$M$823,12,0),"") | F31: =IFERROR(C31*E31,"") | G31: =IFERROR(F31/$F$66,"")
B32: =IFERROR(VLOOKUP(H32,'[1]Consolidado MP Planta'!$A$2:$M$823,3,0),"") | C32: =+A32 -> 0 | D32: =IFERROR(VLOOKUP(H32,'[1]Consolidado MP Planta'!$A$2:$M$823,13,0),"") | E32: =IFERROR(VLOOKUP(H32,'[1]Consolidado MP Planta'!$A$2:$M$823,12,0),"") | F32: =IFERROR(C32*E32,"") | G32: =IFERROR(F32/$F$66,"")
A34: UNIDADES | B34: EMPAQUE SEMIELABORADOS | C34: UNIDADES | D34: UND MEDIDA | E34: COSTO UNITARIO | F34: TOTAL COSTO | G34: % PREC. DEFINIDO | H34: CODIGOS
A35: =+A17 -> 0 | B35: =IFERROR(VLOOKUP(H35,[1]SEMIELABORADOS!$A$2:$M$6000,2,0),"") | C35: =+A35 -> 0 | D35: =IFERROR(VLOOKUP(H35,[1]SEMIELABORADOS!$A$2:$M$6000,6,0),"") | E35: =IFERROR(VLOOKUP(H35,[1]SEMIELABORADOS!$A$2:$M$65536,10,0),"") | F35: =IFERROR(E35*C35,"") | G35: =IFERROR(F35/$F$66,"")
A36: =+A18 -> 0 | B36: =IFERROR(VLOOKUP(H36,[1]SEMIELABORADOS!$A$2:$M$6000,2,0),"") | C36: =+A36 -> 0 | D36: =IFERROR(VLOOKUP(H36,[1]SEMIELABORADOS!$A$2:$M$6000,6,0),"") | E36: =IFERROR(VLOOKUP(H36,[1]SEMIELABORADOS!$A$2:$M$65536,10,0),"") | F36: =IFERROR(E36*C36,"") | G36: =IFERROR(F36/$F$66,"")
A37: =+A19 -> 0 | B37: =IFERROR(VLOOKUP(H37,[1]SEMIELABORADOS!$A$2:$M$6000,2,0),"") | C37: =+A37 -> 0 | D37: =IFERROR(VLOOKUP(H37,[1]SEMIELABORADOS!$A$2:$M$6000,6,0),"") | E37: =IFERROR(VLOOKUP(H37,[1]SEMIELABORADOS!$A$2:$M$65536,10,0),"") | F37: =IFERROR(E37*C37,"") | G37: =IFERROR(F37/$F$66,"")
A38: =+A20 -> 0 | B38: =IFERROR(VLOOKUP(H38,[1]SEMIELABORADOS!$A$2:$M$6000,2,0),"") | C38: =+A38 -> 0 | D38: =IFERROR(VLOOKUP(H38,[1]SEMIELABORADOS!$A$2:$M$6000,6,0),"") | E38: =IFERROR(VLOOKUP(H38,[1]SEMIELABORADOS!$A$2:$M$65536,10,0),"") | F38: =IFERROR(E38*C38,"") | G38: =IFERROR(F38/$F$66,"")
A39: =+A21 -> 0 | B39: =IFERROR(VLOOKUP(H39,[1]SEMIELABORADOS!$A$2:$M$6000,2,0),"") | C39: =+A39 -> 0 | D39: =IFERROR(VLOOKUP(H39,[1]SEMIELABORADOS!$A$2:$M$6000,6,0),"") | E39: =IFERROR(VLOOKUP(H39,[1]SEMIELABORADOS!$A$2:$M$65536,10,0),"") | F39: =IFERROR(E39*C39,"") | G39: =IFERROR(F39/$F$66,"")
A40: =+A22 -> 0 | B40: =IFERROR(VLOOKUP(H40,[1]SEMIELABORADOS!$A$2:$M$6000,2,0),"") | C40: =+A40 -> 0 | D40: =IFERROR(VLOOKUP(H40,[1]SEMIELABORADOS!$A$2:$M$6000,6,0),"") | E40: =IFERROR(VLOOKUP(H40,[1]SEMIELABORADOS!$A$2:$M$65536,10,0),"") | F40: =IFERROR(E40*C40,"") | G40: =IFERROR(F40/$F$66,"")
A41: =+A23 -> 0 | B41: =IFERROR(VLOOKUP(H41,[1]SEMIELABORADOS!$A$2:$M$6000,2,0),"") | C41: =+A41 -> 0 | D41: =IFERROR(VLOOKUP(H41,[1]SEMIELABORADOS!$A$2:$M$6000,6,0),"") | E41: =IFERROR(VLOOKUP(H41,[1]SEMIELABORADOS!$A$2:$M$65536,10,0),"") | F41: =IFERROR(E41*C41,"") | G41: =IFERROR(F41/$F$66,"")
A43: UNIDADES | B43: MODI | C43: UNIDADES | D43: UND MEDIDA | E43: COSTO UNITARIO | F43: TOTAL COSTO | G43: % PREC. DEFINIDO | H43: CODIGOS
A44: =+A35 -> 0 | B44: =IFERROR(VLOOKUP(H44,[1]SEMIELABORADOS!$A$2:$M$6000,2,0),"") | C44: =+A44 -> 0 | D44: =IFERROR(VLOOKUP(H44,[1]SEMIELABORADOS!$A$2:$M$6000,6,0),"") | E44: =IFERROR(VLOOKUP(H44,[1]SEMIELABORADOS!$A$2:$M$65536,12,0),"") | F44: =IFERROR(E44*C44,"") | G44: =IFERROR(F44/$F$66,"")
A45: =+A36 -> 0 | B45: =IFERROR(VLOOKUP(H45,[1]SEMIELABORADOS!$A$2:$M$6000,2,0),"") | C45: =+A45 -> 0 | D45: =IFERROR(VLOOKUP(H45,[1]SEMIELABORADOS!$A$2:$M$6000,6,0),"") | E45: =IFERROR(VLOOKUP(H45,[1]SEMIELABORADOS!$A$2:$M$65536,12,0),"") | F45: =IFERROR(E45*C45,"") | G45: =IFERROR(F45/$F$66,"")
A46: =+A37 -> 0 | B46: =IFERROR(VLOOKUP(H46,[1]SEMIELABORADOS!$A$2:$M$6000,2,0),"") | C46: =+A46 -> 0 | D46: =IFERROR(VLOOKUP(H46,[1]SEMIELABORADOS!$A$2:$M$6000,6,0),"") | E46: =IFERROR(VLOOKUP(H46,[1]SEMIELABORADOS!$A$2:$M$65536,12,0),"") | F46: =IFERROR(E46*C46,"") | G46: =IFERROR(F46/$F$66,"")
A47: =+A38 -> 0 | B47: =IFERROR(VLOOKUP(H47,[1]SEMIELABORADOS!$A$2:$M$6000,2,0),"") | C47: =+A47 -> 0 | D47: =IFERROR(VLOOKUP(H47,[1]SEMIELABORADOS!$A$2:$M$6000,6,0),"") | E47: =IFERROR(VLOOKUP(H47,[1]SEMIELABORADOS!$A$2:$M$65536,12,0),"") | F47: =IFERROR(E47*C47,"") | G47: =IFERROR(F47/$F$66,"")
A48: =+A39 -> 0 | B48: =IFERROR(VLOOKUP(H48,[1]SEMIELABORADOS!$A$2:$M$6000,2,0),"") | C48: =+A48 -> 0 | D48: =IFERROR(VLOOKUP(H48,[1]SEMIELABORADOS!$A$2:$M$6000,6,0),"") | E48: =IFERROR(VLOOKUP(H48,[1]SEMIELABORADOS!$A$2:$M$65536,12,0),"") | F48: =IFERROR(E48*C48,"") | G48: =IFERROR(F48/$F$66,"")
A49: =+A40 -> 0 | B49: =IFERROR(VLOOKUP(H49,[1]SEMIELABORADOS!$A$2:$M$6000,2,0),"") | C49: =+A49 -> 0 | D49: =IFERROR(VLOOKUP(H49,[1]SEMIELABORADOS!$A$2:$M$6000,6,0),"") | E49: =IFERROR(VLOOKUP(H49,[1]SEMIELABORADOS!$A$2:$M$65536,12,0),"") | F49: =IFERROR(E49*C49,"") | G49: =IFERROR(F49/$F$66,"")
A50: =+A41 -> 0 | B50: =IFERROR(VLOOKUP(H50,[1]SEMIELABORADOS!$A$2:$M$6000,2,0),"") | C50: =+A50 -> 0 | D50: =IFERROR(VLOOKUP(H50,[1]SEMIELABORADOS!$A$2:$M$6000,6,0),"") | E50: =IFERROR(VLOOKUP(H50,[1]SEMIELABORADOS!$A$2:$M$65536,12,0),"") | F50: =IFERROR(E50*C50,"") | G50: =IFERROR(F50/$F$66,"")
A51: 1 | B51: MODI PREPARACION | C51: =+A51 -> 1 | D51: N/A | E51: =+F65 -> 385 | F51: =IFERROR(C51*E51,"") -> 385 | G51: =IFERROR(F51/$F$66,"") -> 0.10445408
B53: TOTAL MATERIA PRIMA | F53: =SUM(F8:F14,F17:F24) -> 3185 | G53: =+F53/$F$66 -> 0.86412016 | H53: =+F53/$D$60 -> 3185
B54: TOTAL EMPAQUE | F54: =SUM(F27:F32,F35:F41) -> 52.13 | G54: =+F54/$F$66 -> 0.014143354 | H54: =+F54/$D$60 -> 52.13 | K54: TOTAL MATERIA PRIMA + EMPAQUE | O54: =+F55 -> 3237.13
B55: TOTAL MATERIAS P. + EMPAQUES | F55: =+F53+F54 -> 3237.13 | G55: =+F55/$F$66 -> 0.87826351 | H55: =+F55/$D$60 -> 3237.13 | M55: MODI PLANTA | O55: =+H56 -> 385
C56: TOTAL MODI | F56: =SUM(F44:F51) -> 385 | G56: =+F56/$F$66 -> 0.10445408 | H56: =+F56/$D$60 -> 385 | M56: DESECHO | O56: =O54*N56 -> 0
M57: COSTO PLANTA | O57: =SUM(O54:O56) -> 3622.13
B58: GRAMOS | D58: 175 | H58: =+H56/77 -> 5 | M58: % GIF | O58: =+H59 -> 415
B59: PESO POR UNIDAD | D59: 175 | H59: =+H58*83 -> 415 | M59: COSTO PLANTA | O59: =SUM(O57:O58) -> 4037.13
B60: UNIDADES TOTALES | D60: =+D58/D59 -> 1 | O60: =+O59*N60 -> 0
B61: UNIDAD MEDIDA | K61: PRECIO DE VENTA PLANTA A LOCAL | O61: =SUM(O59:O60) -> 4037.13 | P61: GR
E62: S/ COSTO | F62: TOTAL | L62: UNIDAD | O62: =+O61/D60 -> 4037.13 | P62: =+O62/D59 -> 23.069314
B63: TOTAL MATERIAS P. + EMPAQUES | E63: =+F63/F63 -> 1 | F63: =SUM(F55) -> 3237.13 | G63: =+F63/$F$66 -> 0.87826351
B64: DESECHOS Y PERDIDAS | E64: 0.02 | F64: =+F53*E64 -> 63.7 | G64: =+F64/$F$66 -> 0.017282403
B65: MANO OBRA DIRECTA | D65: 5 | E65: 77 | F65: =+E65*D65 -> 385 | G65: =+F65/$F$66 -> 0.10445408
B66: TOTAL COSTO PLANTA | F66: =SUM(F63:F65) -> 3685.83 | G66: =+F66/$F$66 -> 1 | M66: MODI 77 COLONES X MIN
M67: Gf 83 colones min
B68: COSTO POR GRAMO | M68: ,
B69: TOTAL COSTO MATERIA PRIMA | C69: =+F53 -> 3185 | D69: =+D58 -> 175 | E69: =+C69/D69 -> 18.2
B71: TOTAL COSTO UNIDAD MP+DESECHO+EMPAQUE | C71: =SUM(F63:F64) -> 3300.83 | D71: =+D58 -> 175 | E71: =+C71/D71 -> 18.861886
B73: TOTAL MODI PREPARACION POR GRAMO | C73: =+F65 -> 385 | D73: =+D58 -> 175 | E73: =+C73/D73 -> 2.2
B74: TOTAL MODI POR GRAMO | C74: =+F56 -> 385 | D74: =+D73 -> 175 | E74: =+C74/D74 -> 2.2
B76: TOTAL EMPAQUE POR GRAMO | C76: =+F54 -> 52.13 | D76: =+D74 -> 175 | E76: =+C76/D76 -> 0.29788571
B78: TOTAL GRAMO MP+MODI | E78: =+E69+E74 -> 20.4
B80: COSTO POR UNIDAD
B81: TOTAL COSTO MATERIA PRIMA | C81: =+C69 -> 3185 | D81: =+D60 -> 1 | E81: =+C81/D81 -> 3185
B83: TOTAL COSTO UNIDAD MP+DESECHO+EMPAQUE | C83: =+C71 -> 3300.83 | D83: =+D60 -> 1 | E83: =+C83/D83 -> 3300.83
B85: TOTAL MODI POR GRAMO | C85: =+C73 -> 385 | D85: =+D60 -> 1 | E85: =+C85/D85 -> 385
B86: TOTAL MODI POR GRAMO | C86: =+C74 -> 385 | D86: =+D85 -> 1 | E86: =+C86/D86 -> 385

Sheet Almibar Ron Centenario
C1: SERVICIOS DE PASTELERIA S.A. | H1: CÓDIGO: | I1: ESP-RE-DES-095
C2: ESPECIFICACION DE RECETA | H2: REVISIÓN: | I2: 01
C3: SE00790 Almibar de Ron | H3: FECHA DE APROBACIÓN: | I3: 46064
C4: Elaborado | D4: Mariela Barrantes Sánchez, Chef
C5: Aprobado | D5: Sebastian Díaz, Gte Manufactura
A6: AREA QUE PRODUCE: | D6: Decoración | G6: AREA QUE EMPACA: | I6: Decoración
A7: # Código | B7: # Código Netsuite | C7: Descripción del ingrediente | D7: Marca | E7: Unidad Internacional | G7: Medida alternativa | I7: Costo - Referencia
E8: Cantidad | F8: Unidad medida | G8: Cantidad | H8: Unidad medida | I8: Colones
C9: Ensamble
A10: 908000021 | B10: SE00005 | C10: ALMIBAR | D10: FAS | E10: 5100
B11: MP10684 | C11: Ron Centenario Claro | E11: 5000 | J11: =E10/25 -> 204
C13: Decoración
C15: EMPAQUE
D19: Cantidad | E19: Unidad
A20: PESO TOTAL OBTENIDO | D20: 10000 | E20: g | F20: Tiempo de Horneo: | J20: =10000/400 -> 25
A21: TIEMPO TOTAL DE PREPARACION | D21: 5 | E21: min | F21: Horno:
A22: CANTIDAD DE PORCIONES OBTENIDAS | D22: 1 | E22: ud | F22: Temperatura de Horneo:
A23: PESO DE CADA PORCIÓN | D23: 10000 | E23: g | F23: Otros
A24: MERMA | D24: =SUM(E10:E11)-D20 -> 100 | E24: g
A25: PROCEDIMIENTO DE PREPARACION DE LA RECETA
A26: 1, Mezclar el almibar con el licor cacique y Utilizar inmediatamente.
A29: CONTROL DE CAMBIOS

Sheet Costo Almibar de cacique
E1: Precio Local | F1: Costo MP | G1: Costo EM | H1: Costo MO
E2: =IFERROR(O62,"") -> 35011.876 | F2: =IFERROR(H53,"") -> 33520 | G2: =IFERROR(H54,"") -> 52.279274 | H2: =IFERROR(H56,"") -> 692.80569
A5: ESTRUCTURA DE COSTOS
F6: Fecha: | H6: =TODAY() -> 46064
A7: UNIDADES | B7: DESCRIPCION MAT.PRIMA | C7: UNIDADES | D7: UND MEDIDA | E7: COSTO UNITARIO | F7: TOTAL COSTO | G7: % PREC. DEFINIDO | H7: CODIGOS
A8: 5000 | B8: Licor Cacique | C8: =+A8 -> 5000 | D8: Mililitros | E8: 6.5 | F8: =IFERROR(C8*E8,"") -> 32500 | G8: =IFERROR(F8/$F$66,"") -> 0.93855553
B9: =IFERROR(VLOOKUP(H9,'[1]Consolidado MP Planta'!$A$2:$M$823,3,0),"") | C9: =+A9 -> 0 | D9: =IFERROR(VLOOKUP(H9,'[1]Consolidado MP Planta'!$A$2:$M$823,13,0),"") | E9: =IFERROR(VLOOKUP(H9,'[1]Consolidado MP Planta'!$A$2:$M$823,12,0),"") | F9: =IFERROR(C9*E9,"") | G9: =IFERROR(F9/$F$66,"")
B10: =IFERROR(VLOOKUP(H10,'[1]Consolidado MP Planta'!$A$2:$M$823,3,0),"") | C10: =+A10 -> 0 | D10: =IFERROR(VLOOKUP(H10,'[1]Consolidado MP Planta'!$A$2:$M$823,13,0),"") | E10: =IFERROR(VLOOKUP(H10,'[1]Consolidado MP Planta'!$A$2:$M$823,12,0),"") | F10: =IFERROR(C10*E10,"") | G10: =IFERROR(F10/$F$66,"")
B11: =IFERROR(VLOOKUP(H11,'[1]Consolidado MP Planta'!$A$2:$M$823,3,0),"") | C11: =+A11 -> 0 | D11: =IFERROR(VLOOKUP(H11,'[1]Consolidado MP Planta'!$A$2:$M$823,13,0),"") | E11: =IFERROR(VLOOKUP(H11,'[1]Consolidado MP Planta'!$A$2:$M$823,12,0),"") | F11: =IFERROR(C11*E11,"") | G11: =IFERROR(F11/$F$66,"")
B12: =IFERROR(VLOOKUP(H12,'[1]Consolidado MP Planta'!$A$2:$M$823,3,0),"") | C12: =+A12 -> 0 | D12: =IFERROR(VLOOKUP(H12,'[1]Consolidado MP Planta'!$A$2:$M$823,13,0),"") | E12: =IFERROR(VLOOKUP(H12,'[1]Consolidado MP Planta'!$A$2:$M$823,12,0),"") | F12: =IFERROR(C12*E12,"") | G12: =IFERROR(F12/$F$66,"")
B13: =IFERROR(VLOOKUP(H13,'[1]Consolidado MP Planta'!$A$2:$M$823,3,0),"") | C13: =+A13 -> 0 | D13: =IFERROR(VLOOKUP(H13,'[1]Consolidado MP Planta'!$A$2:$M$823,13,0),"") | E13: =IFERROR(VLOOKUP(H13,'[1]Consolidado MP Planta'!$A$2:$M$823,12,0),"") | F13: =IFERROR(C13*E13,"") | G13: =IFERROR(F13/$F$66,"")
B14: =IFERROR(VLOOKUP(H14,'[1]Consolidado MP Planta'!$A$2:$M$823,3,0),"") | C14: =+A14 -> 0 | D14: =IFERROR(VLOOKUP(H14,'[1]Consolidado MP Planta'!$A$2:$M$823,13,0),"") | E14: =IFERROR(VLOOKUP(H14,'[1]Consolidado MP Planta'!$A$2:$M$823,12,0),"") | F14: =IFERROR(C14*E14,"") | G14: =IFERROR(F14/$F$66,"")
B15: =IFERROR(VLOOKUP(H15,[2]Hoja2!$A$2:$G$589,2,0),"")
A16: UNIDADES | B16: MATERIA PRIMA SEMIELABORADOS | C16: UNIDADES | D16: UND MEDIDA | E16: COSTO UNITARIO | F16: TOTAL COSTO | G16: % PREC. DEFINIDO | H16: CODIGOS
A17: 5100 | B17: =IFERROR(VLOOKUP(H17,[1]SEMIELABORADOS!$A$2:$M$6000,2,0),"") -> ALMIBAR KILO | C17: =+A17 -> 5100 | D17: =IFERROR(VLOOKUP(H17,[1]SEMIELABORADOS!$A$2:$M$6000,6,0),"") -> Gramo | E17: 0.2 | F17: =IFERROR(E17*C17,"") -> 1020 | G17: =IFERROR(F17/$F$66,"") -> 0.029456204 | H17: 908000021
B18: =IFERROR(VLOOKUP(H18,[1]SEMIELABORADOS!$A$2:$M$6000,2,0),"") | C18: =+A18 -> 0 | D18: =IFERROR(VLOOKUP(H18,[1]SEMIELABORADOS!$A$2:$M$6000,6,0),"") | E18: =IFERROR(VLOOKUP(H18,[1]SEMIELABORADOS!$A$2:$H$65536,8,0),"") | F18: =IFERROR(E18*C18,"") | G18: =IFERROR(F18/$F$66,"")
B19: =IFERROR(VLOOKUP(H19,[1]SEMIELABORADOS!$A$2:$M$6000,2,0),"") | C19: =+A19 -> 0 | D19: =IFERROR(VLOOKUP(H19,[1]SEMIELABORADOS!$A$2:$M$6000,6,0),"") | E19: =IFERROR(VLOOKUP(H19,[1]SEMIELABORADOS!$A$2:$H$65536,8,0),"") | F19: =IFERROR(E19*C19,"") | G19: =IFERROR(F19/$F$66,"")
B20: =IFERROR(VLOOKUP(H20,[1]SEMIELABORADOS!$A$2:$M$6000,2,0),"") | C20: =+A20 -> 0 | D20: =IFERROR(VLOOKUP(H20,[1]SEMIELABORADOS!$A$2:$M$6000,6,0),"") | E20: =IFERROR(VLOOKUP(H20,[1]SEMIELABORADOS!$A$2:$H$65536,8,0),"") | F20: =IFERROR(E20*C20,"") | G20: =IFERROR(F20/$F$66,"")
B21: =IFERROR(VLOOKUP(H21,[1]SEMIELABORADOS!$A$2:$M$6000,2,0),"") | C21: =+A21 -> 0 | D21: =IFERROR(VLOOKUP(H21,[1]SEMIELABORADOS!$A$2:$M$6000,6,0),"") | E21: =IFERROR(VLOOKUP(H21,[1]SEMIELABORADOS!$A$2:$H$65536,8,0),"") | F21: =IFERROR(E21*C21,"") | G21: =IFERROR(F21/$F$66,"")
B22: =IFERROR(VLOOKUP(H22,[1]SEMIELABORADOS!$A$2:$M$6000,2,0),"") | C22: =+A22 -> 0 | D22: =IFERROR(VLOOKUP(H22,[1]SEMIELABORADOS!$A$2:$M$6000,6,0),"") | E22: =IFERROR(VLOOKUP(H22,[1]SEMIELABORADOS!$A$2:$H$65536,8,0),"") | F22: =IFERROR(E22*C22,"") | G22: =IFERROR(F22/$F$66,"")
B23: =IFERROR(VLOOKUP(H23,[1]SEMIELABORADOS!$A$2:$M$6000,2,0),"") | C23: =+A23 -> 0 | D23: =IFERROR(VLOOKUP(H23,[1]SEMIELABORADOS!$A$2:$M$6000,6,0),"") | E23: =IFERROR(VLOOKUP(H23,[1]SEMIELABORADOS!$A$2:$H$65536,8,0),"") | F23: =IFERROR(E23*C23,"") | G23: =IFERROR(F23/$F$66,"")
B24: =IFERROR(VLOOKUP(H24,[1]SEMIELABORADOS!$A$2:$M$6000,2,0),"") | C24: =+A24 -> 0 | D24: =IFERROR(VLOOKUP(H24,[1]SEMIELABORADOS!$A$2:$M$6000,6,0),"") | E24: =IFERROR(VLOOKUP(H24,[1]SEMIELABORADOS!$A$2:$H$65536,8,0),"") | F24: =IFERROR(E24*C24,"") | G24: =IFERROR(F24/$F$66,"")
A26: UNIDADES | B26: EMPAQUE | C26: UNIDADES | D26: UND MEDIDA | E26: COSTO UNITARIO | F26: TOTAL COSTO | G26: % PREC. DEFINIDO | H26: CODIGOS
A27: 0 | B27: =IFERROR(VLOOKUP(H27,'[1]Consolidado MP Planta'!$A$2:$M$823,3,0),"") | C27: =+A27 -> 0 | D27: =IFERROR(VLOOKUP(H27,'[1]Consolidado MP Planta'!$A$2:$M$823,13,0),"") | E27: =IFERROR(VLOOKUP(H27,'[1]Consolidado MP Planta'!$A$2:$M$823,12,0),"") | F27: =IFERROR(C27*E27,"") | G27: =IFERROR(F27/$F$66,"")
B28: =IFERROR(VLOOKUP(H28,'[1]Consolidado MP Planta'!$A$2:$M$823,3,0),"") | C28: =+A28 -> 0 | D28: =IFERROR(VLOOKUP(H28,'[1]Consolidado MP Planta'!$A$2:$M$823,13,0),"") | E28: =IFERROR(VLOOKUP(H28,'[1]Consolidado MP Planta'!$A$2:$M$823,12,0),"") | F28: =IFERROR(C28*E28,"") | G28: =IFERROR(F28/$F$66,"")
B29: =IFERROR(VLOOKUP(H29,'[1]Consolidado MP Planta'!$A$2:$M$823,3,0),"") | C29: =+A29 -> 0 | D29: =IFERROR(VLOOKUP(H29,'[1]Consolidado MP Planta'!$A$2:$M$823,13,0),"") | E29: =IFERROR(VLOOKUP(H29,'[1]Consolidado MP Planta'!$A$2:$M$823,12,0),"") | F29: =IFERROR(C29*E29,"") | G29: =IFERROR(F29/$F$66,"")
B30: =IFERROR(VLOOKUP(H30,'[1]Consolidado MP Planta'!$A$2:$M$823,3,0),"") | C30: =+A30 -> 0 | D30: =IFERROR(VLOOKUP(H30,'[1]Consolidado MP Planta'!$A$2:$M$823,13,0),"") | E30: =IFERROR(VLOOKUP(H30,'[1]Consolidado MP Planta'!$A$2:$M$823,12,0),"") | F30: =IFERROR(C30*E30,"") | G30: =IFERROR(F30/$F$66,"")
B31: =IFERROR(VLOOKUP(H31,'[1]Consolidado MP Planta'!$A$2:$M$823,3,0),"") | C31: =+A31 -> 0 | D31: =IFERROR(VLOOKUP(H31,'[1]Consolidado MP Planta'!$A$2:$M$823,13,0),"") | E31: =IFERROR(VLOOKUP(H31,'[1]Consolidado MP Planta'!$A$2:$M$823,12,0),"") | F31: =IFERROR(C31*E31,"") | G31: =IFERROR(F31/$F$66,"")
B32: =IFERROR(VLOOKUP(H32,'[1]Consolidado MP Planta'!$A$2:$M$823,3,0),"") | C32: =+A32 -> 0 | D32: =IFERROR(VLOOKUP(H32,'[1]Consolidado MP Planta'!$A$2:$M$823,13,0),"") | E32: =IFERROR(VLOOKUP(H32,'[1]Consolidado MP Planta'!$A$2:$M$823,12,0),"") | F32: =IFERROR(C32*E32,"") | G32: =IFERROR(F32/$F$66,"")
A34: UNIDADES | B34: EMPAQUE SEMIELABORADOS | C34: UNIDADES | D34: UND MEDIDA | E34: COSTO UNITARIO | F34: TOTAL COSTO | G34: % PREC. DEFINIDO | H34: CODIGOS
A35: =+A17 -> 5100 | B35: =IFERROR(VLOOKUP(H35,[1]SEMIELABORADOS!$A$2:$M$6000,2,0),"") -> ALMIBAR KILO | C35: =+A35 -> 5100 | D35: =IFERROR(VLOOKUP(H35,[1]SEMIELABORADOS!$A$2:$M$6000,6,0),"") -> Gramo | E35: =IFERROR(VLOOKUP(H35,[1]SEMIELABORADOS!$A$2:$M$65536,10,0),"") -> 0.010250838 | F35: =IFERROR(E35*C35,"") -> 52.279274 | G35: =IFERROR(F35/$F$66,"") -> 0.0015097539 | H35: 908000021
A36: =+A18 -> 0 | B36: =IFERROR(VLOOKUP(H36,[1]SEMIELABORADOS!$A$2:$M$6000,2,0),"") | C36: =+A36 -> 0 | D36: =IFERROR(VLOOKUP(H36,[1]SEMIELABORADOS!$A$2:$M$6000,6,0),"") | E36: =IFERROR(VLOOKUP(H36,[1]SEMIELABORADOS!$A$2:$M$65536,10,0),"") | F36: =IFERROR(E36*C36,"") | G36: =IFERROR(F36/$F$66,"")
A37: =+A19 -> 0 | B37: =IFERROR(VLOOKUP(H37,[1]SEMIELABORADOS!$A$2:$M$6000,2,0),"") | C37: =+A37 -> 0 | D37: =IFERROR(VLOOKUP(H37,[1]SEMIELABORADOS!$A$2:$M$6000,6,0),"") | E37: =IFERROR(VLOOKUP(H37,[1]SEMIELABORADOS!$A$2:$M$65536,10,0),"") | F37: =IFERROR(E37*C37,"") | G37: =IFERROR(F37/$F$66,"")
A38: =+A20 -> 0 | B38: =IFERROR(VLOOKUP(H38,[1]SEMIELABORADOS!$A$2:$M$6000,2,0),"") | C38: =+A38 -> 0 | D38: =IFERROR(VLOOKUP(H38,[1]SEMIELABORADOS!$A$2:$M$6000,6,0),"") | E38: =IFERROR(VLOOKUP(H38,[1]SEMIELABORADOS!$A$2:$M$65536,10,0),"") | F38: =IFERROR(E38*C38,"") | G38: =IFERROR(F38/$F$66,"")
A39: =+A21 -> 0 | B39: =IFERROR(VLOOKUP(H39,[1]SEMIELABORADOS!$A$2:$M$6000,2,0),"") | C39: =+A39 -> 0 | D39: =IFERROR(VLOOKUP(H39,[1]SEMIELABORADOS!$A$2:$M$6000,6,0),"") | E39: =IFERROR(VLOOKUP(H39,[1]SEMIELABORADOS!$A$2:$M$65536,10,0),"") | F39: =IFERROR(E39*C39,"") | G39: =IFERROR(F39/$F$66,"")
A40: =+A22 -> 0 | B40: =IFERROR(VLOOKUP(H40,[1]SEMIELABORADOS!$A$2:$M$6000,2,0),"") | C40: =+A40 -> 0 | D40: =IFERROR(VLOOKUP(H40,[1]SEMIELABORADOS!$A$2:$M$6000,6,0),"") | E40: =IFERROR(VLOOKUP(H40,[1]SEMIELABORADOS!$A$2:$M$65536,10,0),"") | F40: =IFERROR(E40*C40,"") | G40: =IFERROR(F40/$F$66,"")
A41: =+A23 -> 0 | B41: =IFERROR(VLOOKUP(H41,[1]SEMIELABORADOS!$A$2:$M$6000,2,0),"") | C41: =+A41 -> 0 | D41: =IFERROR(VLOOKUP(H41,[1]SEMIELABORADOS!$A$2:$M$6000,6,0),"") | E41: =IFERROR(VLOOKUP(H41,[1]SEMIELABORADOS!$A$2:$M$65536,10,0),"") | F41: =IFERROR(E41*C41,"") | G41: =IFERROR(F41/$F$66,"")
A43: UNIDADES | B43: MODI | C43: UNIDADES | D43: UND MEDIDA | E43: COSTO UNITARIO | F43: TOTAL COSTO | G43: % PREC. DEFINIDO | H43: CODIGOS
A44: =+A35 -> 5100 | B44: =IFERROR(VLOOKUP(H44,[1]SEMIELABORADOS!$A$2:$M$6000,2,0),"") -> ALMIBAR KILO | C44: =+A44 -> 5100 | D44: =IFERROR(VLOOKUP(H44,[1]SEMIELABORADOS!$A$2:$M$6000,6,0),"") -> Gramo | E44: =IFERROR(VLOOKUP(H44,[1]SEMIELABORADOS!$A$2:$M$65536,12,0),"") -> 0.060354057 | F44: =IFERROR(E44*C44,"") -> 307.80569 | G44: =IFERROR(F44/$F$66,"") -> 0.0088890072 | H44: 908000021
A45: =+A36 -> 0 | B45: =IFERROR(VLOOKUP(H45,[1]SEMIELABORADOS!$A$2:$M$6000,2,0),"") | C45: =+A45 -> 0 | D45: =IFERROR(VLOOKUP(H45,[1]SEMIELABORADOS!$A$2:$M$6000,6,0),"") | E45: =IFERROR(VLOOKUP(H45,[1]SEMIELABORADOS!$A$2:$M$65536,12,0),"") | F45: =IFERROR(E45*C45,"") | G45: =IFERROR(F45/$F$66,"")
A46: =+A37 -> 0 | B46: =IFERROR(VLOOKUP(H46,[1]SEMIELABORADOS!$A$2:$M$6000,2,0),"") | C46: =+A46 -> 0 | D46: =IFERROR(VLOOKUP(H46,[1]SEMIELABORADOS!$A$2:$M$6000,6,0),"") | E46: =IFERROR(VLOOKUP(H46,[1]SEMIELABORADOS!$A$2:$M$65536,12,0),"") | F46: =IFERROR(E46*C46,"") | G46: =IFERROR(F46/$F$66,"")
A47: =+A38 -> 0 | B47: =IFERROR(VLOOKUP(H47,[1]SEMIELABORADOS!$A$2:$M$6000,2,0),"") | C47: =+A47 -> 0 | D47: =IFERROR(VLOOKUP(H47,[1]SEMIELABORADOS!$A$2:$M$6000,6,0),"") | E47: =IFERROR(VLOOKUP(H47,[1]SEMIELABORADOS!$A$2:$M$65536,12,0),"") | F47: =IFERROR(E47*C47,"") | G47: =IFERROR(F47/$F$66,"")
A48: =+A39 -> 0 | B48: =IFERROR(VLOOKUP(H48,[1]SEMIELABORADOS!$A$2:$M$6000,2,0),"") | C48: =+A48 -> 0 | D48: =IFERROR(VLOOKUP(H48,[1]SEMIELABORADOS!$A$2:$M$6000,6,0),"") | E48: =IFERROR(VLOOKUP(H48,[1]SEMIELABORADOS!$A$2:$M$65536,12,0),"") | F48: =IFERROR(E48*C48,"") | G48: =IFERROR(F48/$F$66,"")
A49: =+A40 -> 0 | B49: =IFERROR(VLOOKUP(H49,[1]SEMIELABORADOS!$A$2:$M$6000,2,0),"") | C49: =+A49 -> 0 | D49: =IFERROR(VLOOKUP(H49,[1]SEMIELABORADOS!$A$2:$M$6000,6,0),"") | E49: =IFERROR(VLOOKUP(H49,[1]SEMIELABORADOS!$A$2:$M$65536,12,0),"") | F49: =IFERROR(E49*C49,"") | G49: =IFERROR(F49/$F$66,"")
A50: =+A41 -> 0 | B50: =IFERROR(VLOOKUP(H50,[1]SEMIELABORADOS!$A$2:$M$6000,2,0),"") | C50: =+A50 -> 0 | D50: =IFERROR(VLOOKUP(H50,[1]SEMIELABORADOS!$A$2:$M$6000,6,0),"") | E50: =IFERROR(VLOOKUP(H50,[1]SEMIELABORADOS!$A$2:$M$65536,12,0),"") | F50: =IFERROR(E50*C50,"") | G50: =IFERROR(F50/$F$66,"")
A51: 1 | B51: MODI PREPARACION | C51: =+A51 -> 1 | D51: N/A | E51: =+F65 -> 385 | F51: =IFERROR(C51*E51,"") -> 385 | G51: =IFERROR(F51/$F$66,"") -> 0.011118273
B53: TOTAL MATERIA PRIMA | F53: =SUM(F8:F14,F17:F24) -> 33520 | G53: =+F53/$F$66 -> 0.96801174 | H53: =+F53/$D$60 -> 33520
B54: TOTAL EMPAQUE | F54: =SUM(F27:F32,F35:F41) -> 52.279274 | G54: =+F54/$F$66 -> 0.0015097539 | H54: =+F54/$D$60 -> 52.279274 | K54: TOTAL MATERIA PRIMA + EMPAQUE | O54: =+F55 -> 33572.279
B55: TOTAL MATERIAS P. + EMPAQUES | F55: =+F53+F54 -> 33572.279 | G55: =+F55/$F$66 -> 0.96952149 | H55: =+F55/$D$60 -> 33572.279 | M55: MODI PLANTA | O55: =+H56 -> 692.80569
C56: TOTAL MODI | F56: =SUM(F44:F51) -> 692.80569 | G56: =+F56/$F$66 -> 0.02000728 | H56: =+F56/$D$60 -> 692.80569 | M56: DESECHO | O56: =O54*N56 -> 0
M57: COSTO PLANTA | O57: =SUM(O54:O56) -> 34265.085
B58: GRAMOS | D58: 10000 | H58: =+H56/77 -> 8.9974765 | M58: % GIF | O58: =+H59 -> 746.79055
B59: PESO POR UNIDAD | D59: 10000 | H59: =+H58*83 -> 746.79055 | M59: COSTO PLANTA | O59: =SUM(O57:O58) -> 35011.876
B60: UNIDADES TOTALES | D60: =+D58/D59 -> 1 | O60: =+O59*N60 -> 0
B61: UNIDAD MEDIDA | K61: PRECIO DE VENTA PLANTA A LOCAL | O61: =SUM(O59:O60) -> 35011.876 | P61: GR
E62: S/ COSTO | F62: TOTAL | L62: UNIDAD | O62: =+O61/D60 -> 35011.876 | P62: =+O62/D59 -> 3.5011876
B63: TOTAL MATERIAS P. + EMPAQUES | E63: =+F63/F63 -> 1 | F63: =SUM(F55) -> 33572.279 | G63: =+F63/$F$66 -> 0.96952149
B64: DESECHOS Y PERDIDAS | E64: 0.02 | F64: =+F53*E64 -> 670.4 | G64: =+F64/$F$66 -> 0.019360235
B65: MANO OBRA DIRECTA | D65: 5 | E65: 77 | F65: =+E65*D65 -> 385 | G65: =+F65/$F$66 -> 0.011118273
B66: TOTAL COSTO PLANTA | F66: =SUM(F63:F65) -> 34627.679 | G66: =+F66/$F$66 -> 1 | M66: MODI 77 COLONES X MIN
M67: Gf 83 colones min
B68: COSTO POR GRAMO | M68: ,
B69: TOTAL COSTO MATERIA PRIMA | C69: =+F53 -> 33520 | D69: =+D58 -> 10000 | E69: =+C69/D69 -> 3.352
B71: TOTAL COSTO UNIDAD MP+DESECHO+EMPAQUE | C71: =SUM(F63:F64) -> 34242.679 | D71: =+D58 -> 10000 | E71: =+C71/D71 -> 3.4242679
B73: TOTAL MODI PREPARACION POR GRAMO | C73: =+F65 -> 385 | D73: =+D58 -> 10000 | E73: =+C73/D73 -> 0.0385
B74: TOTAL MODI POR GRAMO | C74: =+F56 -> 692.80569 | D74: =+D73 -> 10000 | E74: =+C74/D74 -> 0.069280569
B76: TOTAL EMPAQUE POR GRAMO | C76: =+F54 -> 52.279274 | D76: =+D74 -> 10000 | E76: =+C76/D76 -> 0.0052279274
B78: TOTAL GRAMO MP+MODI | E78: =+E69+E74 -> 3.4212806
B80: COSTO POR UNIDAD
B81: TOTAL COSTO MATERIA PRIMA | C81: =+C69 -> 33520 | D81: =+D60 -> 1 | E81: =+C81/D81 -> 33520
B83: TOTAL COSTO UNIDAD MP+DESECHO+EMPAQUE | C83: =+C71 -> 34242.679 | D83: =+D60 -> 1 | E83: =+C83/D83 -> 34242.679
B85: TOTAL MODI POR GRAMO | C85: =+C73 -> 385 | D85: =+D60 -> 1 | E85: =+C85/D85 -> 385
B86: TOTAL MODI POR GRAMO | C86: =+C74 -> 692.80569 | D86: =+D85 -> 1 | E86: =+C86/D86 -> 692.80569
